player_id,playstyle,tier,game_version
19541,Cross Claimer,base,FC26
19541,Footwork,base,FC26
20801,Acrobatic,base,FC26
20801,Aerial Fortress,base,FC26
20801,Gamechanger,base,FC26
20801,Low Driven Shot,base,FC26
20801,Precision Header,base,FC26
20801,Trickster,base,FC26
20801,Power Shot,plus,FC26
25798,Enforcer,base,FC26
25798,Precision Header,base,FC26
53110,Far Throw,base,FC26
53110,Footwork,base,FC26
70004,Press Proven,base,FC26
70017,Low Driven Shot,base,FC26
70065,Technical,base,FC26
70084,Anticipate,base,FC26
70104,Bruiser,base,FC26
70107,Dead Ball,base,FC26
70108,Block,base,FC26
70108,Intercept,base,FC26
70108,Jockey,base,FC26
70108,Whipped Pass,base,FC26
70114,Aerial Fortress,base,FC26
70114,Precision Header,base,FC26
70114,Relentless,base,FC26
70118,Footwork,base,FC26
70129,Inventive,base,FC26
70129,Long Ball Pass,base,FC26
70129,Press Proven,base,FC26
70129,Whipped Pass,base,FC26
70229,Aerial Fortress,base,FC26
70249,Precision Header,base,FC26
70252,Anticipate,base,FC26
70252,Block,base,FC26
70252,Intercept,base,FC26
70298,Aerial Fortress,base,FC26
70331,Technical,base,FC26
70334,Technical,base,FC26
70415,Gamechanger,base,FC26
70419,Aerial Fortress,base,FC26
70419,Precision Header,base,FC26
70419,Relentless,base,FC26
70441,Dead Ball,base,FC26
70496,Gamechanger,base,FC26
70497,First Touch,base,FC26
70497,Technical,base,FC26
70550,Quick Step,base,FC26
70569,Jockey,base,FC26
70571,Technical,base,FC26
70650,Gamechanger,base,FC26
70651,Technical,base,FC26
70651,Trickster,base,FC26
70693,Long Ball Pass,base,FC26
70726,First Touch,base,FC26
70726,Gamechanger,base,FC26
70726,Quick Step,base,FC26
70726,Trickster,base,FC26
70728,Incisive Pass,base,FC26
70728,Inventive,base,FC26
70728,Technical,base,FC26
70801,Quick Step,base,FC26
70810,Press Proven,base,FC26
70822,Whipped Pass,base,FC26
70832,Bruiser,base,FC26
70832,Jockey,base,FC26
70832,Relentless,base,FC26
70838,Press Proven,base,FC26
70841,Relentless,base,FC26
70888,Inventive,base,FC26
70902,Low Driven Shot,base,FC26
70902,Quick Step,base,FC26
70902,Rapid,base,FC26
70937,Long Ball Pass,base,FC26
70948,Relentless,base,FC26
70960,Quick Step,base,FC26
70960,Rapid,base,FC26
70971,Gamechanger,base,FC26
71013,Press Proven,base,FC26
71084,Precision Header,base,FC26
71103,Anticipate,base,FC26
71103,Intercept,base,FC26
71103,Jockey,base,FC26
71106,First Touch,base,FC26
71106,Technical,base,FC26
71110,Finesse Shot,base,FC26
71134,Rapid,base,FC26
71138,Aerial Fortress,base,FC26
71138,Precision Header,base,FC26
71140,Aerial Fortress,base,FC26
71141,Precision Header,base,FC26
71178,Low Driven Shot,base,FC26
71178,Technical,base,FC26
71205,Technical,base,FC26
71215,Gamechanger,base,FC26
71259,Bruiser,base,FC26
71259,Relentless,base,FC26
71263,Incisive Pass,base,FC26
71297,Gamechanger,base,FC26
71330,Aerial Fortress,base,FC26
71350,Long Ball Pass,base,FC26
71394,Bruiser,base,FC26
71401,Slide Tackle,base,FC26
71418,Quick Step,base,FC26
71474,Gamechanger,base,FC26
71474,Technical,base,FC26
71487,Aerial Fortress,base,FC26
71532,First Touch,base,FC26
71532,Technical,base,FC26
71532,Tiki Taka,base,FC26
71641,Footwork,base,FC26
71727,Anticipate,base,FC26
71727,Jockey,base,FC26
71727,Relentless,base,FC26
71858,Long Ball Pass,base,FC26
71864,Intercept,base,FC26
71998,Quick Step,base,FC26
72027,Slide Tackle,base,FC26
72093,Whipped Pass,base,FC26
72137,Jockey,base,FC26
72137,Whipped Pass,base,FC26
72138,Incisive Pass,base,FC26
72159,Press Proven,base,FC26
72284,Press Proven,base,FC26
72319,Technical,base,FC26
72354,Gamechanger,base,FC26
72360,Press Proven,base,FC26
72382,Intercept,base,FC26
72457,Precision Header,base,FC26
72611,Quick Step,base,FC26
72620,Aerial Fortress,base,FC26
72620,Precision Header,base,FC26
72656,Precision Header,base,FC26
72672,Far Throw,base,FC26
72754,Rapid,base,FC26
72755,Footwork,base,FC26
72758,Press Proven,base,FC26
72775,Gamechanger,base,FC26
72775,Precision Header,base,FC26
72775,Whipped Pass,base,FC26
72779,Enforcer,base,FC26
72817,Press Proven,base,FC26
72817,Trickster,base,FC26
72824,Relentless,base,FC26
72825,Quick Step,base,FC26
72825,Technical,base,FC26
72834,Anticipate,base,FC26
72834,Dead Ball,base,FC26
72834,Jockey,base,FC26
72845,Long Throw,base,FC26
72845,Relentless,base,FC26
72862,Inventive,base,FC26
72873,Long Ball Pass,base,FC26
72884,Aerial Fortress,base,FC26
72887,Aerial Fortress,base,FC26
72887,Anticipate,base,FC26
72891,Rapid,base,FC26
72899,Enforcer,base,FC26
72909,Long Throw,base,FC26
72916,Aerial Fortress,base,FC26
72916,Block,base,FC26
72916,Whipped Pass,base,FC26
72917,Cross Claimer,base,FC26
72923,Footwork,base,FC26
72937,Cross Claimer,base,FC26
72997,Finesse Shot,base,FC26
72997,Gamechanger,base,FC26
72997,Inventive,base,FC26
72997,Technical,base,FC26
72997,Trickster,base,FC26
73007,Enforcer,base,FC26
73039,Far Throw,base,FC26
73048,Whipped Pass,base,FC26
73050,Press Proven,base,FC26
73051,Intercept,base,FC26
73051,Press Proven,base,FC26
73057,Quick Step,base,FC26
73057,Technical,base,FC26
73067,Aerial Fortress,base,FC26
73068,Block,base,FC26
73068,Bruiser,base,FC26
73070,Bruiser,base,FC26
73070,Enforcer,base,FC26
73070,Precision Header,base,FC26
73078,Aerial Fortress,base,FC26
73083,Aerial Fortress,base,FC26
73083,Precision Header,base,FC26
73085,Dead Ball,base,FC26
73085,Press Proven,base,FC26
73086,Slide Tackle,base,FC26
73128,Aerial Fortress,base,FC26
73128,Long Ball Pass,base,FC26
73196,Aerial Fortress,base,FC26
73200,Block,base,FC26
73209,Press Proven,base,FC26
73238,Bruiser,base,FC26
73238,Long Throw,base,FC26
73238,Slide Tackle,base,FC26
73259,Aerial Fortress,base,FC26
73282,Precision Header,base,FC26
73288,Dead Ball,base,FC26
73288,Finesse Shot,base,FC26
73301,Incisive Pass,base,FC26
73307,Technical,base,FC26
73307,Trickster,base,FC26
73349,Precision Header,base,FC26
73369,Enforcer,base,FC26
73374,Enforcer,base,FC26
73374,Press Proven,base,FC26
73374,Relentless,base,FC26
73381,Press Proven,base,FC26
73398,Enforcer,base,FC26
73398,Finesse Shot,base,FC26
73398,First Touch,base,FC26
73398,Gamechanger,base,FC26
73398,Press Proven,base,FC26
73412,Precision Header,base,FC26
73413,Relentless,base,FC26
73413,Whipped Pass,base,FC26
73426,Technical,base,FC26
73449,Finesse Shot,base,FC26
73449,First Touch,base,FC26
73449,Gamechanger,base,FC26
73449,Power Shot,base,FC26
73449,Press Proven,base,FC26
73449,Trickster,base,FC26
73453,Long Ball Pass,base,FC26
73453,Whipped Pass,base,FC26
73456,Slide Tackle,base,FC26
73466,Aerial Fortress,base,FC26
73466,Anticipate,base,FC26
73466,Bruiser,base,FC26
73466,Intercept,base,FC26
73466,Jockey,base,FC26
73562,Deflector,base,FC26
73582,Rapid,base,FC26
73585,Inventive,base,FC26
73599,Quick Step,base,FC26
73599,Technical,base,FC26
73718,Whipped Pass,base,FC26
73846,Long Throw,base,FC26
73846,Slide Tackle,base,FC26
73846,Whipped Pass,base,FC26
73903,Acrobatic,base,FC26
73949,Enforcer,base,FC26
73964,Pinged Pass,base,FC26
73964,Power Shot,base,FC26
74067,Aerial Fortress,base,FC26
74136,Anticipate,base,FC26
74209,Dead Ball,base,FC26
74209,Whipped Pass,base,FC26
74233,Press Proven,base,FC26
74326,Quick Step,base,FC26
74328,Precision Header,base,FC26
74349,Quick Step,base,FC26
74351,Quick Step,base,FC26
74355,Quick Step,base,FC26
74359,Intercept,base,FC26
74406,Inventive,base,FC26
74431,Aerial Fortress,base,FC26
74431,Gamechanger,base,FC26
74431,Quick Step,base,FC26
74431,Rapid,base,FC26
74448,Block,base,FC26
74502,Jockey,base,FC26
74520,Slide Tackle,base,FC26
74536,Slide Tackle,base,FC26
74697,Aerial Fortress,base,FC26
74742,Rapid,base,FC26
74774,Aerial Fortress,base,FC26
74774,Press Proven,base,FC26
74862,Intercept,base,FC26
74862,Long Ball Pass,base,FC26
74862,Technical,base,FC26
74865,Precision Header,base,FC26
74866,Press Proven,base,FC26
74871,Bruiser,base,FC26
74879,Quick Step,base,FC26
74881,Aerial Fortress,base,FC26
74896,Bruiser,base,FC26
74896,Finesse Shot,base,FC26
74896,Power Shot,base,FC26
74896,Press Proven,base,FC26
74913,Technical,base,FC26
74913,Trickster,base,FC26
74921,Quick Step,base,FC26
74956,Press Proven,base,FC26
74956,Quick Step,base,FC26
74965,Bruiser,base,FC26
74980,Quick Step,base,FC26
75112,Precision Header,base,FC26
75343,Dead Ball,base,FC26
75519,Rapid,base,FC26
75598,Enforcer,base,FC26
75690,Enforcer,base,FC26
76313,Technical,base,FC26
76579,Enforcer,base,FC26
76687,Finesse Shot,base,FC26
76687,Inventive,base,FC26
76687,Quick Step,base,FC26
76687,Technical,base,FC26
76846,Enforcer,base,FC26
76863,Enforcer,base,FC26
76944,First Touch,base,FC26
76944,Inventive,base,FC26
76944,Technical,base,FC26
76945,Enforcer,base,FC26
77104,Quick Step,base,FC26
77152,Inventive,base,FC26
77163,Long Throw,base,FC26
77179,Power Shot,base,FC26
77179,Press Proven,base,FC26
77574,Relentless,base,FC26
77637,Relentless,base,FC26
77882,Aerial Fortress,base,FC26
77883,Whipped Pass,base,FC26
78063,Inventive,base,FC26
78261,First Touch,base,FC26
78340,Bruiser,base,FC26
78349,Rapid,base,FC26
78407,Precision Header,base,FC26
78414,Press Proven,base,FC26
78423,Finesse Shot,base,FC26
78423,Press Proven,base,FC26
78423,Tiki Taka,base,FC26
78426,Rapid,base,FC26
79002,Enforcer,base,FC26
79002,Precision Header,base,FC26
79007,Rapid,base,FC26
79082,Power Shot,base,FC26
79101,Inventive,base,FC26
79107,Finesse Shot,base,FC26
79107,Incisive Pass,base,FC26
79207,Acrobatic,base,FC26
79321,Enforcer,base,FC26
79338,Power Shot,base,FC26
79338,Technical,base,FC26
79402,Enforcer,base,FC26
79402,Precision Header,base,FC26
79746,Press Proven,base,FC26
79755,Finesse Shot,base,FC26
79755,Precision Header,base,FC26
80136,Enforcer,base,FC26
80170,Quick Step,base,FC26
80376,Quick Step,base,FC26
80376,Technical,base,FC26
132740,Footwork,base,FC26
142962,Footwork,base,FC26
143121,First Touch,base,FC26
143121,Incisive Pass,base,FC26
146296,Far Throw,base,FC26
146296,Rush Out,base,FC26
146562,Incisive Pass,base,FC26
146562,Inventive,base,FC26
146562,Long Ball Pass,base,FC26
146562,Technical,base,FC26
146562,Tiki Taka,base,FC26
146947,Aerial Fortress,base,FC26
146947,Bruiser,base,FC26
146952,Cross Claimer,base,FC26
150516,Dead Ball,base,FC26
150516,First Touch,base,FC26
150516,Gamechanger,base,FC26
150516,Power Shot,base,FC26
150525,Gamechanger,base,FC26
150525,Precision Header,base,FC26
152908,Jockey,base,FC26
153048,Dead Ball,base,FC26
153048,Incisive Pass,base,FC26
153048,Inventive,base,FC26
153060,Aerial Fortress,base,FC26
153060,Long Ball Pass,base,FC26
155355,First Touch,base,FC26
155355,Incisive Pass,base,FC26
155355,Tiki Taka,base,FC26
157407,Long Ball Pass,base,FC26
158023,Dead Ball,base,FC26
158023,Finesse Shot,base,FC26
158023,Gamechanger,base,FC26
158023,Incisive Pass,base,FC26
158023,Quick Step,base,FC26
158023,Technical,base,FC26
158023,Tiki Taka,plus,FC26
158625,Aerial Fortress,base,FC26
158625,Anticipate,base,FC26
158625,Block,base,FC26
158625,Bruiser,base,FC26
158625,Intercept,base,FC26
158784,Far Throw,base,FC26
162220,Cross Claimer,base,FC26
162220,Far Throw,base,FC26
162220,Footwork,base,FC26
162328,Cross Claimer,base,FC26
162347,Aerial Fortress,base,FC26
162347,Anticipate,base,FC26
162347,Gamechanger,base,FC26
162347,Inventive,base,FC26
162347,Precision Header,base,FC26
163264,Far Throw,base,FC26
163587,Deflector,base,FC26
163587,Footwork,base,FC26
163587,Long Ball Pass,base,FC26
163600,Cross Claimer,base,FC26
163600,Far Throw,base,FC26
164484,Cross Claimer,base,FC26
164505,Far Throw,base,FC26
164505,Footwork,base,FC26
164505,Long Ball Pass,base,FC26
165153,Finesse Shot,base,FC26
165153,First Touch,base,FC26
165153,Gamechanger,base,FC26
165153,Incisive Pass,base,FC26
165153,Relentless,base,FC26
165153,Low Driven Shot,plus,FC26
166539,Technical,base,FC26
166764,Cross Claimer,base,FC26
166764,Far Throw,base,FC26
166764,Footwork,base,FC26
166963,Far Throw,base,FC26
167435,Cross Claimer,base,FC26
167435,Long Ball Pass,base,FC26
167495,Far Throw,base,FC26
167495,Long Ball Pass,base,FC26
167495,Pinged Pass,plus,FC26
167512,Chip Shot,base,FC26
167512,Finesse Shot,base,FC26
167512,Precision Header,base,FC26
167948,Deflector,base,FC26
169115,Intercept,base,FC26
169115,Long Ball Pass,base,FC26
169498,Precision Header,base,FC26
169708,Bruiser,base,FC26
169708,Slide Tackle,base,FC26
169798,Cross Claimer,base,FC26
169798,Far Reach,base,FC26
171791,Aerial Fortress,base,FC26
171791,Slide Tackle,base,FC26
171923,Precision Header,base,FC26
172522,Dead Ball,base,FC26
172522,Intercept,base,FC26
172522,Long Ball Pass,base,FC26
172522,Pinged Pass,base,FC26
172522,Power Shot,base,FC26
172522,Slide Tackle,base,FC26
172553,Cross Claimer,base,FC26
172553,Far Throw,base,FC26
172553,Long Ball Pass,base,FC26
172723,Rush Out,base,FC26
173030,Gamechanger,base,FC26
173030,Inventive,base,FC26
173030,Tiki Taka,base,FC26
173373,Cross Claimer,base,FC26
173373,Deflector,base,FC26
173373,Far Throw,base,FC26
173426,Cross Claimer,base,FC26
173426,Footwork,base,FC26
173426,Long Ball Pass,base,FC26
173671,Bruiser,base,FC26
173734,Bruiser,base,FC26
173895,Footwork,base,FC26
175254,Enforcer,base,FC26
176048,Enforcer,base,FC26
176048,Precision Header,base,FC26
176094,Far Throw,base,FC26
176137,Precision Header,base,FC26
176246,Rapid,base,FC26
176580,Enforcer,base,FC26
176580,Gamechanger,base,FC26
176930,Pinged Pass,base,FC26
176930,Press Proven,base,FC26
176930,Tiki Taka,base,FC26
176994,Footwork,base,FC26
176994,Long Ball Pass,base,FC26
177003,Incisive Pass,base,FC26
177003,Long Ball Pass,base,FC26
177003,Technical,base,FC26
177003,Whipped Pass,base,FC26
177279,Relentless,base,FC26
177373,Aerial Fortress,base,FC26
177373,Slide Tackle,base,FC26
177413,Bruiser,base,FC26
177448,Bruiser,base,FC26
177448,Intercept,base,FC26
177448,Slide Tackle,base,FC26
177683,Far Reach,plus,FC26
177790,Aerial Fortress,base,FC26
177790,Long Throw,base,FC26
177922,First Touch,base,FC26
177922,Gamechanger,base,FC26
177922,Incisive Pass,base,FC26
177922,Inventive,base,FC26
177922,Low Driven Shot,base,FC26
178363,Cross Claimer,base,FC26
178363,Footwork,base,FC26
178509,Aerial Fortress,base,FC26
178509,Enforcer,base,FC26
178509,Gamechanger,base,FC26
178509,Precision Header,base,FC26
178562,Incisive Pass,base,FC26
178562,Inventive,base,FC26
178562,Long Ball Pass,base,FC26
178562,Press Proven,base,FC26
178562,Whipped Pass,base,FC26
178566,Far Throw,base,FC26
179543,Long Throw,base,FC26
179636,Whipped Pass,base,FC26
179746,Enforcer,base,FC26
179746,Precision Header,base,FC26
179752,Enforcer,base,FC26
179752,Precision Header,base,FC26
179752,Press Proven,base,FC26
179789,Anticipate,base,FC26
179947,Enforcer,base,FC26
179947,Precision Header,base,FC26
180283,Incisive Pass,base,FC26
180283,Long Ball Pass,base,FC26
180283,Pinged Pass,base,FC26
180283,Press Proven,base,FC26
180818,Finesse Shot,base,FC26
180818,First Touch,base,FC26
180818,Incisive Pass,base,FC26
180818,Low Driven Shot,base,FC26
180818,Technical,base,FC26
180903,Dead Ball,base,FC26
180903,Intercept,base,FC26
180903,Press Proven,base,FC26
180903,Relentless,base,FC26
180930,Finesse Shot,base,FC26
180930,Incisive Pass,base,FC26
180930,Low Driven Shot,base,FC26
180930,Technical,base,FC26
181291,Aerial Fortress,base,FC26
181291,Precision Header,base,FC26
181318,Aerial Fortress,base,FC26
181458,Dead Ball,base,FC26
181458,Gamechanger,base,FC26
181458,Inventive,base,FC26
181458,Whipped Pass,base,FC26
181468,Footwork,base,FC26
181872,Slide Tackle,base,FC26
182091,Low Driven Shot,base,FC26
182091,Rapid,base,FC26
182156,Slide Tackle,base,FC26
182206,Far Throw,base,FC26
182224,Far Throw,base,FC26
182224,Rush Out,base,FC26
182409,Block,base,FC26
182494,Cross Claimer,base,FC26
182494,Far Throw,base,FC26
182494,Long Ball Pass,base,FC26
182494,Rush Out,base,FC26
182520,Far Throw,base,FC26
182520,Long Ball Pass,base,FC26
182520,Rush Out,base,FC26
182896,Long Throw,base,FC26
183244,Cross Claimer,base,FC26
183244,Far Throw,base,FC26
183244,Footwork,base,FC26
183256,Aerial Fortress,base,FC26
183256,Dead Ball,base,FC26
183394,Aerial Fortress,base,FC26
183512,Slide Tackle,base,FC26
183540,Dead Ball,base,FC26
183540,Intercept,base,FC26
183540,Long Ball Pass,base,FC26
183540,Slide Tackle,base,FC26
183544,Technical,base,FC26
183569,Enforcer,base,FC26
183569,Technical,base,FC26
183711,Anticipate,base,FC26
183711,Incisive Pass,base,FC26
183711,Long Ball Pass,base,FC26
183807,Precision Header,base,FC26
183895,Technical,base,FC26
183895,Tiki Taka,base,FC26
183898,Chip Shot,base,FC26
183898,Finesse Shot,base,FC26
183898,Incisive Pass,base,FC26
183898,Inventive,base,FC26
183898,Long Ball Pass,base,FC26
183898,Technical,base,FC26
183898,Trickster,base,FC26
183966,Slide Tackle,base,FC26
184040,Cross Claimer,base,FC26
184111,Enforcer,base,FC26
184111,Precision Header,base,FC26
184167,Far Throw,base,FC26
184167,Footwork,base,FC26
184167,Long Ball Pass,base,FC26
184457,Precision Header,base,FC26
184901,Press Proven,base,FC26
184941,First Touch,base,FC26
184941,Technical,base,FC26
185068,Dead Ball,base,FC26
185068,Finesse Shot,base,FC26
185068,First Touch,base,FC26
185068,Incisive Pass,base,FC26
185068,Press Proven,base,FC26
185068,Whipped Pass,base,FC26
185122,Footwork,base,FC26
185144,Finesse Shot,base,FC26
185144,Gamechanger,base,FC26
185144,Incisive Pass,base,FC26
185422,Finesse Shot,base,FC26
185422,Rapid,base,FC26
185427,Far Throw,base,FC26
185427,Footwork,base,FC26
186101,Block,base,FC26
186101,Long Ball Pass,base,FC26
186122,Long Throw,base,FC26
186143,Aerial Fortress,base,FC26
186143,Anticipate,base,FC26
186143,Long Ball Pass,base,FC26
186143,Slide Tackle,base,FC26
186146,Enforcer,base,FC26
186148,Deflector,base,FC26
186153,Far Throw,base,FC26
186190,Long Throw,base,FC26
186296,Long Ball Pass,base,FC26
186345,Dead Ball,base,FC26
186345,Long Ball Pass,base,FC26
186345,Long Throw,base,FC26
186345,Whipped Pass,base,FC26
186508,Far Throw,base,FC26
186562,Enforcer,base,FC26
186562,Power Shot,base,FC26
186651,Whipped Pass,base,FC26
186680,Footwork,base,FC26
186695,Intercept,base,FC26
186783,Inventive,base,FC26
186942,First Touch,base,FC26
186942,Press Proven,base,FC26
186942,Tiki Taka,base,FC26
186998,Far Throw,base,FC26
186998,Footwork,base,FC26
187075,Chip Shot,base,FC26
187075,Finesse Shot,base,FC26
187075,Gamechanger,base,FC26
187132,Slide Tackle,base,FC26
187154,Aerial Fortress,base,FC26
187782,Aerial Fortress,base,FC26
187936,Aerial Fortress,base,FC26
187936,Long Ball Pass,base,FC26
187936,Precision Header,base,FC26
188091,Rapid,base,FC26
188154,Press Proven,base,FC26
188335,Enforcer,base,FC26
188335,Precision Header,base,FC26
188350,Chip Shot,base,FC26
188350,Finesse Shot,base,FC26
188350,First Touch,base,FC26
188350,Gamechanger,base,FC26
188377,Jockey,base,FC26
188377,Long Throw,base,FC26
188377,Power Shot,base,FC26
188377,Rapid,base,FC26
188400,Deflector,base,FC26
188400,Footwork,base,FC26
188400,Long Ball Pass,base,FC26
188524,Deflector,base,FC26
188537,Rapid,base,FC26
188538,Precision Header,base,FC26
188545,Finesse Shot,base,FC26
188545,First Touch,base,FC26
188545,Incisive Pass,base,FC26
188545,Low Driven Shot,base,FC26
188545,Power Shot,base,FC26
188545,Precision Header,base,FC26
188545,Chip Shot,plus,FC26
188554,Finesse Shot,base,FC26
188567,Chip Shot,base,FC26
188567,Finesse Shot,base,FC26
188567,Precision Header,base,FC26
188567,Rapid,base,FC26
188782,Precision Header,base,FC26
188803,Finesse Shot,base,FC26
188825,Aerial Fortress,base,FC26
188836,Footwork,base,FC26
188943,Far Throw,base,FC26
188943,Footwork,base,FC26
188968,Rush Out,base,FC26
188989,Long Throw,base,FC26
189021,Deflector,base,FC26
189021,Footwork,base,FC26
189060,Aerial Fortress,base,FC26
189060,Long Ball Pass,base,FC26
189060,Slide Tackle,base,FC26
189117,Far Reach,base,FC26
189117,Far Throw,base,FC26
189146,Far Throw,base,FC26
189153,Inventive,base,FC26
189155,Aerial Fortress,base,FC26
189155,Long Ball Pass,base,FC26
189155,Precision Header,base,FC26
189160,Finesse Shot,base,FC26
189160,Precision Header,base,FC26
189160,Whipped Pass,base,FC26
189221,Long Ball Pass,base,FC26
189221,Long Throw,base,FC26
189250,Enforcer,base,FC26
189271,Slide Tackle,base,FC26
189280,Long Ball Pass,base,FC26
189280,Relentless,base,FC26
189296,Cross Claimer,base,FC26
189303,Press Proven,base,FC26
189332,Anticipate,base,FC26
189332,Jockey,base,FC26
189332,Rapid,base,FC26
189357,Footwork,base,FC26
189462,Dead Ball,base,FC26
189462,Whipped Pass,base,FC26
189505,First Touch,base,FC26
189505,Gamechanger,base,FC26
189505,Incisive Pass,base,FC26
189505,Inventive,base,FC26
189505,Technical,base,FC26
189505,Tiki Taka,base,FC26
189511,Anticipate,base,FC26
189511,Incisive Pass,base,FC26
189511,Long Ball Pass,base,FC26
189511,Press Proven,base,FC26
189513,Aerial Fortress,base,FC26
189513,Long Ball Pass,base,FC26
189513,Pinged Pass,base,FC26
189513,Press Proven,base,FC26
189513,Dead Ball,plus,FC26
189558,Aerial Fortress,base,FC26
189558,Bruiser,base,FC26
189558,Long Ball Pass,base,FC26
189573,Finesse Shot,base,FC26
189573,Low Driven Shot,base,FC26
189596,Precision Header,base,FC26
189805,Aerial Fortress,base,FC26
189805,First Touch,base,FC26
189805,Precision Header,plus,FC26
189808,Precision Header,base,FC26
189860,Intercept,base,FC26
189881,Jockey,base,FC26
189908,Far Throw,base,FC26
190034,Long Ball Pass,base,FC26
190034,Precision Header,base,FC26
190059,Finesse Shot,base,FC26
190059,Gamechanger,base,FC26
190059,Incisive Pass,base,FC26
190059,Technical,base,FC26
190113,Cross Claimer,base,FC26
190113,Far Throw,base,FC26
190113,Footwork,base,FC26
190120,Footwork,base,FC26
190180,Long Throw,base,FC26
190195,Cross Claimer,base,FC26
190195,Footwork,base,FC26
190195,Long Ball Pass,base,FC26
190199,Aerial Fortress,base,FC26
190199,Dead Ball,base,FC26
190199,Intercept,base,FC26
190199,Power Shot,base,FC26
190199,Press Proven,base,FC26
190239,Jockey,base,FC26
190239,Relentless,base,FC26
190240,Intercept,base,FC26
190240,Jockey,base,FC26
190240,Slide Tackle,base,FC26
190243,Far Throw,base,FC26
190243,Long Ball Pass,base,FC26
190276,Aerial Fortress,base,FC26
190276,Block,base,FC26
190276,Long Ball Pass,base,FC26
190362,Finesse Shot,base,FC26
190560,Precision Header,base,FC26
190569,Far Throw,base,FC26
190569,Footwork,base,FC26
190583,Aerial Fortress,base,FC26
190583,Enforcer,base,FC26
190583,Precision Header,base,FC26
190592,Block,base,FC26
190592,Jockey,base,FC26
190620,Long Ball Pass,base,FC26
190620,Long Throw,base,FC26
190633,Bruiser,base,FC26
190633,Slide Tackle,base,FC26
190674,Aerial Fortress,base,FC26
190674,Intercept,base,FC26
190674,Long Ball Pass,base,FC26
190674,Precision Header,base,FC26
190745,Footwork,base,FC26
190765,Dead Ball,base,FC26
190765,Incisive Pass,base,FC26
190765,Long Ball Pass,base,FC26
190765,Whipped Pass,base,FC26
190815,Long Ball Pass,base,FC26
190868,Aerial Fortress,base,FC26
190868,Bruiser,base,FC26
190939,Chip Shot,base,FC26
190939,Precision Header,base,FC26
190941,Footwork,base,FC26
190962,Aerial Fortress,base,FC26
190962,Block,base,FC26
190962,Bruiser,base,FC26
190972,Gamechanger,base,FC26
190972,Inventive,base,FC26
190972,Technical,base,FC26
191058,Block,base,FC26
191058,Long Throw,base,FC26
191083,Aerial Fortress,base,FC26
191083,Precision Header,base,FC26
191153,Cross Claimer,base,FC26
191153,Deflector,base,FC26
191173,Long Ball Pass,base,FC26
191202,Aerial Fortress,base,FC26
191202,Bruiser,base,FC26
191202,Long Ball Pass,base,FC26
191202,Press Proven,base,FC26
191269,Long Ball Pass,base,FC26
191269,Press Proven,base,FC26
191269,Tiki Taka,base,FC26
191390,Slide Tackle,base,FC26
191572,Aerial Fortress,base,FC26
191572,Long Ball Pass,base,FC26
191628,Cross Claimer,base,FC26
191628,Far Throw,base,FC26
191648,Aerial Fortress,base,FC26
191730,Rapid,base,FC26
191740,Press Proven,base,FC26
191740,Relentless,base,FC26
191856,Chip Shot,base,FC26
191856,Enforcer,base,FC26
191856,Finesse Shot,base,FC26
191871,Block,base,FC26
191915,Anticipate,base,FC26
192102,Anticipate,base,FC26
192102,Block,base,FC26
192102,Jockey,base,FC26
192102,Long Throw,base,FC26
192102,Whipped Pass,base,FC26
192119,Far Throw,base,FC26
192119,Rush Out,base,FC26
192119,Cross Claimer,plus,FC26
192123,Aerial Fortress,base,FC26
192123,Enforcer,base,FC26
192123,Precision Header,base,FC26
192126,Gamechanger,base,FC26
192126,Precision Header,base,FC26
192129,Far Throw,base,FC26
192129,Long Ball Pass,base,FC26
192201,Cross Claimer,base,FC26
192231,Relentless,base,FC26
192241,Aerial Fortress,base,FC26
192241,Intercept,base,FC26
192241,Slide Tackle,base,FC26
192250,Bruiser,base,FC26
192318,First Touch,base,FC26
192318,Incisive Pass,base,FC26
192318,Tiki Taka,base,FC26
192318,Inventive,plus,FC26
192319,Long Ball Pass,base,FC26
192342,Incisive Pass,base,FC26
192342,Inventive,base,FC26
192366,Aerial Fortress,base,FC26
192366,Anticipate,base,FC26
192366,Bruiser,base,FC26
192366,Intercept,base,FC26
192366,Jockey,base,FC26
192366,Precision Header,base,FC26
192366,Slide Tackle,base,FC26
192387,Finesse Shot,base,FC26
192387,Power Shot,base,FC26
192387,Press Proven,base,FC26
192448,Footwork,base,FC26
192448,Long Ball Pass,base,FC26
192448,Rush Out,base,FC26
192450,Aerial Fortress,base,FC26
192450,Bruiser,base,FC26
192450,Enforcer,base,FC26
192450,Gamechanger,base,FC26
192450,Precision Header,base,FC26
192450,Press Proven,base,FC26
192451,Dead Ball,base,FC26
192451,Inventive,base,FC26
192451,Technical,base,FC26
192505,Enforcer,base,FC26
192505,Incisive Pass,base,FC26
192505,Low Driven Shot,base,FC26
192505,Power Shot,base,FC26
192505,Press Proven,base,FC26
192559,Block,base,FC26
192559,Long Throw,base,FC26
192563,Footwork,base,FC26
192563,Rush Out,base,FC26
192567,Aerial Fortress,base,FC26
192622,Aerial Fortress,base,FC26
192622,Precision Header,base,FC26
192629,Chip Shot,base,FC26
192629,Dead Ball,base,FC26
192629,Finesse Shot,base,FC26
192629,Incisive Pass,base,FC26
192629,Low Driven Shot,base,FC26
192636,Intercept,base,FC26
192641,Long Ball Pass,base,FC26
192658,Anticipate,base,FC26
192658,Slide Tackle,base,FC26
192658,Whipped Pass,base,FC26
192660,Aerial Fortress,base,FC26
192660,Enforcer,base,FC26
192678,Enforcer,base,FC26
192678,Precision Header,base,FC26
192679,Block,base,FC26
192679,Jockey,base,FC26
192679,Long Throw,base,FC26
192695,Jockey,base,FC26
192816,Anticipate,base,FC26
192816,Bruiser,base,FC26
192816,Long Ball Pass,base,FC26
192816,Long Throw,base,FC26
192816,Precision Header,base,FC26
192816,Slide Tackle,base,FC26
192840,Aerial Fortress,base,FC26
192840,Enforcer,base,FC26
192840,Precision Header,base,FC26
192840,Press Proven,base,FC26
192883,Anticipate,base,FC26
192883,Incisive Pass,base,FC26
192883,Inventive,base,FC26
192883,Jockey,base,FC26
192883,Relentless,base,FC26
192883,Technical,base,FC26
192955,Finesse Shot,base,FC26
192984,Footwork,base,FC26
192984,Long Ball Pass,base,FC26
192984,Rush Out,base,FC26
192985,Dead Ball,base,FC26
192985,Incisive Pass,base,FC26
192985,Inventive,base,FC26
192985,Pinged Pass,base,FC26
192985,Whipped Pass,plus,FC26
192991,Acrobatic,base,FC26
193011,Long Ball Pass,base,FC26
193080,Far Throw,base,FC26
193080,Footwork,base,FC26
193082,First Touch,base,FC26
193082,Rapid,base,FC26
193082,Trickster,base,FC26
193091,Block,base,FC26
193091,Precision Header,base,FC26
193105,Far Throw,base,FC26
193105,Footwork,base,FC26
193107,Far Throw,base,FC26
193107,Long Ball Pass,base,FC26
193107,Rush Out,base,FC26
193133,Long Throw,base,FC26
193143,Aerial Fortress,base,FC26
193143,Bruiser,base,FC26
193143,Long Ball Pass,base,FC26
193144,Inventive,base,FC26
193144,Technical,base,FC26
193177,Whipped Pass,base,FC26
193198,Aerial Fortress,base,FC26
193198,Power Shot,base,FC26
193241,Cross Claimer,base,FC26
193241,Footwork,base,FC26
193247,Footwork,base,FC26
193247,Long Ball Pass,base,FC26
193254,Dead Ball,base,FC26
193254,Long Throw,base,FC26
193254,Whipped Pass,base,FC26
193272,Far Throw,base,FC26
193272,Footwork,base,FC26
193272,Rush Out,base,FC26
193283,Aerial Fortress,base,FC26
193283,Bruiser,base,FC26
193283,Incisive Pass,base,FC26
193283,Precision Header,base,FC26
193283,Slide Tackle,base,FC26
193301,Finesse Shot,base,FC26
193301,Gamechanger,base,FC26
193301,Technical,base,FC26
193302,Footwork,base,FC26
193302,Rush Out,base,FC26
193331,Far Throw,base,FC26
193333,Intercept,base,FC26
193336,Cross Claimer,base,FC26
193348,Dead Ball,base,FC26
193348,Finesse Shot,base,FC26
193348,Gamechanger,base,FC26
193348,Incisive Pass,base,FC26
193348,Inventive,base,FC26
193348,Power Shot,base,FC26
193352,Long Throw,base,FC26
193359,Cross Claimer,base,FC26
193359,Far Throw,base,FC26
193440,Slide Tackle,base,FC26
193468,Anticipate,base,FC26
193468,Long Throw,base,FC26
193474,Aerial Fortress,base,FC26
193474,Intercept,base,FC26
193474,Slide Tackle,base,FC26
193476,Dead Ball,base,FC26
193476,First Touch,base,FC26
193476,Incisive Pass,base,FC26
193476,Technical,base,FC26
193476,Trickster,base,FC26
193532,Slide Tackle,base,FC26
193601,Intercept,base,FC26
193601,Long Ball Pass,base,FC26
193608,Aerial Fortress,base,FC26
193608,Block,base,FC26
193608,Precision Header,base,FC26
193608,Press Proven,base,FC26
193683,Relentless,base,FC26
193698,Deflector,base,FC26
193698,Footwork,base,FC26
193701,Chip Shot,base,FC26
193701,Press Proven,base,FC26
193713,Relentless,base,FC26
193747,Long Ball Pass,base,FC26
193747,Relentless,base,FC26
193768,Long Throw,base,FC26
193786,Far Reach,base,FC26
193786,Footwork,base,FC26
193794,Enforcer,base,FC26
193794,Precision Header,base,FC26
193881,Chip Shot,base,FC26
193881,Finesse Shot,base,FC26
193881,Technical,base,FC26
194017,Gamechanger,base,FC26
194017,Precision Header,base,FC26
194018,Enforcer,base,FC26
194018,Precision Header,base,FC26
194059,Dead Ball,base,FC26
194077,Bruiser,base,FC26
194077,Intercept,base,FC26
194077,Slide Tackle,base,FC26
194091,Dead Ball,base,FC26
194091,Incisive Pass,base,FC26
194091,Technical,base,FC26
194146,Aerial Fortress,base,FC26
194149,Aerial Fortress,base,FC26
194150,Far Throw,base,FC26
194201,Aerial Fortress,base,FC26
194201,Block,base,FC26
194201,Enforcer,base,FC26
194209,Finesse Shot,base,FC26
194209,Press Proven,base,FC26
194333,Footwork,base,FC26
194333,Long Ball Pass,base,FC26
194372,Far Throw,base,FC26
194431,Block,base,FC26
194730,Far Throw,base,FC26
194765,Finesse Shot,base,FC26
194765,Gamechanger,base,FC26
194765,Incisive Pass,base,FC26
194765,Inventive,base,FC26
194765,Long Ball Pass,base,FC26
194765,Technical,base,FC26
194765,Chip Shot,plus,FC26
194769,Power Shot,base,FC26
194911,Footwork,base,FC26
194925,Finesse Shot,base,FC26
194964,Whipped Pass,base,FC26
195033,Aerial Fortress,base,FC26
195033,First Touch,base,FC26
195033,Incisive Pass,base,FC26
195033,Technical,base,FC26
195037,Aerial Fortress,base,FC26
195037,Bruiser,base,FC26
195038,Dead Ball,base,FC26
195038,Incisive Pass,base,FC26
195038,Whipped Pass,base,FC26
195065,Aerial Fortress,base,FC26
195065,Inventive,base,FC26
195065,Long Ball Pass,base,FC26
195065,Long Throw,base,FC26
195065,Precision Header,base,FC26
195086,Aerial Fortress,base,FC26
195086,Jockey,base,FC26
195086,Slide Tackle,base,FC26
195126,Enforcer,base,FC26
195262,Enforcer,base,FC26
195262,Precision Header,base,FC26
195365,Slide Tackle,base,FC26
195365,Tiki Taka,base,FC26
195427,Aerial Fortress,base,FC26
195427,Power Shot,base,FC26
195427,Precision Header,base,FC26
195479,Dead Ball,base,FC26
195479,Long Ball Pass,base,FC26
195479,Relentless,base,FC26
195479,Whipped Pass,base,FC26
195668,Footwork,base,FC26
195864,Dead Ball,base,FC26
195864,Inventive,base,FC26
195864,Long Ball Pass,base,FC26
195864,Technical,base,FC26
196316,Far Throw,base,FC26
196316,Footwork,base,FC26
196318,Rapid,base,FC26
196432,Bruiser,base,FC26
196432,Intercept,base,FC26
196432,Jockey,base,FC26
196432,Slide Tackle,base,FC26
196885,Far Throw,base,FC26
196885,Footwork,base,FC26
196916,Aerial Fortress,base,FC26
196916,Long Ball Pass,base,FC26
196916,Power Shot,base,FC26
196916,Long Throw,plus,FC26
196952,Block,base,FC26
196953,Bruiser,base,FC26
197031,Dead Ball,base,FC26
197031,Finesse Shot,base,FC26
197031,Gamechanger,base,FC26
197170,Rapid,base,FC26
197240,Dead Ball,base,FC26
197240,Finesse Shot,base,FC26
197240,Incisive Pass,base,FC26
197240,Inventive,base,FC26
197391,Long Throw,base,FC26
197391,Whipped Pass,base,FC26
197445,Anticipate,base,FC26
197445,Dead Ball,base,FC26
197641,Footwork,base,FC26
197655,Aerial Fortress,base,FC26
197655,Long Ball Pass,base,FC26
197655,Slide Tackle,base,FC26
197756,Press Proven,base,FC26
197774,Finesse Shot,base,FC26
197781,Dead Ball,base,FC26
197781,Finesse Shot,base,FC26
197781,Gamechanger,base,FC26
197781,Incisive Pass,base,FC26
197781,Inventive,base,FC26
197781,Technical,base,FC26
197831,Block,base,FC26
197831,Slide Tackle,base,FC26
197860,Whipped Pass,base,FC26
197926,Long Ball Pass,base,FC26
197928,Footwork,base,FC26
197948,Aerial Fortress,base,FC26
197948,Dead Ball,base,FC26
197948,Intercept,base,FC26
197948,Long Ball Pass,base,FC26
197948,Precision Header,base,FC26
197965,First Touch,base,FC26
197965,Incisive Pass,base,FC26
197971,Enforcer,base,FC26
197971,Finesse Shot,base,FC26
197971,Gamechanger,base,FC26
197971,Inventive,base,FC26
198006,Long Ball Pass,base,FC26
198011,Enforcer,base,FC26
198024,Relentless,base,FC26
198024,Technical,base,FC26
198032,Aerial Fortress,base,FC26
198032,Precision Header,base,FC26
198046,Dead Ball,base,FC26
198046,Incisive Pass,base,FC26
198046,Intercept,base,FC26
198046,Long Ball Pass,base,FC26
198141,Slide Tackle,base,FC26
198143,Gamechanger,base,FC26
198143,Technical,base,FC26
198164,Dead Ball,base,FC26
198164,First Touch,base,FC26
198164,Incisive Pass,base,FC26
198164,Long Ball Pass,base,FC26
198164,Technical,base,FC26
198164,Tiki Taka,base,FC26
198176,Bruiser,base,FC26
198200,Incisive Pass,base,FC26
198200,Press Proven,base,FC26
198285,Far Throw,base,FC26
198331,Finesse Shot,base,FC26
198455,Long Throw,base,FC26
198489,Power Shot,base,FC26
198489,Slide Tackle,base,FC26
198489,Whipped Pass,base,FC26
198497,Aerial Fortress,base,FC26
198497,Block,base,FC26
198497,Bruiser,base,FC26
198497,Long Ball Pass,base,FC26
198513,Far Reach,base,FC26
198513,Far Throw,base,FC26
198513,Footwork,base,FC26
198538,Bruiser,base,FC26
198538,Long Throw,base,FC26
198543,Low Driven Shot,base,FC26
198543,Rapid,base,FC26
198599,Rapid,base,FC26
198599,Relentless,base,FC26
198599,Whipped Pass,base,FC26
198624,Long Throw,base,FC26
198628,Chip Shot,base,FC26
198628,Low Driven Shot,base,FC26
198628,Power Shot,base,FC26
198635,Quick Step,base,FC26
198635,Technical,base,FC26
198640,Finesse Shot,base,FC26
198640,Inventive,base,FC26
198640,Tiki Taka,base,FC26
198653,Footwork,base,FC26
198657,Slide Tackle,base,FC26
198704,Intercept,base,FC26
198717,Gamechanger,base,FC26
198717,Quick Step,base,FC26
198717,Technical,base,FC26
198717,Trickster,base,FC26
198776,Incisive Pass,base,FC26
198776,Technical,base,FC26
198811,Long Ball Pass,base,FC26
198836,Aerial Fortress,base,FC26
198836,Intercept,base,FC26
198857,Slide Tackle,base,FC26
198904,Bruiser,base,FC26
198904,Precision Header,base,FC26
198990,Aerial Fortress,base,FC26
198990,Precision Header,base,FC26
198990,Press Proven,base,FC26
199010,Block,base,FC26
199010,Bruiser,base,FC26
199027,Long Throw,base,FC26
199042,Inventive,base,FC26
199042,Slide Tackle,base,FC26
199051,Aerial Fortress,base,FC26
199051,Bruiser,base,FC26
199051,Precision Header,base,FC26
199088,Anticipate,base,FC26
199088,Rapid,base,FC26
199101,Footwork,base,FC26
199103,Deflector,base,FC26
199103,Far Throw,base,FC26
199110,Gamechanger,base,FC26
199110,Rapid,base,FC26
199151,Gamechanger,base,FC26
199151,Rapid,base,FC26
199158,Aerial Fortress,base,FC26
199158,Anticipate,base,FC26
199158,Bruiser,base,FC26
199158,Power Shot,base,FC26
199158,Press Proven,base,FC26
199159,Intercept,base,FC26
199159,Long Ball Pass,base,FC26
199174,Block,base,FC26
199174,Intercept,base,FC26
199183,Incisive Pass,base,FC26
199183,Tiki Taka,base,FC26
199189,Power Shot,base,FC26
199206,Anticipate,base,FC26
199206,Block,base,FC26
199206,Intercept,base,FC26
199206,Precision Header,base,FC26
199231,Bruiser,base,FC26
199231,Slide Tackle,base,FC26
199236,Bruiser,base,FC26
199236,Dead Ball,base,FC26
199236,Finesse Shot,base,FC26
199236,Whipped Pass,base,FC26
199247,Slide Tackle,base,FC26
199282,Aerial Fortress,base,FC26
199282,Intercept,base,FC26
199282,Jockey,base,FC26
199282,Slide Tackle,base,FC26
199386,Long Throw,base,FC26
199386,Precision Header,base,FC26
199393,Bruiser,base,FC26
199393,Jockey,base,FC26
199393,Precision Header,base,FC26
199393,Slide Tackle,base,FC26
199422,Anticipate,base,FC26
199422,Intercept,base,FC26
199422,Long Ball Pass,base,FC26
199422,Press Proven,base,FC26
199435,Block,base,FC26
199439,Finesse Shot,base,FC26
199439,Precision Header,base,FC26
199482,Footwork,base,FC26
199503,Aerial Fortress,base,FC26
199503,Bruiser,base,FC26
199503,Finesse Shot,base,FC26
199503,Incisive Pass,base,FC26
199503,Power Shot,base,FC26
199503,Long Ball Pass,plus,FC26
199562,Incisive Pass,base,FC26
199562,Long Ball Pass,base,FC26
199562,Press Proven,base,FC26
199568,Far Throw,base,FC26
199572,Finesse Shot,base,FC26
199572,Incisive Pass,base,FC26
199572,Long Ball Pass,base,FC26
199572,Technical,base,FC26
199627,Power Shot,base,FC26
199641,Far Reach,base,FC26
199652,Inventive,base,FC26
199652,Technical,base,FC26
199667,Precision Header,base,FC26
199667,Slide Tackle,base,FC26
199669,Block,base,FC26
199669,Jockey,base,FC26
199669,Long Ball Pass,base,FC26
199745,Precision Header,base,FC26
199745,Slide Tackle,base,FC26
199792,Inventive,base,FC26
199792,Technical,base,FC26
199812,Far Reach,base,FC26
199812,Footwork,base,FC26
199813,Anticipate,base,FC26
199813,Precision Header,base,FC26
199829,Aerial Fortress,base,FC26
199829,Dead Ball,base,FC26
199829,Long Ball Pass,base,FC26
199829,Power Shot,base,FC26
199833,Footwork,base,FC26
199845,Aerial Fortress,base,FC26
199845,Bruiser,base,FC26
199845,Long Ball Pass,base,FC26
199845,Precision Header,base,FC26
199845,Slide Tackle,base,FC26
199845,Intercept,plus,FC26
199890,Block,base,FC26
199890,Jockey,base,FC26
199890,Relentless,base,FC26
199897,Aerial Fortress,base,FC26
199897,Anticipate,base,FC26
199897,Press Proven,base,FC26
199897,Slide Tackle,base,FC26
199915,Long Ball Pass,base,FC26
199915,Pinged Pass,base,FC26
199915,Precision Header,base,FC26
199960,Acrobatic,base,FC26
199960,Intercept,base,FC26
199986,Bruiser,base,FC26
199986,Dead Ball,base,FC26
199986,Intercept,base,FC26
199986,Long Ball Pass,base,FC26
199986,Power Shot,base,FC26
199987,Deflector,base,FC26
200054,Bruiser,base,FC26
200059,Footwork,base,FC26
200094,Long Ball Pass,base,FC26
200094,Precision Header,base,FC26
200104,First Touch,base,FC26
200104,Gamechanger,base,FC26
200104,Low Driven Shot,base,FC26
200104,Whipped Pass,base,FC26
200104,Finesse Shot,plus,FC26
200110,Deflector,base,FC26
200110,Far Throw,base,FC26
200110,Footwork,base,FC26
200110,Long Ball Pass,base,FC26
200134,Finesse Shot,base,FC26
200134,Technical,base,FC26
200145,Aerial Fortress,base,FC26
200145,Block,base,FC26
200145,Bruiser,base,FC26
200145,Long Ball Pass,base,FC26
200145,Slide Tackle,base,FC26
200155,Aerial Fortress,base,FC26
200155,Incisive Pass,base,FC26
200155,Inventive,base,FC26
200155,Long Ball Pass,base,FC26
200155,Precision Header,base,FC26
200155,Press Proven,base,FC26
200159,Far Reach,base,FC26
200159,Footwork,base,FC26
200209,Footwork,base,FC26
200209,Rush Out,base,FC26
200223,Long Ball Pass,base,FC26
200260,Finesse Shot,base,FC26
200260,First Touch,base,FC26
200260,Incisive Pass,base,FC26
200260,Inventive,base,FC26
200260,Pinged Pass,base,FC26
200260,Whipped Pass,base,FC26
200294,Chip Shot,base,FC26
200294,Technical,base,FC26
200302,Aerial Fortress,base,FC26
200302,Relentless,base,FC26
200389,Far Reach,base,FC26
200389,Far Throw,base,FC26
200389,Cross Claimer,plus,FC26
200404,Low Driven Shot,base,FC26
200404,Press Proven,base,FC26
200425,Long Throw,base,FC26
200429,Gamechanger,base,FC26
200429,Rapid,base,FC26
200433,Enforcer,base,FC26
200440,Gamechanger,base,FC26
200458,Long Throw,base,FC26
200458,Whipped Pass,base,FC26
200471,Precision Header,base,FC26
200471,Press Proven,base,FC26
200473,Gamechanger,base,FC26
200519,Aerial Fortress,base,FC26
200519,Anticipate,base,FC26
200519,Bruiser,base,FC26
200519,Intercept,base,FC26
200519,Precision Header,base,FC26
200525,Cross Claimer,base,FC26
200525,Rush Out,base,FC26
200577,Bruiser,base,FC26
200577,Long Ball Pass,base,FC26
200577,Long Throw,base,FC26
200577,Whipped Pass,base,FC26
200588,Bruiser,base,FC26
200588,Jockey,base,FC26
200588,Slide Tackle,base,FC26
200601,Dead Ball,base,FC26
200601,Finesse Shot,base,FC26
200601,Incisive Pass,base,FC26
200601,Intercept,base,FC26
200601,Long Ball Pass,base,FC26
200610,Gamechanger,base,FC26
200610,Power Shot,base,FC26
200630,Finesse Shot,base,FC26
200633,Jockey,base,FC26
200667,First Touch,base,FC26
200667,Long Ball Pass,base,FC26
200667,Long Throw,base,FC26
200672,Aerial Fortress,base,FC26
200672,Long Ball Pass,base,FC26
200689,Block,base,FC26
200689,Long Throw,base,FC26
200689,Slide Tackle,base,FC26
200696,Far Throw,base,FC26
200697,Aerial Fortress,base,FC26
200697,Bruiser,base,FC26
200697,Precision Header,base,FC26
200713,Long Ball Pass,base,FC26
200713,Low Driven Shot,base,FC26
200724,Block,base,FC26
200724,Long Ball Pass,base,FC26
200726,Far Throw,base,FC26
200726,Footwork,base,FC26
200726,Long Ball Pass,base,FC26
200731,Aerial Fortress,base,FC26
200731,Bruiser,base,FC26
200731,Intercept,base,FC26
200731,Precision Header,base,FC26
200741,Aerial Fortress,base,FC26
200741,Block,base,FC26
200741,Slide Tackle,base,FC26
200746,Long Ball Pass,base,FC26
200746,Power Shot,base,FC26
200752,Long Ball Pass,base,FC26
200781,Long Throw,base,FC26
200806,Intercept,base,FC26
200806,Long Ball Pass,base,FC26
200806,Press Proven,base,FC26
200820,Whipped Pass,base,FC26
200840,Long Throw,base,FC26
200841,Long Throw,base,FC26
200844,Anticipate,base,FC26
200844,Jockey,base,FC26
200888,Bruiser,base,FC26
200888,Intercept,base,FC26
200888,Long Ball Pass,base,FC26
200888,Pinged Pass,base,FC26
200888,Precision Header,base,FC26
201024,Aerial Fortress,base,FC26
201024,Anticipate,base,FC26
201024,Block,base,FC26
201024,Bruiser,base,FC26
201024,Long Ball Pass,base,FC26
201041,Intercept,base,FC26
201042,Anticipate,base,FC26
201042,Jockey,base,FC26
201093,Slide Tackle,base,FC26
201095,Footwork,base,FC26
201114,Inventive,base,FC26
201114,Technical,base,FC26
201122,Aerial Fortress,base,FC26
201122,Block,base,FC26
201122,Intercept,base,FC26
201122,Long Throw,base,FC26
201122,Precision Header,base,FC26
201132,Aerial Fortress,base,FC26
201132,Long Ball Pass,base,FC26
201132,Slide Tackle,base,FC26
201143,Slide Tackle,base,FC26
201153,Enforcer,base,FC26
201153,Finesse Shot,base,FC26
201153,Rapid,base,FC26
201153,Relentless,base,FC26
201269,Cross Claimer,base,FC26
201301,Aerial Fortress,base,FC26
201301,Bruiser,base,FC26
201301,Intercept,base,FC26
201303,Technical,base,FC26
201303,Tiki Taka,base,FC26
201305,Intercept,base,FC26
201305,Slide Tackle,base,FC26
201335,Enforcer,base,FC26
201335,Precision Header,base,FC26
201346,Finesse Shot,base,FC26
201346,Technical,base,FC26
201368,Aerial Fortress,base,FC26
201368,Intercept,base,FC26
201368,Long Ball Pass,base,FC26
201368,Press Proven,base,FC26
201389,Dead Ball,base,FC26
201389,Long Throw,base,FC26
201399,Aerial Fortress,base,FC26
201399,Gamechanger,base,FC26
201399,Incisive Pass,base,FC26
201399,Low Driven Shot,base,FC26
201399,Chip Shot,plus,FC26
201438,Intercept,base,FC26
201447,Finesse Shot,base,FC26
201455,Anticipate,base,FC26
201455,Bruiser,base,FC26
201455,Jockey,base,FC26
201455,Power Shot,base,FC26
201505,Slide Tackle,base,FC26
201514,Acrobatic,base,FC26
201514,Precision Header,base,FC26
201528,Aerial Fortress,base,FC26
201528,Long Ball Pass,base,FC26
201528,Slide Tackle,base,FC26
201841,Aerial Fortress,base,FC26
201841,Anticipate,base,FC26
201841,Intercept,base,FC26
201841,Long Ball Pass,base,FC26
201841,Precision Header,base,FC26
201862,Bruiser,base,FC26
201862,Long Ball Pass,base,FC26
201862,Slide Tackle,base,FC26
201876,Finesse Shot,base,FC26
201876,Precision Header,base,FC26
201877,First Touch,base,FC26
201877,Inventive,base,FC26
201877,Relentless,base,FC26
201877,Technical,base,FC26
201884,Whipped Pass,base,FC26
201895,Technical,base,FC26
201901,Intercept,base,FC26
201901,Slide Tackle,base,FC26
201911,Power Shot,base,FC26
201940,Cross Claimer,base,FC26
201940,Far Throw,base,FC26
201943,Enforcer,base,FC26
201943,Precision Header,base,FC26
201955,Slide Tackle,base,FC26
201965,Incisive Pass,base,FC26
201967,Inventive,base,FC26
201967,Technical,base,FC26
201976,Rush Out,base,FC26
202014,Aerial Fortress,base,FC26
202014,Anticipate,base,FC26
202014,Block,base,FC26
202014,Intercept,base,FC26
202014,Jockey,base,FC26
202014,Long Ball Pass,base,FC26
202014,Slide Tackle,base,FC26
202024,Anticipate,base,FC26
202024,Block,base,FC26
202024,Intercept,base,FC26
202024,Relentless,base,FC26
202033,Whipped Pass,base,FC26
202078,Technical,base,FC26
202087,Dead Ball,base,FC26
202087,Long Ball Pass,base,FC26
202087,Pinged Pass,base,FC26
202087,Power Shot,base,FC26
202087,Slide Tackle,base,FC26
202088,Rapid,base,FC26
202089,Footwork,base,FC26
202113,Rapid,base,FC26
202125,Far Throw,base,FC26
202126,First Touch,base,FC26
202126,Gamechanger,base,FC26
202126,Long Ball Pass,base,FC26
202126,Low Driven Shot,base,FC26
202126,Precision Header,base,FC26
202126,Finesse Shot,plus,FC26
202151,Intercept,base,FC26
202151,Power Shot,base,FC26
202151,Slide Tackle,base,FC26
202157,Long Throw,base,FC26
202157,Low Driven Shot,base,FC26
202199,Far Throw,base,FC26
202201,Intercept,base,FC26
202201,Long Ball Pass,base,FC26
202208,Finesse Shot,base,FC26
202208,Long Ball Pass,base,FC26
202215,Cross Claimer,base,FC26
202215,Far Throw,base,FC26
202325,Slide Tackle,base,FC26
202331,Long Ball Pass,base,FC26
202335,Bruiser,base,FC26
202408,Bruiser,base,FC26
202457,Cross Claimer,base,FC26
202469,Cross Claimer,base,FC26
202489,Relentless,base,FC26
202515,Chip Shot,base,FC26
202515,Technical,base,FC26
202518,Dead Ball,base,FC26
202558,Finesse Shot,base,FC26
202648,Dead Ball,base,FC26
202648,Incisive Pass,base,FC26
202648,Inventive,base,FC26
202648,Long Ball Pass,base,FC26
202648,Pinged Pass,base,FC26
202648,Power Shot,base,FC26
202648,Press Proven,base,FC26
202651,Finesse Shot,base,FC26
202651,Incisive Pass,base,FC26
202651,Technical,base,FC26
202652,Finesse Shot,base,FC26
202652,Quick Step,base,FC26
202652,Rapid,base,FC26
202676,Low Driven Shot,base,FC26
202676,Precision Header,base,FC26
202678,Intercept,base,FC26
202678,Long Throw,base,FC26
202678,Relentless,base,FC26
202686,Gamechanger,base,FC26
202693,Precision Header,base,FC26
202695,Aerial Fortress,base,FC26
202695,Block,base,FC26
202695,Intercept,base,FC26
202695,Long Ball Pass,base,FC26
202731,Aerial Fortress,base,FC26
202770,Far Throw,base,FC26
202770,Long Ball Pass,base,FC26
202771,Dead Ball,base,FC26
202771,Long Ball Pass,base,FC26
202771,Long Throw,base,FC26
202771,Press Proven,base,FC26
202808,Intercept,base,FC26
202808,Tiki Taka,base,FC26
202811,Footwork,base,FC26
202811,Rush Out,base,FC26
202814,Rapid,base,FC26
202819,Incisive Pass,base,FC26
202819,Long Ball Pass,base,FC26
202819,Pinged Pass,base,FC26
202819,Technical,base,FC26
202848,First Touch,base,FC26
202848,Gamechanger,base,FC26
202848,Incisive Pass,base,FC26
202848,Inventive,base,FC26
202849,Bruiser,base,FC26
202849,Long Ball Pass,base,FC26
202851,First Touch,base,FC26
202855,Finesse Shot,base,FC26
202855,Gamechanger,base,FC26
202855,Precision Header,base,FC26
202873,Far Throw,base,FC26
202873,Footwork,base,FC26
202873,Long Ball Pass,base,FC26
202884,Rapid,base,FC26
202905,Aerial Fortress,base,FC26
202905,Technical,base,FC26
202978,Long Ball Pass,base,FC26
203002,Aerial Fortress,base,FC26
203002,Block,base,FC26
203030,Anticipate,base,FC26
203030,Pinged Pass,base,FC26
203034,Far Throw,base,FC26
203042,Deflector,base,FC26
203042,Footwork,base,FC26
203067,Bruiser,base,FC26
203067,Relentless,base,FC26
203067,Slide Tackle,base,FC26
203106,Finesse Shot,base,FC26
203106,Technical,base,FC26
203138,Block,base,FC26
203138,Intercept,base,FC26
203138,Slide Tackle,base,FC26
203161,Aerial Fortress,base,FC26
203161,Long Ball Pass,base,FC26
203161,Precision Header,base,FC26
203215,Footwork,base,FC26
203215,Long Ball Pass,base,FC26
203239,Cross Claimer,base,FC26
203263,Aerial Fortress,base,FC26
203264,Long Ball Pass,base,FC26
203264,Precision Header,base,FC26
203287,Acrobatic,base,FC26
203309,Finesse Shot,base,FC26
203328,Gamechanger,base,FC26
203328,Low Driven Shot,base,FC26
203328,Quick Step,base,FC26
203328,Relentless,base,FC26
203362,Gamechanger,base,FC26
203362,Incisive Pass,base,FC26
203362,Low Driven Shot,base,FC26
203362,Precision Header,base,FC26
203362,Technical,base,FC26
203363,Aerial Fortress,base,FC26
203363,Intercept,base,FC26
203363,Long Ball Pass,base,FC26
203363,Precision Header,base,FC26
203363,Slide Tackle,base,FC26
203368,Dead Ball,base,FC26
203376,Aerial Fortress,base,FC26
203376,Anticipate,base,FC26
203376,Bruiser,base,FC26
203376,Jockey,base,FC26
203376,Pinged Pass,base,FC26
203376,Precision Header,base,FC26
203376,Intercept,plus,FC26
203393,Aerial Fortress,base,FC26
203393,Bruiser,base,FC26
203393,Intercept,base,FC26
203415,Inventive,base,FC26
203415,Long Ball Pass,base,FC26
203423,Footwork,base,FC26
203423,Long Ball Pass,base,FC26
203428,Long Throw,base,FC26
203483,First Touch,base,FC26
203485,Long Throw,base,FC26
203485,Slide Tackle,base,FC26
203486,Technical,base,FC26
203500,Aerial Fortress,base,FC26
203500,Precision Header,base,FC26
203500,Slide Tackle,base,FC26
203502,Relentless,base,FC26
203505,Intercept,base,FC26
203535,Slide Tackle,base,FC26
203568,Precision Header,base,FC26
203574,Long Throw,base,FC26
203575,Relentless,base,FC26
203581,Rapid,base,FC26
203590,Bruiser,base,FC26
203615,Aerial Fortress,base,FC26
203615,Incisive Pass,base,FC26
203725,Finesse Shot,base,FC26
203725,Rapid,base,FC26
203733,Aerial Fortress,base,FC26
203741,Rapid,base,FC26
203741,Slide Tackle,base,FC26
203746,Aerial Fortress,base,FC26
203749,Block,base,FC26
203751,Long Throw,base,FC26
203754,Aerial Fortress,base,FC26
203754,Long Ball Pass,base,FC26
203780,Slide Tackle,base,FC26
203782,Intercept,base,FC26
203782,Jockey,base,FC26
203782,Long Ball Pass,base,FC26
203841,Footwork,base,FC26
203843,Bruiser,base,FC26
203843,Long Ball Pass,base,FC26
203843,Long Throw,base,FC26
203843,Slide Tackle,base,FC26
203864,Slide Tackle,base,FC26
203902,Dead Ball,base,FC26
203902,Finesse Shot,base,FC26
203902,Technical,base,FC26
203902,Tiki Taka,base,FC26
203980,First Touch,base,FC26
203980,Incisive Pass,base,FC26
203980,Inventive,base,FC26
203980,Technical,base,FC26
204007,Relentless,base,FC26
204007,Technical,base,FC26
204017,Long Throw,base,FC26
204017,Pinged Pass,base,FC26
204017,Relentless,base,FC26
204017,Whipped Pass,base,FC26
204033,Anticipate,base,FC26
204033,Long Throw,base,FC26
204033,Slide Tackle,base,FC26
204060,Dead Ball,base,FC26
204060,Finesse Shot,base,FC26
204060,Gamechanger,base,FC26
204060,Incisive Pass,base,FC26
204060,Low Driven Shot,base,FC26
204060,Power Shot,base,FC26
204078,Incisive Pass,base,FC26
204078,Technical,base,FC26
204082,Aerial Fortress,base,FC26
204082,Precision Header,base,FC26
204092,Cross Claimer,base,FC26
204105,Jockey,base,FC26
204105,Long Ball Pass,base,FC26
204105,Long Throw,base,FC26
204105,Relentless,base,FC26
204105,Whipped Pass,base,FC26
204111,Aerial Fortress,base,FC26
204125,Bruiser,base,FC26
204125,Long Throw,base,FC26
204152,Slide Tackle,base,FC26
204193,Block,base,FC26
204193,Slide Tackle,base,FC26
204211,Aerial Fortress,base,FC26
204211,Intercept,base,FC26
204211,Long Ball Pass,base,FC26
204219,Intercept,base,FC26
204234,Far Throw,base,FC26
204234,Footwork,base,FC26
204269,Deflector,base,FC26
204275,Long Ball Pass,base,FC26
204280,Dead Ball,base,FC26
204280,Enforcer,base,FC26
204297,Aerial Fortress,base,FC26
204297,Intercept,base,FC26
204297,Long Ball Pass,base,FC26
204297,Precision Header,base,FC26
204308,Footwork,base,FC26
204324,Whipped Pass,base,FC26
204353,Anticipate,base,FC26
204354,Footwork,base,FC26
204370,Aerial Fortress,base,FC26
204412,Aerial Fortress,base,FC26
204412,Intercept,base,FC26
204424,Cross Claimer,base,FC26
204424,Far Reach,base,FC26
204485,Dead Ball,base,FC26
204485,Finesse Shot,base,FC26
204485,First Touch,base,FC26
204485,Incisive Pass,base,FC26
204485,Inventive,base,FC26
204485,Low Driven Shot,base,FC26
204485,Technical,base,FC26
204497,Dead Ball,base,FC26
204497,Finesse Shot,base,FC26
204497,Incisive Pass,base,FC26
204497,Long Ball Pass,base,FC26
204497,Press Proven,base,FC26
204497,Relentless,base,FC26
204525,Long Ball Pass,base,FC26
204525,Slide Tackle,base,FC26
204529,Acrobatic,base,FC26
204529,Gamechanger,base,FC26
204539,Long Ball Pass,base,FC26
204539,Power Shot,base,FC26
204539,Rapid,base,FC26
204539,Whipped Pass,base,FC26
204542,First Touch,base,FC26
204542,Long Throw,base,FC26
204542,Power Shot,base,FC26
204542,Press Proven,base,FC26
204542,Tiki Taka,base,FC26
204549,Cross Claimer,base,FC26
204549,Footwork,base,FC26
204612,Aerial Fortress,base,FC26
204638,Aerial Fortress,base,FC26
204638,Bruiser,base,FC26
204638,Block,plus,FC26
204639,Aerial Fortress,base,FC26
204639,Precision Header,base,FC26
204684,Chip Shot,base,FC26
204687,Long Throw,base,FC26
204688,Long Ball Pass,base,FC26
204688,Precision Header,base,FC26
204691,Press Proven,base,FC26
204699,First Touch,base,FC26
204699,Technical,base,FC26
204709,Long Ball Pass,base,FC26
204709,Precision Header,base,FC26
204738,Precision Header,base,FC26
204738,Rapid,base,FC26
204776,Aerial Fortress,base,FC26
204776,Block,base,FC26
204776,Bruiser,base,FC26
204776,Long Ball Pass,base,FC26
204776,Slide Tackle,base,FC26
204785,Low Driven Shot,base,FC26
204816,Precision Header,base,FC26
204838,Acrobatic,base,FC26
204838,Enforcer,base,FC26
204838,Gamechanger,base,FC26
204842,Far Throw,base,FC26
204842,Footwork,base,FC26
204850,Gamechanger,base,FC26
204850,Low Driven Shot,base,FC26
204850,Technical,base,FC26
204860,Aerial Fortress,base,FC26
204870,Aerial Fortress,base,FC26
204882,Finesse Shot,base,FC26
204882,Rapid,base,FC26
204883,Footwork,base,FC26
204883,Long Ball Pass,base,FC26
204923,Pinged Pass,base,FC26
204923,Power Shot,base,FC26
204935,Far Throw,base,FC26
204935,Footwork,base,FC26
204935,Long Ball Pass,base,FC26
204936,Block,base,FC26
204936,Long Ball Pass,base,FC26
204963,Block,base,FC26
204963,Relentless,base,FC26
204963,Whipped Pass,base,FC26
204970,Dead Ball,base,FC26
204970,Finesse Shot,base,FC26
204970,Technical,base,FC26
204979,Relentless,base,FC26
204979,Whipped Pass,base,FC26
205019,Jockey,base,FC26
205019,Rapid,base,FC26
205054,Anticipate,base,FC26
205054,Long Ball Pass,base,FC26
205083,Dead Ball,base,FC26
205083,Finesse Shot,base,FC26
205083,Long Ball Pass,base,FC26
205083,Press Proven,base,FC26
205083,Whipped Pass,base,FC26
205089,Incisive Pass,base,FC26
205089,Long Ball Pass,base,FC26
205089,Pinged Pass,base,FC26
205089,Whipped Pass,base,FC26
205119,Dead Ball,base,FC26
205119,Finesse Shot,base,FC26
205119,First Touch,base,FC26
205119,Incisive Pass,base,FC26
205119,Power Shot,base,FC26
205119,Press Proven,base,FC26
205139,Bruiser,base,FC26
205139,Long Ball Pass,base,FC26
205157,Press Proven,base,FC26
205159,Precision Header,base,FC26
205175,Power Shot,base,FC26
205186,Cross Claimer,base,FC26
205186,Footwork,base,FC26
205192,Technical,base,FC26
205201,Aerial Fortress,base,FC26
205201,Slide Tackle,base,FC26
205210,Long Ball Pass,base,FC26
205210,Slide Tackle,base,FC26
205210,Tiki Taka,base,FC26
205211,Cross Claimer,base,FC26
205211,Far Throw,base,FC26
205214,Dead Ball,base,FC26
205214,Long Ball Pass,base,FC26
205214,Power Shot,base,FC26
205214,Rapid,base,FC26
205214,Whipped Pass,base,FC26
205255,Gamechanger,base,FC26
205255,Low Driven Shot,base,FC26
205278,Jockey,base,FC26
205288,Far Reach,base,FC26
205288,Far Throw,base,FC26
205291,Dead Ball,base,FC26
205291,Long Ball Pass,base,FC26
205347,Aerial Fortress,base,FC26
205347,Slide Tackle,base,FC26
205363,Aerial Fortress,base,FC26
205363,Intercept,base,FC26
205363,Long Ball Pass,base,FC26
205369,Intercept,base,FC26
205369,Inventive,base,FC26
205369,Long Ball Pass,base,FC26
205369,Press Proven,base,FC26
205369,Relentless,base,FC26
205369,Slide Tackle,base,FC26
205377,Footwork,base,FC26
205377,Rush Out,base,FC26
205391,Press Proven,base,FC26
205393,Block,base,FC26
205401,Dead Ball,base,FC26
205401,Finesse Shot,base,FC26
205401,First Touch,base,FC26
205401,Gamechanger,base,FC26
205401,Inventive,base,FC26
205401,Technical,base,FC26
205402,Finesse Shot,base,FC26
205407,Power Shot,base,FC26
205431,Precision Header,base,FC26
205452,Block,base,FC26
205452,Bruiser,base,FC26
205452,Jockey,base,FC26
205452,Long Ball Pass,base,FC26
205452,Aerial Fortress,plus,FC26
205530,Far Throw,base,FC26
205530,Footwork,base,FC26
205530,Long Ball Pass,base,FC26
205531,Gamechanger,base,FC26
205531,Inventive,base,FC26
205551,Anticipate,base,FC26
205551,Block,base,FC26
205551,Jockey,base,FC26
205554,Cross Claimer,base,FC26
205569,Pinged Pass,base,FC26
205569,Whipped Pass,base,FC26
205569,Dead Ball,plus,FC26
205584,Precision Header,base,FC26
205596,Intercept,base,FC26
205596,Precision Header,base,FC26
205598,Long Ball Pass,base,FC26
205633,Chip Shot,base,FC26
205633,Press Proven,base,FC26
205678,Dead Ball,base,FC26
205678,First Touch,base,FC26
205678,Inventive,base,FC26
205678,Rapid,base,FC26
205678,Whipped Pass,base,FC26
205686,Dead Ball,base,FC26
205686,Finesse Shot,base,FC26
205686,First Touch,base,FC26
205686,Incisive Pass,base,FC26
205686,Inventive,base,FC26
205686,Long Ball Pass,base,FC26
205691,Long Ball Pass,base,FC26
205691,Long Throw,base,FC26
205691,Relentless,base,FC26
205693,Acrobatic,base,FC26
205693,Enforcer,base,FC26
205693,First Touch,base,FC26
205693,Gamechanger,base,FC26
205693,Precision Header,base,FC26
205726,Press Proven,base,FC26
205726,Relentless,base,FC26
205756,Long Throw,base,FC26
205756,Precision Header,base,FC26
205756,Slide Tackle,base,FC26
205759,Deflector,base,FC26
205759,Footwork,base,FC26
205812,Footwork,base,FC26
205812,Rush Out,base,FC26
205818,Long Ball Pass,base,FC26
205850,Aerial Fortress,base,FC26
205855,First Touch,base,FC26
205869,Rapid,base,FC26
205878,Footwork,base,FC26
205892,Aerial Fortress,base,FC26
205895,Jockey,base,FC26
205895,Long Ball Pass,base,FC26
205895,Slide Tackle,base,FC26
205923,Block,base,FC26
205939,Whipped Pass,base,FC26
205943,Aerial Fortress,base,FC26
205953,Bruiser,base,FC26
205953,Pinged Pass,base,FC26
205953,Relentless,base,FC26
205966,Finesse Shot,base,FC26
205966,Inventive,base,FC26
205966,Technical,base,FC26
205972,Aerial Fortress,base,FC26
205976,Precision Header,base,FC26
205983,Aerial Fortress,base,FC26
205988,Jockey,base,FC26
205990,Slide Tackle,base,FC26
205995,Long Throw,base,FC26
206075,Deflector,base,FC26
206083,Inventive,base,FC26
206083,Technical,base,FC26
206085,Whipped Pass,base,FC26
206089,Aerial Fortress,base,FC26
206113,Gamechanger,base,FC26
206113,Technical,base,FC26
206134,Quick Step,base,FC26
206134,Rapid,base,FC26
206159,Anticipate,base,FC26
206159,Long Throw,base,FC26
206170,Aerial Fortress,base,FC26
206170,Intercept,base,FC26
206170,Jockey,base,FC26
206171,Bruiser,base,FC26
206171,Jockey,base,FC26
206171,Slide Tackle,base,FC26
206202,Jockey,base,FC26
206202,Slide Tackle,base,FC26
206218,Footwork,base,FC26
206222,Aerial Fortress,base,FC26
206222,Bruiser,base,FC26
206222,Long Ball Pass,base,FC26
206222,Precision Header,base,FC26
206254,Aerial Fortress,base,FC26
206254,Jockey,base,FC26
206254,Power Shot,base,FC26
206254,Precision Header,base,FC26
206254,Rapid,base,FC26
206307,Cross Claimer,base,FC26
206307,Far Throw,base,FC26
206408,Aerial Fortress,base,FC26
206408,Enforcer,base,FC26
206413,Slide Tackle,base,FC26
206436,Finesse Shot,base,FC26
206436,Incisive Pass,base,FC26
206436,Technical,base,FC26
206467,Finesse Shot,base,FC26
206467,First Touch,base,FC26
206467,Incisive Pass,base,FC26
206467,Inventive,base,FC26
206467,Precision Header,base,FC26
206467,Technical,base,FC26
206485,Aerial Fortress,base,FC26
206485,Intercept,base,FC26
206485,Long Ball Pass,base,FC26
206511,Dead Ball,base,FC26
206511,Gamechanger,base,FC26
206511,Long Ball Pass,base,FC26
206511,Power Shot,plus,FC26
206517,Finesse Shot,base,FC26
206517,First Touch,base,FC26
206517,Inventive,base,FC26
206517,Press Proven,plus,FC26
206522,Slide Tackle,base,FC26
206535,Relentless,base,FC26
206536,Precision Header,base,FC26
206536,Slide Tackle,base,FC26
206555,Far Throw,base,FC26
206555,Footwork,base,FC26
206555,Long Ball Pass,base,FC26
206558,Aerial Fortress,base,FC26
206558,Finesse Shot,base,FC26
206558,Gamechanger,base,FC26
206561,Cross Claimer,base,FC26
206561,Footwork,base,FC26
206562,Aerial Fortress,base,FC26
206565,Finesse Shot,base,FC26
206565,Technical,base,FC26
206566,Cross Claimer,base,FC26
206566,Footwork,base,FC26
206566,Long Ball Pass,base,FC26
206585,Footwork,base,FC26
206590,Press Proven,base,FC26
206590,Tiki Taka,base,FC26
206591,Jockey,base,FC26
206591,Whipped Pass,base,FC26
206606,Aerial Fortress,base,FC26
206606,Enforcer,base,FC26
206606,Precision Header,base,FC26
206626,Enforcer,base,FC26
206626,Low Driven Shot,base,FC26
206626,Precision Header,base,FC26
206653,Low Driven Shot,base,FC26
206653,Relentless,base,FC26
206654,Intercept,base,FC26
206654,Long Ball Pass,base,FC26
206654,Precision Header,base,FC26
207410,Incisive Pass,base,FC26
207410,Press Proven,base,FC26
207421,Whipped Pass,base,FC26
207431,Anticipate,base,FC26
207439,Aerial Fortress,base,FC26
207439,Long Ball Pass,base,FC26
207439,Tiki Taka,base,FC26
207440,Finesse Shot,base,FC26
207440,Rapid,base,FC26
207441,Chip Shot,base,FC26
207441,Dead Ball,base,FC26
207441,First Touch,base,FC26
207441,Technical,base,FC26
207454,First Touch,base,FC26
207454,Inventive,base,FC26
207454,Low Driven Shot,base,FC26
207454,Technical,base,FC26
207471,Chip Shot,base,FC26
207471,Finesse Shot,base,FC26
207471,First Touch,base,FC26
207471,Incisive Pass,base,FC26
207471,Long Ball Pass,base,FC26
207471,Technical,base,FC26
207494,Acrobatic,base,FC26
207494,Inventive,base,FC26
207494,Technical,base,FC26
207494,Tiki Taka,base,FC26
207502,Anticipate,base,FC26
207502,Jockey,base,FC26
207502,Slide Tackle,base,FC26
207513,Aerial Fortress,base,FC26
207528,Cross Claimer,base,FC26
207554,Incisive Pass,base,FC26
207554,Pinged Pass,base,FC26
207554,Relentless,base,FC26
207554,Technical,base,FC26
207554,Tiki Taka,base,FC26
207589,Cross Claimer,base,FC26
207599,Long Ball Pass,base,FC26
207606,Footwork,base,FC26
207616,Anticipate,base,FC26
207620,Long Ball Pass,base,FC26
207622,Long Ball Pass,base,FC26
207633,Footwork,base,FC26
207633,Rush Out,base,FC26
207641,Dead Ball,base,FC26
207641,Rapid,base,FC26
207650,Long Throw,base,FC26
207715,Chip Shot,base,FC26
207715,Finesse Shot,base,FC26
207715,First Touch,base,FC26
207715,Gamechanger,base,FC26
207715,Technical,base,FC26
207725,Aerial Fortress,base,FC26
207725,Long Ball Pass,base,FC26
207725,Precision Header,base,FC26
207730,Finesse Shot,base,FC26
207730,Technical,base,FC26
207732,Finesse Shot,base,FC26
207733,Long Ball Pass,base,FC26
207740,Quick Step,base,FC26
207740,Rapid,base,FC26
207790,First Touch,base,FC26
207790,Pinged Pass,base,FC26
207791,Enforcer,base,FC26
207828,Low Driven Shot,base,FC26
207828,Power Shot,base,FC26
207828,Precision Header,base,FC26
207858,Precision Header,base,FC26
207862,Aerial Fortress,base,FC26
207862,Pinged Pass,base,FC26
207862,Anticipate,plus,FC26
207865,Aerial Fortress,base,FC26
207865,Anticipate,base,FC26
207865,Jockey,base,FC26
207865,Intercept,plus,FC26
207868,Anticipate,base,FC26
207877,Precision Header,base,FC26
207897,Anticipate,base,FC26
207897,Bruiser,base,FC26
207926,Far Throw,base,FC26
207935,Far Throw,base,FC26
207935,Footwork,base,FC26
207935,Long Ball Pass,base,FC26
207948,Finesse Shot,base,FC26
207948,Incisive Pass,base,FC26
207948,Technical,base,FC26
207956,Press Proven,base,FC26
207993,Anticipate,base,FC26
207993,Jockey,base,FC26
208014,Precision Header,base,FC26
208024,Long Throw,base,FC26
208047,Quick Step,base,FC26
208047,Rapid,base,FC26
208052,Slide Tackle,base,FC26
208053,First Touch,base,FC26
208053,Technical,base,FC26
208054,Power Shot,base,FC26
208054,Technical,base,FC26
208063,Anticipate,base,FC26
208063,Dead Ball,base,FC26
208063,Incisive Pass,base,FC26
208063,Intercept,base,FC26
208063,Long Ball Pass,base,FC26
208093,Finesse Shot,base,FC26
208093,Power Shot,base,FC26
208128,Dead Ball,base,FC26
208128,First Touch,base,FC26
208128,Inventive,base,FC26
208128,Long Ball Pass,base,FC26
208128,Relentless,base,FC26
208128,Technical,base,FC26
208128,Incisive Pass,plus,FC26
208137,Aerial Fortress,base,FC26
208137,Intercept,base,FC26
208137,Press Proven,base,FC26
208159,Enforcer,base,FC26
208159,Relentless,base,FC26
208165,Aerial Fortress,base,FC26
208165,Intercept,base,FC26
208165,Long Ball Pass,base,FC26
208188,Aerial Fortress,base,FC26
208188,Bruiser,base,FC26
208188,Intercept,base,FC26
208188,Precision Header,base,FC26
208214,Far Throw,base,FC26
208214,Footwork,base,FC26
208224,First Touch,base,FC26
208224,Incisive Pass,base,FC26
208250,Pinged Pass,base,FC26
208250,Power Shot,base,FC26
208260,Incisive Pass,base,FC26
208260,Slide Tackle,base,FC26
208268,Aerial Fortress,base,FC26
208268,Precision Header,base,FC26
208297,Block,base,FC26
208297,Slide Tackle,base,FC26
208302,Low Driven Shot,base,FC26
208302,Power Shot,base,FC26
208302,Precision Header,base,FC26
208330,Inventive,base,FC26
208330,Long Ball Pass,base,FC26
208330,Pinged Pass,base,FC26
208330,Technical,base,FC26
208333,Long Ball Pass,base,FC26
208333,Pinged Pass,base,FC26
208333,Press Proven,base,FC26
208333,Slide Tackle,base,FC26
208333,Bruiser,plus,FC26
208335,Anticipate,base,FC26
208335,Bruiser,base,FC26
208335,Intercept,base,FC26
208335,Jockey,base,FC26
208364,Block,base,FC26
208364,Intercept,base,FC26
208364,Jockey,base,FC26
208375,Footwork,base,FC26
208418,Gamechanger,base,FC26
208418,Technical,base,FC26
208418,Whipped Pass,base,FC26
208424,Inventive,base,FC26
208432,Slide Tackle,base,FC26
208440,Aerial Fortress,base,FC26
208440,Long Ball Pass,base,FC26
208448,First Touch,base,FC26
208448,Incisive Pass,base,FC26
208448,Inventive,base,FC26
208448,Technical,base,FC26
208461,Aerial Fortress,base,FC26
208461,Intercept,base,FC26
208461,Long Ball Pass,base,FC26
208461,Relentless,base,FC26
208462,Block,base,FC26
208462,Slide Tackle,base,FC26
208470,Long Throw,base,FC26
208480,Long Ball Pass,base,FC26
208480,Relentless,base,FC26
208504,Dead Ball,base,FC26
208504,Gamechanger,base,FC26
208504,Incisive Pass,base,FC26
208504,Technical,base,FC26
208509,Whipped Pass,base,FC26
208520,Long Throw,base,FC26
208543,Technical,base,FC26
208564,Anticipate,base,FC26
208564,Jockey,base,FC26
208564,Rapid,base,FC26
208564,Whipped Pass,base,FC26
208573,Far Reach,base,FC26
208574,Rapid,base,FC26
208574,Whipped Pass,base,FC26
208590,Long Ball Pass,base,FC26
208596,Precision Header,base,FC26
208602,Aerial Fortress,base,FC26
208602,Long Ball Pass,base,FC26
208602,Long Throw,base,FC26
208602,Power Shot,base,FC26
208602,Press Proven,base,FC26
208602,Whipped Pass,base,FC26
208615,Aerial Fortress,base,FC26
208615,Long Ball Pass,base,FC26
208615,Precision Header,base,FC26
208620,Aerial Fortress,base,FC26
208620,Intercept,base,FC26
208620,Slide Tackle,base,FC26
208679,Footwork,base,FC26
208697,Far Throw,base,FC26
208697,Footwork,base,FC26
208722,Aerial Fortress,base,FC26
208722,Gamechanger,base,FC26
208722,Low Driven Shot,base,FC26
208722,Rapid,base,FC26
208769,Aerial Fortress,base,FC26
208769,Anticipate,base,FC26
208769,Intercept,base,FC26
208769,Long Ball Pass,base,FC26
208776,Cross Claimer,base,FC26
208776,Deflector,base,FC26
208787,Incisive Pass,base,FC26
208787,Pinged Pass,base,FC26
208787,Relentless,base,FC26
208812,Whipped Pass,base,FC26
208852,Power Shot,base,FC26
208852,Technical,base,FC26
208861,Long Ball Pass,base,FC26
208861,Relentless,base,FC26
208861,Slide Tackle,base,FC26
208892,Block,base,FC26
208919,Finesse Shot,base,FC26
208919,Incisive Pass,base,FC26
208919,Inventive,base,FC26
208919,Technical,base,FC26
208942,Aerial Fortress,base,FC26
208942,Slide Tackle,base,FC26
208965,Slide Tackle,base,FC26
209039,Gamechanger,base,FC26
209039,Technical,base,FC26
209061,Quick Step,base,FC26
209061,Rapid,base,FC26
209063,Bruiser,base,FC26
209063,Precision Header,base,FC26
209063,Slide Tackle,base,FC26
209166,Far Throw,base,FC26
209196,Aerial Fortress,base,FC26
209196,Intercept,base,FC26
209196,Jockey,base,FC26
209196,Long Ball Pass,base,FC26
209196,Precision Header,base,FC26
209196,Relentless,base,FC26
209210,Aerial Fortress,base,FC26
209210,Block,base,FC26
209210,Long Ball Pass,base,FC26
209210,Precision Header,base,FC26
209281,Technical,base,FC26
209289,Whipped Pass,base,FC26
209297,Inventive,base,FC26
209297,Relentless,plus,FC26
209315,Long Ball Pass,base,FC26
209315,Whipped Pass,base,FC26
209320,Long Ball Pass,base,FC26
209323,Aerial Fortress,base,FC26
209323,Precision Header,base,FC26
209331,First Touch,base,FC26
209331,Gamechanger,base,FC26
209331,Inventive,base,FC26
209331,Low Driven Shot,base,FC26
209331,Technical,base,FC26
209331,Whipped Pass,base,FC26
209331,Finesse Shot,plus,FC26
209335,Incisive Pass,base,FC26
209335,Whipped Pass,base,FC26
209359,Aerial Fortress,base,FC26
209361,Slide Tackle,base,FC26
209368,Dead Ball,base,FC26
209368,Power Shot,base,FC26
209369,Technical,base,FC26
209409,Quick Step,base,FC26
209417,Intercept,base,FC26
209417,Jockey,base,FC26
209417,Tiki Taka,base,FC26
209423,Far Throw,base,FC26
209493,Anticipate,base,FC26
209493,Block,base,FC26
209493,Jockey,base,FC26
209493,Long Throw,base,FC26
209499,Aerial Fortress,base,FC26
209499,Block,base,FC26
209499,Bruiser,base,FC26
209499,Power Shot,base,FC26
209499,Press Proven,base,FC26
209499,Slide Tackle,base,FC26
209504,Chip Shot,base,FC26
209504,Finesse Shot,base,FC26
209504,First Touch,base,FC26
209504,Gamechanger,base,FC26
209504,Incisive Pass,base,FC26
209504,Technical,base,FC26
209523,First Touch,base,FC26
209523,Quick Step,base,FC26
209523,Technical,base,FC26
209523,Tiki Taka,base,FC26
209532,Deflector,base,FC26
209532,Footwork,base,FC26
209547,Long Ball Pass,base,FC26
209597,Long Ball Pass,base,FC26
209613,Finesse Shot,base,FC26
209613,Low Driven Shot,base,FC26
209613,Precision Header,base,FC26
209618,Aerial Fortress,base,FC26
209618,Long Ball Pass,base,FC26
209620,Aerial Fortress,base,FC26
209620,Long Throw,base,FC26
209658,Aerial Fortress,base,FC26
209658,Bruiser,base,FC26
209658,Incisive Pass,base,FC26
209658,Power Shot,base,FC26
209658,Precision Header,base,FC26
209744,Anticipate,base,FC26
209744,Slide Tackle,base,FC26
209744,Whipped Pass,base,FC26
209761,Long Ball Pass,base,FC26
209761,Slide Tackle,base,FC26
209780,Finesse Shot,base,FC26
209780,Intercept,base,FC26
209780,Inventive,base,FC26
209816,Anticipate,base,FC26
209816,Long Ball Pass,base,FC26
209839,Aerial Fortress,base,FC26
209839,Intercept,base,FC26
209839,Jockey,base,FC26
209839,Long Ball Pass,base,FC26
209839,Precision Header,base,FC26
209846,Rapid,base,FC26
209846,Relentless,base,FC26
209846,Slide Tackle,base,FC26
209846,Whipped Pass,base,FC26
209886,Aerial Fortress,base,FC26
209886,Press Proven,base,FC26
209886,Tiki Taka,base,FC26
209888,First Touch,base,FC26
209888,Incisive Pass,base,FC26
209888,Long Ball Pass,base,FC26
209888,Power Shot,base,FC26
209888,Rapid,base,FC26
209888,Whipped Pass,base,FC26
209889,First Touch,base,FC26
209889,Intercept,base,FC26
209889,Technical,base,FC26
209889,Tiki Taka,base,FC26
209889,Inventive,plus,FC26
209957,Cross Claimer,base,FC26
209981,Cross Claimer,base,FC26
209981,Far Throw,base,FC26
209981,Footwork,base,FC26
209987,Far Throw,base,FC26
209987,Footwork,base,FC26
209987,Rush Out,base,FC26
209989,Long Throw,base,FC26
209989,Pinged Pass,base,FC26
209989,Press Proven,base,FC26
210004,Long Ball Pass,base,FC26
210004,Long Throw,base,FC26
210008,First Touch,base,FC26
210008,Precision Header,base,FC26
210008,Press Proven,base,FC26
210010,Slide Tackle,base,FC26
210021,First Touch,base,FC26
210021,Inventive,base,FC26
210021,Quick Step,base,FC26
210021,Technical,base,FC26
210035,Dead Ball,base,FC26
210035,Finesse Shot,base,FC26
210035,First Touch,base,FC26
210035,Inventive,base,FC26
210035,Whipped Pass,plus,FC26
210044,Aerial Fortress,base,FC26
210044,Block,base,FC26
210044,Long Ball Pass,base,FC26
210044,Precision Header,base,FC26
210047,Intercept,base,FC26
210047,Long Ball Pass,base,FC26
210047,Power Shot,base,FC26
210047,Precision Header,base,FC26
210134,Long Ball Pass,base,FC26
210136,Intercept,base,FC26
210136,Jockey,base,FC26
210205,Slide Tackle,base,FC26
210243,Long Ball Pass,base,FC26
210244,Finesse Shot,base,FC26
210257,Cross Claimer,base,FC26
210257,Pinged Pass,base,FC26
210257,Long Ball Pass,plus,FC26
210259,Aerial Fortress,base,FC26
210259,Precision Header,base,FC26
210263,Dead Ball,base,FC26
210263,Rapid,base,FC26
210321,Precision Header,base,FC26
210321,Technical,base,FC26
210324,Incisive Pass,base,FC26
210327,Cross Claimer,base,FC26
210327,Footwork,base,FC26
210358,Cross Claimer,base,FC26
210358,Far Throw,base,FC26
210368,Cross Claimer,base,FC26
210377,Incisive Pass,base,FC26
210377,Inventive,base,FC26
210377,Technical,base,FC26
210385,Deflector,base,FC26
210385,Footwork,base,FC26
210386,Rapid,base,FC26
210389,Rapid,base,FC26
210392,Aerial Fortress,base,FC26
210406,Technical,base,FC26
210411,First Touch,base,FC26
210411,Incisive Pass,base,FC26
210411,Pinged Pass,base,FC26
210411,Relentless,base,FC26
210411,Technical,base,FC26
210411,Tiki Taka,base,FC26
210413,Aerial Fortress,base,FC26
210413,Anticipate,base,FC26
210413,Bruiser,base,FC26
210422,Cross Claimer,base,FC26
210423,Gamechanger,base,FC26
210423,Incisive Pass,base,FC26
210450,Aerial Fortress,base,FC26
210482,Aerial Fortress,base,FC26
210489,Finesse Shot,base,FC26
210489,Incisive Pass,base,FC26
210489,Technical,base,FC26
210513,Dead Ball,base,FC26
210513,Finesse Shot,base,FC26
210513,Inventive,base,FC26
210513,Technical,base,FC26
210514,Block,base,FC26
210514,First Touch,base,FC26
210514,Inventive,base,FC26
210514,Technical,base,FC26
210514,Whipped Pass,base,FC26
210537,Dead Ball,base,FC26
210537,Finesse Shot,base,FC26
210537,Incisive Pass,base,FC26
210537,Inventive,base,FC26
210537,Long Ball Pass,base,FC26
210537,Rapid,base,FC26
210537,Whipped Pass,base,FC26
210544,Finesse Shot,base,FC26
210544,Quick Step,base,FC26
210544,Technical,base,FC26
210556,Technical,base,FC26
210602,Acrobatic,base,FC26
210602,Finesse Shot,base,FC26
210602,First Touch,base,FC26
210602,Inventive,base,FC26
210602,Relentless,base,FC26
210602,Technical,base,FC26
210602,Whipped Pass,base,FC26
210603,Rapid,base,FC26
210619,Aerial Fortress,base,FC26
210619,Finesse Shot,base,FC26
210619,First Touch,base,FC26
210619,Press Proven,base,FC26
210619,Whipped Pass,base,FC26
210625,Jockey,base,FC26
210625,Long Throw,base,FC26
210625,Rapid,base,FC26
210625,Slide Tackle,base,FC26
210625,Whipped Pass,base,FC26
210642,Far Reach,base,FC26
210644,Inventive,base,FC26
210646,Aerial Fortress,base,FC26
210646,Relentless,base,FC26
210648,Block,base,FC26
210648,Jockey,base,FC26
210676,Footwork,base,FC26
210676,Rush Out,base,FC26
210679,Slide Tackle,base,FC26
210697,Aerial Fortress,base,FC26
210697,Intercept,base,FC26
210697,Precision Header,base,FC26
210715,Cross Claimer,base,FC26
210715,Far Throw,base,FC26
210715,Footwork,base,FC26
210719,Aerial Fortress,base,FC26
210724,Long Throw,base,FC26
210772,Far Throw,base,FC26
210772,Footwork,base,FC26
210828,Long Ball Pass,base,FC26
210828,Precision Header,base,FC26
210831,Press Proven,base,FC26
210831,Slide Tackle,base,FC26
210881,Enforcer,base,FC26
210881,Press Proven,base,FC26
210881,Relentless,base,FC26
210896,Press Proven,base,FC26
210930,Finesse Shot,base,FC26
210930,Incisive Pass,base,FC26
210930,Inventive,base,FC26
210930,Pinged Pass,base,FC26
210930,Press Proven,base,FC26
210935,Dead Ball,base,FC26
210935,Finesse Shot,base,FC26
210935,Gamechanger,base,FC26
210935,Incisive Pass,base,FC26
210935,Inventive,base,FC26
210935,Long Ball Pass,base,FC26
210935,Technical,base,FC26
210941,Cross Claimer,base,FC26
210941,Footwork,base,FC26
210941,Long Ball Pass,base,FC26
210951,Gamechanger,base,FC26
210951,Technical,base,FC26
210951,Trickster,base,FC26
210964,Slide Tackle,base,FC26
210985,Incisive Pass,base,FC26
211003,Bruiser,base,FC26
211003,Long Ball Pass,base,FC26
211004,Aerial Fortress,base,FC26
211004,Pinged Pass,base,FC26
211009,Aerial Fortress,base,FC26
211021,Footwork,base,FC26
211021,Long Ball Pass,base,FC26
211022,Incisive Pass,base,FC26
211022,Technical,base,FC26
211061,Dead Ball,base,FC26
211061,Finesse Shot,base,FC26
211061,Inventive,base,FC26
211061,Long Ball Pass,base,FC26
211061,Technical,base,FC26
211093,Long Ball Pass,base,FC26
211093,Pinged Pass,base,FC26
211093,Power Shot,base,FC26
211093,Press Proven,base,FC26
211093,Relentless,base,FC26
211096,Intercept,base,FC26
211105,Deflector,base,FC26
211107,Bruiser,base,FC26
211107,Long Ball Pass,base,FC26
211107,Long Throw,base,FC26
211110,Dead Ball,base,FC26
211110,Finesse Shot,base,FC26
211110,First Touch,base,FC26
211110,Incisive Pass,base,FC26
211110,Inventive,base,FC26
211110,Technical,base,FC26
211110,Gamechanger,plus,FC26
211143,Aerial Fortress,base,FC26
211147,Dead Ball,base,FC26
211147,Whipped Pass,base,FC26
211152,Jockey,base,FC26
211166,Anticipate,base,FC26
211166,Long Throw,base,FC26
211173,Precision Header,base,FC26
211203,Intercept,base,FC26
211204,Rapid,base,FC26
211217,Aerial Fortress,base,FC26
211217,Anticipate,base,FC26
211221,Rapid,base,FC26
211228,Incisive Pass,base,FC26
211228,Long Ball Pass,base,FC26
211228,Press Proven,base,FC26
211241,Block,base,FC26
211250,Aerial Fortress,base,FC26
211250,Bruiser,base,FC26
211250,Jockey,base,FC26
211256,Slide Tackle,base,FC26
211263,Jockey,base,FC26
211269,Incisive Pass,base,FC26
211269,Jockey,base,FC26
211269,Technical,base,FC26
211272,Intercept,base,FC26
211272,Long Throw,base,FC26
211300,Chip Shot,base,FC26
211300,Finesse Shot,base,FC26
211300,Technical,base,FC26
211345,Slide Tackle,base,FC26
211348,Far Throw,base,FC26
211348,Footwork,base,FC26
211362,Intercept,base,FC26
211365,Gamechanger,base,FC26
211365,Technical,base,FC26
211368,Gamechanger,base,FC26
211368,Quick Step,base,FC26
211368,Rapid,base,FC26
211368,Trickster,base,FC26
211378,Aerial Fortress,base,FC26
211378,Pinged Pass,base,FC26
211378,Relentless,base,FC26
211381,Finesse Shot,base,FC26
211381,Inventive,base,FC26
211381,Technical,base,FC26
211382,Bruiser,base,FC26
211382,Long Ball Pass,base,FC26
211382,Relentless,base,FC26
211382,Slide Tackle,base,FC26
211384,Finesse Shot,base,FC26
211384,Gamechanger,base,FC26
211395,Press Proven,base,FC26
211437,Long Ball Pass,base,FC26
211489,Press Proven,base,FC26
211506,Dead Ball,base,FC26
211522,Jockey,base,FC26
211522,Slide Tackle,base,FC26
211536,Aerial Fortress,base,FC26
211556,Aerial Fortress,base,FC26
211556,Precision Header,base,FC26
211561,Enforcer,base,FC26
211565,Enforcer,base,FC26
211565,First Touch,base,FC26
211565,Press Proven,base,FC26
211591,Precision Header,base,FC26
211604,Far Throw,base,FC26
211604,Footwork,base,FC26
211604,Rush Out,base,FC26
211608,Precision Header,base,FC26
211635,Block,base,FC26
211672,Rapid,base,FC26
211688,Anticipate,base,FC26
211688,Technical,base,FC26
211707,Anticipate,base,FC26
211707,Jockey,base,FC26
211732,Precision Header,base,FC26
211738,Footwork,base,FC26
211738,Long Ball Pass,base,FC26
211739,Whipped Pass,base,FC26
211746,Intercept,base,FC26
211746,Technical,base,FC26
211748,Dead Ball,base,FC26
211748,Inventive,base,FC26
211748,Press Proven,base,FC26
211748,Whipped Pass,base,FC26
211784,Relentless,base,FC26
211786,Dead Ball,base,FC26
211786,Finesse Shot,base,FC26
211786,Incisive Pass,base,FC26
211786,Technical,base,FC26
211856,Block,base,FC26
211857,Anticipate,base,FC26
211857,Bruiser,base,FC26
211857,Jockey,base,FC26
211857,Power Shot,base,FC26
211857,Relentless,base,FC26
211891,Precision Header,base,FC26
211899,Acrobatic,base,FC26
211903,Technical,base,FC26
211946,Far Throw,base,FC26
211946,Footwork,base,FC26
211953,Far Throw,base,FC26
211953,Long Ball Pass,base,FC26
211982,Rapid,base,FC26
211987,Long Ball Pass,base,FC26
211999,Aerial Fortress,base,FC26
211999,Bruiser,base,FC26
212002,Acrobatic,base,FC26
212002,Aerial Fortress,base,FC26
212002,Enforcer,base,FC26
212002,Precision Header,base,FC26
212002,Press Proven,base,FC26
212045,Dead Ball,base,FC26
212045,Power Shot,base,FC26
212048,Intercept,base,FC26
212048,Long Ball Pass,base,FC26
212048,Technical,base,FC26
212075,Power Shot,base,FC26
212075,Rapid,base,FC26
212090,Aerial Fortress,base,FC26
212090,Bruiser,base,FC26
212091,Long Throw,base,FC26
212091,Rapid,base,FC26
212096,Finesse Shot,base,FC26
212096,Gamechanger,base,FC26
212096,Incisive Pass,base,FC26
212096,Whipped Pass,base,FC26
212096,Dead Ball,plus,FC26
212099,Aerial Fortress,base,FC26
212099,Intercept,base,FC26
212099,Long Ball Pass,base,FC26
212100,Anticipate,base,FC26
212118,First Touch,base,FC26
212118,Long Ball Pass,base,FC26
212118,Press Proven,base,FC26
212118,Relentless,base,FC26
212118,Tiki Taka,base,FC26
212121,Bruiser,base,FC26
212121,Long Ball Pass,base,FC26
212138,Long Throw,base,FC26
212138,Quick Step,base,FC26
212138,Rapid,base,FC26
212138,Whipped Pass,base,FC26
212150,Finesse Shot,base,FC26
212150,Long Ball Pass,base,FC26
212150,Press Proven,base,FC26
212150,Whipped Pass,base,FC26
212167,Rapid,base,FC26
212170,Jockey,base,FC26
212187,Anticipate,base,FC26
212187,Slide Tackle,base,FC26
212187,Whipped Pass,base,FC26
212188,Quick Step,base,FC26
212188,Rapid,base,FC26
212190,Anticipate,base,FC26
212190,Bruiser,base,FC26
212190,Intercept,base,FC26
212190,Long Ball Pass,base,FC26
212190,Pinged Pass,base,FC26
212190,Slide Tackle,base,FC26
212192,Finesse Shot,base,FC26
212194,Dead Ball,base,FC26
212194,First Touch,base,FC26
212194,Incisive Pass,base,FC26
212194,Inventive,base,FC26
212194,Technical,base,FC26
212194,Tiki Taka,base,FC26
212197,Deflector,base,FC26
212197,Long Ball Pass,base,FC26
212198,Dead Ball,base,FC26
212198,Gamechanger,base,FC26
212198,Incisive Pass,base,FC26
212198,Inventive,base,FC26
212198,Long Ball Pass,base,FC26
212198,Tiki Taka,base,FC26
212198,Relentless,plus,FC26
212204,Aerial Fortress,base,FC26
212204,Anticipate,base,FC26
212204,Block,base,FC26
212204,Intercept,base,FC26
212204,Long Ball Pass,base,FC26
212204,Precision Header,base,FC26
212205,Finesse Shot,base,FC26
212205,Low Driven Shot,base,FC26
212207,Dead Ball,base,FC26
212207,Incisive Pass,base,FC26
212207,Inventive,base,FC26
212207,Power Shot,base,FC26
212207,Technical,base,FC26
212208,Long Ball Pass,base,FC26
212208,Precision Header,base,FC26
212212,Bruiser,base,FC26
212212,Intercept,base,FC26
212212,Relentless,base,FC26
212212,Slide Tackle,base,FC26
212213,Anticipate,base,FC26
212214,Rapid,base,FC26
212218,Aerial Fortress,base,FC26
212218,Jockey,base,FC26
212218,Long Ball Pass,base,FC26
212218,Pinged Pass,base,FC26
212218,Precision Header,base,FC26
212225,Aerial Fortress,base,FC26
212226,Dead Ball,base,FC26
212226,Incisive Pass,base,FC26
212226,Long Ball Pass,base,FC26
212226,Relentless,base,FC26
212228,Bruiser,base,FC26
212232,Finesse Shot,base,FC26
212232,Press Proven,base,FC26
212232,Relentless,base,FC26
212240,Aerial Fortress,base,FC26
212240,Gamechanger,base,FC26
212240,Low Driven Shot,base,FC26
212240,Precision Header,base,FC26
212242,Bruiser,base,FC26
212242,Power Shot,base,FC26
212242,Relentless,base,FC26
212244,Long Throw,base,FC26
212260,Finesse Shot,base,FC26
212260,Gamechanger,base,FC26
212260,Press Proven,base,FC26
212269,Bruiser,base,FC26
212269,Press Proven,base,FC26
212287,Aerial Fortress,base,FC26
212287,Block,base,FC26
212287,Jockey,base,FC26
212366,Long Ball Pass,base,FC26
212366,Press Proven,base,FC26
212381,Finesse Shot,base,FC26
212381,Incisive Pass,base,FC26
212381,Quick Step,base,FC26
212382,Aerial Fortress,base,FC26
212382,Enforcer,base,FC26
212382,Gamechanger,base,FC26
212382,Precision Header,base,FC26
212404,Finesse Shot,base,FC26
212404,Gamechanger,base,FC26
212404,Technical,base,FC26
212419,Bruiser,base,FC26
212419,Long Ball Pass,base,FC26
212424,Long Ball Pass,base,FC26
212432,Far Reach,base,FC26
212432,Footwork,base,FC26
212439,Jockey,base,FC26
212442,Footwork,base,FC26
212442,Rush Out,base,FC26
212476,Aerial Fortress,base,FC26
212476,Dead Ball,base,FC26
212476,Finesse Shot,base,FC26
212476,Long Ball Pass,base,FC26
212476,Technical,base,FC26
212476,Tiki Taka,base,FC26
212484,Gamechanger,base,FC26
212484,Quick Step,base,FC26
212484,Rapid,base,FC26
212484,Relentless,base,FC26
212485,Long Ball Pass,base,FC26
212485,Slide Tackle,base,FC26
212487,Long Ball Pass,base,FC26
212491,Bruiser,base,FC26
212491,Whipped Pass,base,FC26
212516,Aerial Fortress,base,FC26
212516,Block,base,FC26
212516,Bruiser,base,FC26
212516,Long Ball Pass,base,FC26
212516,Pinged Pass,base,FC26
212523,Acrobatic,base,FC26
212523,Finesse Shot,base,FC26
212523,Precision Header,base,FC26
212523,Gamechanger,plus,FC26
212591,Aerial Fortress,base,FC26
212591,Slide Tackle,base,FC26
212592,Long Ball Pass,base,FC26
212601,Enforcer,base,FC26
212601,Rapid,base,FC26
212613,Gamechanger,base,FC26
212613,Technical,base,FC26
212616,Finesse Shot,base,FC26
212616,Incisive Pass,base,FC26
212616,Long Ball Pass,base,FC26
212616,Technical,base,FC26
212622,Anticipate,base,FC26
212622,Finesse Shot,base,FC26
212622,Press Proven,base,FC26
212622,Relentless,base,FC26
212622,Whipped Pass,base,FC26
212622,Long Ball Pass,plus,FC26
212626,Aerial Fortress,base,FC26
212626,Enforcer,base,FC26
212682,Jockey,base,FC26
212682,Long Ball Pass,base,FC26
212682,Power Shot,base,FC26
212683,Enforcer,base,FC26
212683,Precision Header,base,FC26
212692,Gamechanger,base,FC26
212692,Technical,base,FC26
212710,Far Throw,base,FC26
212729,Dead Ball,base,FC26
212729,First Touch,base,FC26
212735,Footwork,base,FC26
212735,Rush Out,base,FC26
212747,First Touch,base,FC26
212747,Incisive Pass,base,FC26
212747,Inventive,base,FC26
212747,Technical,base,FC26
212747,Trickster,base,FC26
212755,Precision Header,base,FC26
212755,Slide Tackle,base,FC26
212776,Aerial Fortress,base,FC26
212776,Slide Tackle,base,FC26
212778,Long Throw,base,FC26
212790,Chip Shot,base,FC26
212791,Chip Shot,base,FC26
212791,Finesse Shot,base,FC26
212791,First Touch,base,FC26
212811,Intercept,base,FC26
212811,Inventive,base,FC26
212811,Long Ball Pass,base,FC26
212811,Relentless,base,FC26
212811,Technical,base,FC26
212814,First Touch,base,FC26
212814,Incisive Pass,base,FC26
212814,Technical,base,FC26
212830,Rapid,base,FC26
212831,Deflector,base,FC26
212831,Far Throw,base,FC26
212831,Rush Out,plus,FC26
212839,Deflector,base,FC26
212879,Gamechanger,base,FC26
212912,Aerial Fortress,base,FC26
212912,Anticipate,base,FC26
212912,Block,base,FC26
212912,Jockey,base,FC26
212934,Technical,base,FC26
212939,Aerial Fortress,base,FC26
212977,Slide Tackle,base,FC26
212994,Finesse Shot,base,FC26
212994,Long Throw,base,FC26
213013,Quick Step,base,FC26
213013,Rapid,base,FC26
213017,Jockey,base,FC26
213018,Intercept,base,FC26
213064,Intercept,base,FC26
213064,Long Ball Pass,base,FC26
213064,Precision Header,base,FC26
213105,Aerial Fortress,base,FC26
213105,Long Ball Pass,base,FC26
213105,Press Proven,base,FC26
213147,Relentless,base,FC26
213151,Long Throw,base,FC26
213151,Whipped Pass,base,FC26
213152,Enforcer,base,FC26
213189,Bruiser,base,FC26
213189,Enforcer,base,FC26
213189,Finesse Shot,base,FC26
213206,Far Throw,base,FC26
213206,Footwork,base,FC26
213296,Aerial Fortress,base,FC26
213296,Dead Ball,base,FC26
213296,Inventive,base,FC26
213296,Long Ball Pass,base,FC26
213296,Pinged Pass,base,FC26
213296,Power Shot,base,FC26
213296,Technical,base,FC26
213301,Dead Ball,base,FC26
213301,Incisive Pass,base,FC26
213301,Technical,base,FC26
213317,Dead Ball,base,FC26
213317,Long Throw,base,FC26
213317,Relentless,base,FC26
213317,Whipped Pass,base,FC26
213323,Intercept,base,FC26
213323,Slide Tackle,base,FC26
213327,Long Ball Pass,base,FC26
213331,Aerial Fortress,base,FC26
213331,Precision Header,base,FC26
213331,Anticipate,plus,FC26
213345,First Touch,base,FC26
213345,Quick Step,base,FC26
213345,Rapid,plus,FC26
213367,Incisive Pass,base,FC26
213367,Intercept,base,FC26
213367,Long Ball Pass,base,FC26
213367,Press Proven,base,FC26
213374,Aerial Fortress,base,FC26
213374,Bruiser,base,FC26
213374,Intercept,base,FC26
213374,Long Ball Pass,base,FC26
213413,Footwork,base,FC26
213418,Precision Header,base,FC26
213418,Press Proven,base,FC26
213433,Precision Header,base,FC26
213439,Technical,base,FC26
213449,Jockey,base,FC26
213471,Inventive,base,FC26
213471,Long Ball Pass,base,FC26
213497,Anticipate,base,FC26
213497,Intercept,base,FC26
213516,Finesse Shot,base,FC26
213516,First Touch,base,FC26
213516,Pinged Pass,base,FC26
213516,Power Shot,base,FC26
213516,Tiki Taka,base,FC26
213530,Intercept,base,FC26
213530,Slide Tackle,base,FC26
213536,Far Throw,base,FC26
213536,Footwork,base,FC26
213565,Jockey,base,FC26
213570,Long Throw,base,FC26
213573,Cross Claimer,base,FC26
213573,Far Throw,base,FC26
213577,Rapid,base,FC26
213581,Precision Header,base,FC26
213597,Inventive,base,FC26
213597,Technical,base,FC26
213613,Finesse Shot,base,FC26
213613,Incisive Pass,base,FC26
213613,Intercept,base,FC26
213613,Relentless,base,FC26
213644,Jockey,base,FC26
213644,Slide Tackle,base,FC26
213648,Intercept,base,FC26
213648,Relentless,base,FC26
213654,Press Proven,base,FC26
213655,Gamechanger,base,FC26
213655,Incisive Pass,base,FC26
213655,Inventive,base,FC26
213655,Relentless,base,FC26
213655,Technical,base,FC26
213666,Aerial Fortress,base,FC26
213666,Enforcer,base,FC26
213666,Press Proven,base,FC26
213667,Long Ball Pass,base,FC26
213685,Press Proven,base,FC26
213686,Long Throw,base,FC26
213689,Long Ball Pass,base,FC26
213689,Slide Tackle,base,FC26
213693,Dead Ball,base,FC26
213693,Technical,base,FC26
213697,Long Ball Pass,base,FC26
213719,Cross Claimer,base,FC26
213724,Technical,base,FC26
213761,Chip Shot,base,FC26
213761,Finesse Shot,base,FC26
213761,Gamechanger,base,FC26
213761,Low Driven Shot,base,FC26
213761,Precision Header,base,FC26
213763,Long Ball Pass,base,FC26
213777,Long Ball Pass,base,FC26
213777,Press Proven,base,FC26
213777,Relentless,base,FC26
213798,Aerial Fortress,base,FC26
213798,First Touch,base,FC26
213798,Long Ball Pass,base,FC26
213798,Slide Tackle,base,FC26
213814,Finesse Shot,base,FC26
213814,Incisive Pass,base,FC26
213814,Inventive,base,FC26
213814,Low Driven Shot,base,FC26
213814,Quick Step,base,FC26
213815,Rapid,base,FC26
213835,Low Driven Shot,base,FC26
213839,Aerial Fortress,base,FC26
213846,Aerial Fortress,base,FC26
213846,Slide Tackle,base,FC26
213864,Aerial Fortress,base,FC26
213864,Long Ball Pass,base,FC26
213884,Intercept,base,FC26
213884,Relentless,base,FC26
213899,Bruiser,base,FC26
213899,Slide Tackle,base,FC26
213901,Slide Tackle,base,FC26
213933,Intercept,base,FC26
213933,Long Ball Pass,base,FC26
213933,Long Throw,base,FC26
213948,Long Throw,base,FC26
213948,Technical,base,FC26
213949,Precision Header,base,FC26
213956,Enforcer,base,FC26
213956,Quick Step,base,FC26
213956,Rapid,base,FC26
213969,Dead Ball,base,FC26
213969,Intercept,base,FC26
213969,Inventive,base,FC26
213969,Long Throw,base,FC26
213969,Whipped Pass,base,FC26
213991,Aerial Fortress,base,FC26
213991,Anticipate,base,FC26
213991,Bruiser,base,FC26
213991,Intercept,base,FC26
213991,Relentless,base,FC26
213991,Slide Tackle,base,FC26
214006,Power Shot,base,FC26
214006,Technical,base,FC26
214006,Whipped Pass,base,FC26
214026,Quick Step,base,FC26
214026,Rapid,base,FC26
214040,First Touch,base,FC26
214040,Intercept,base,FC26
214040,Rapid,base,FC26
214047,Aerial Fortress,base,FC26
214047,Long Ball Pass,base,FC26
214088,Cross Claimer,base,FC26
214092,Finesse Shot,base,FC26
214092,Incisive Pass,base,FC26
214092,Inventive,base,FC26
214092,Technical,base,FC26
214096,Aerial Fortress,base,FC26
214096,Precision Header,base,FC26
214096,Relentless,base,FC26
214096,Enforcer,plus,FC26
214169,Slide Tackle,base,FC26
214196,Bruiser,base,FC26
214231,Anticipate,base,FC26
214238,Incisive Pass,base,FC26
214250,Incisive Pass,base,FC26
214250,Quick Step,base,FC26
214250,Rapid,base,FC26
214294,Long Ball Pass,base,FC26
214294,Precision Header,base,FC26
214294,Slide Tackle,base,FC26
214302,Long Ball Pass,base,FC26
214354,Precision Header,base,FC26
214366,Long Ball Pass,base,FC26
214414,Anticipate,base,FC26
214414,Jockey,base,FC26
214414,Long Ball Pass,base,FC26
214421,Rapid,base,FC26
214436,Aerial Fortress,base,FC26
214436,Intercept,base,FC26
214436,Long Ball Pass,base,FC26
214584,Cross Claimer,base,FC26
214584,Deflector,base,FC26
214584,Long Ball Pass,base,FC26
214606,Long Ball Pass,base,FC26
214606,Press Proven,base,FC26
214606,Slide Tackle,base,FC26
214622,Block,base,FC26
214639,Long Throw,base,FC26
214641,Whipped Pass,base,FC26
214650,Relentless,base,FC26
214658,Block,base,FC26
214661,Slide Tackle,base,FC26
214665,Press Proven,base,FC26
214676,Precision Header,base,FC26
214676,Quick Step,base,FC26
214680,Deflector,base,FC26
214682,Aerial Fortress,base,FC26
214682,Block,base,FC26
214682,Precision Header,base,FC26
214698,Precision Header,base,FC26
214766,Bruiser,base,FC26
214766,Jockey,base,FC26
214766,Long Ball Pass,base,FC26
214766,Slide Tackle,base,FC26
214769,Intercept,base,FC26
214769,Jockey,base,FC26
214769,Long Ball Pass,base,FC26
214769,Relentless,base,FC26
214777,Enforcer,base,FC26
214835,Enforcer,base,FC26
214835,Precision Header,base,FC26
214854,Rapid,base,FC26
214874,Technical,base,FC26
214877,Bruiser,base,FC26
214877,Jockey,base,FC26
214877,Relentless,base,FC26
214882,Long Ball Pass,base,FC26
214896,Chip Shot,base,FC26
214896,Finesse Shot,base,FC26
214896,Precision Header,base,FC26
214906,Aerial Fortress,base,FC26
214906,Intercept,base,FC26
214933,Far Throw,base,FC26
214933,Footwork,base,FC26
214933,Long Ball Pass,base,FC26
214933,Rush Out,base,FC26
214944,Dead Ball,base,FC26
214968,Long Ball Pass,base,FC26
214971,Technical,base,FC26
214986,Aerial Fortress,base,FC26
214986,Precision Header,base,FC26
214990,Long Throw,base,FC26
215020,Technical,base,FC26
215036,Long Ball Pass,base,FC26
215049,Slide Tackle,base,FC26
215051,Precision Header,base,FC26
215053,Slide Tackle,base,FC26
215054,Slide Tackle,base,FC26
215057,Aerial Fortress,base,FC26
215057,Anticipate,base,FC26
215057,Intercept,base,FC26
215057,Jockey,base,FC26
215057,Long Ball Pass,base,FC26
215061,First Touch,base,FC26
215064,Precision Header,base,FC26
215065,Aerial Fortress,base,FC26
215069,Footwork,base,FC26
215071,Long Throw,base,FC26
215071,Pinged Pass,base,FC26
215074,Anticipate,base,FC26
215074,Long Ball Pass,base,FC26
215086,Far Throw,base,FC26
215086,Footwork,base,FC26
215086,Rush Out,base,FC26
215103,Chip Shot,base,FC26
215103,Inventive,base,FC26
215103,Technical,base,FC26
215107,First Touch,base,FC26
215107,Pinged Pass,base,FC26
215107,Rapid,base,FC26
215112,Enforcer,base,FC26
215113,Long Ball Pass,base,FC26
215129,Press Proven,base,FC26
215132,Footwork,base,FC26
215155,Inventive,base,FC26
215155,Long Ball Pass,base,FC26
215155,Relentless,base,FC26
215168,Finesse Shot,base,FC26
215193,Long Ball Pass,base,FC26
215195,Finesse Shot,base,FC26
215195,Technical,base,FC26
215199,Incisive Pass,base,FC26
215199,Inventive,base,FC26
215199,Technical,base,FC26
215202,Finesse Shot,base,FC26
215202,First Touch,base,FC26
215202,Technical,base,FC26
215211,Long Throw,base,FC26
215223,Rush Out,base,FC26
215228,Aerial Fortress,base,FC26
215228,Bruiser,base,FC26
215228,Long Ball Pass,base,FC26
215245,Finesse Shot,base,FC26
215251,Cross Claimer,base,FC26
215251,Deflector,base,FC26
215254,Long Ball Pass,base,FC26
215254,Precision Header,base,FC26
215270,Dead Ball,base,FC26
215270,Gamechanger,base,FC26
215270,Incisive Pass,base,FC26
215270,Inventive,base,FC26
215270,Technical,base,FC26
215270,Whipped Pass,base,FC26
215292,Power Shot,base,FC26
215292,Precision Header,base,FC26
215301,Aerial Fortress,base,FC26
215301,Block,base,FC26
215316,Footwork,base,FC26
215323,Enforcer,base,FC26
215332,Finesse Shot,base,FC26
215333,Aerial Fortress,base,FC26
215333,Enforcer,base,FC26
215333,Power Shot,base,FC26
215333,Precision Header,base,FC26
215333,Press Proven,base,FC26
215334,Aerial Fortress,base,FC26
215334,Enforcer,base,FC26
215334,Precision Header,base,FC26
215353,Precision Header,base,FC26
215363,Far Reach,base,FC26
215363,Footwork,base,FC26
215368,Long Throw,base,FC26
215368,Relentless,base,FC26
215410,Aerial Fortress,base,FC26
215410,Block,base,FC26
215410,Intercept,base,FC26
215412,Long Throw,base,FC26
215417,Far Reach,base,FC26
215419,Slide Tackle,base,FC26
215433,Aerial Fortress,base,FC26
215433,Long Ball Pass,base,FC26
215441,Acrobatic,base,FC26
215441,Chip Shot,base,FC26
215441,First Touch,base,FC26
215441,Low Driven Shot,base,FC26
215441,Precision Header,base,FC26
215441,Finesse Shot,plus,FC26
215443,Finesse Shot,base,FC26
215443,Inventive,base,FC26
215443,Technical,base,FC26
215449,Dead Ball,base,FC26
215449,Finesse Shot,base,FC26
215449,Gamechanger,base,FC26
215449,Power Shot,base,FC26
215449,Whipped Pass,base,FC26
215455,First Touch,base,FC26
215455,Precision Header,base,FC26
215455,Technical,base,FC26
215502,Deflector,base,FC26
215522,Far Reach,base,FC26
215522,Footwork,base,FC26
215531,Incisive Pass,base,FC26
215531,Power Shot,base,FC26
215531,Whipped Pass,base,FC26
215565,Aerial Fortress,base,FC26
215590,Acrobatic,base,FC26
215590,Gamechanger,base,FC26
215590,Incisive Pass,base,FC26
215590,Low Driven Shot,base,FC26
215590,Technical,base,FC26
215601,Precision Header,base,FC26
215616,Dead Ball,base,FC26
215616,Incisive Pass,base,FC26
215638,Aerial Fortress,base,FC26
215638,Intercept,base,FC26
215638,Precision Header,base,FC26
215686,Anticipate,base,FC26
215686,Intercept,base,FC26
215689,Enforcer,base,FC26
215689,Press Proven,base,FC26
215698,Deflector,base,FC26
215698,Footwork,base,FC26
215698,Long Ball Pass,base,FC26
215698,Far Throw,plus,FC26
215700,Long Ball Pass,base,FC26
215700,Long Throw,base,FC26
215700,Slide Tackle,base,FC26
215708,Aerial Fortress,base,FC26
215708,Intercept,base,FC26
215708,Long Ball Pass,base,FC26
215785,Gamechanger,base,FC26
215798,Rapid,base,FC26
215817,Enforcer,base,FC26
215817,Precision Header,base,FC26
215820,Aerial Fortress,base,FC26
215820,Long Ball Pass,base,FC26
215892,Precision Header,base,FC26
215914,Press Proven,base,FC26
215914,Relentless,base,FC26
215914,Intercept,plus,FC26
215930,Long Throw,base,FC26
215970,Rapid,base,FC26
215993,Aerial Fortress,base,FC26
215993,Intercept,base,FC26
215995,Bruiser,base,FC26
215995,Precision Header,base,FC26
215998,Finesse Shot,base,FC26
215998,Incisive Pass,base,FC26
215998,Power Shot,base,FC26
215998,Tiki Taka,base,FC26
216003,Gamechanger,base,FC26
216003,Technical,base,FC26
216020,Incisive Pass,base,FC26
216020,Power Shot,base,FC26
216033,Far Reach,base,FC26
216033,Far Throw,base,FC26
216033,Footwork,base,FC26
216033,Long Ball Pass,base,FC26
216036,Block,base,FC26
216036,Whipped Pass,base,FC26
216054,Long Throw,base,FC26
216055,Dead Ball,base,FC26
216055,Pinged Pass,base,FC26
216055,Technical,base,FC26
216055,Whipped Pass,base,FC26
216072,Rapid,base,FC26
216072,Whipped Pass,base,FC26
216110,Footwork,base,FC26
216114,Long Ball Pass,base,FC26
216145,Intercept,base,FC26
216150,Whipped Pass,base,FC26
216155,Long Throw,base,FC26
216158,Long Throw,base,FC26
216183,Quick Step,base,FC26
216183,Rapid,base,FC26
216194,Bruiser,base,FC26
216199,Aerial Fortress,base,FC26
216199,Anticipate,base,FC26
216199,Block,base,FC26
216199,Intercept,base,FC26
216199,Precision Header,base,FC26
216201,Finesse Shot,base,FC26
216201,Low Driven Shot,base,FC26
216201,Power Shot,base,FC26
216201,Quick Step,base,FC26
216201,Rapid,base,FC26
216218,Enforcer,base,FC26
216218,Gamechanger,base,FC26
216218,Long Ball Pass,base,FC26
216218,Low Driven Shot,base,FC26
216218,Precision Header,base,FC26
216227,Rapid,base,FC26
216230,Long Throw,base,FC26
216247,Anticipate,base,FC26
216255,Aerial Fortress,base,FC26
216255,Dead Ball,base,FC26
216255,Technical,base,FC26
216258,Quick Step,base,FC26
216258,Rapid,base,FC26
216260,Long Throw,base,FC26
216260,Rapid,base,FC26
216266,Long Throw,base,FC26
216267,Whipped Pass,base,FC26
216267,Relentless,plus,FC26
216270,Inventive,base,FC26
216270,Relentless,base,FC26
216283,Slide Tackle,base,FC26
216286,Relentless,base,FC26
216286,Slide Tackle,base,FC26
216320,Incisive Pass,base,FC26
216320,Power Shot,base,FC26
216320,Relentless,base,FC26
216325,Deflector,base,FC26
216325,Footwork,base,FC26
216349,Dead Ball,base,FC26
216349,Finesse Shot,base,FC26
216349,First Touch,base,FC26
216349,Inventive,base,FC26
216352,Long Ball Pass,base,FC26
216352,Press Proven,base,FC26
216352,Relentless,base,FC26
216354,Chip Shot,base,FC26
216354,Finesse Shot,base,FC26
216354,First Touch,base,FC26
216354,Gamechanger,base,FC26
216354,Incisive Pass,base,FC26
216354,Technical,base,FC26
216377,Aerial Fortress,base,FC26
216377,Enforcer,base,FC26
216377,Precision Header,base,FC26
216385,Intercept,base,FC26
216385,Power Shot,base,FC26
216385,Slide Tackle,base,FC26
216393,Incisive Pass,base,FC26
216393,Power Shot,base,FC26
216393,Press Proven,base,FC26
216393,Pinged Pass,plus,FC26
216409,Dead Ball,base,FC26
216409,Gamechanger,base,FC26
216409,Inventive,base,FC26
216409,Long Ball Pass,base,FC26
216409,Technical,base,FC26
216409,Whipped Pass,base,FC26
216416,Jockey,base,FC26
216435,Anticipate,base,FC26
216435,First Touch,base,FC26
216435,Inventive,base,FC26
216435,Long Ball Pass,base,FC26
216435,Relentless,base,FC26
216435,Technical,base,FC26
216447,Intercept,base,FC26
216447,Low Driven Shot,base,FC26
216447,Quick Step,base,FC26
216453,Relentless,base,FC26
216460,Long Ball Pass,base,FC26
216460,Precision Header,base,FC26
216460,Slide Tackle,base,FC26
216464,Relentless,base,FC26
216467,Long Ball Pass,base,FC26
216467,Technical,base,FC26
216475,Power Shot,base,FC26
216475,Rapid,base,FC26
216481,Aerial Fortress,base,FC26
216481,Bruiser,base,FC26
216481,Intercept,base,FC26
216481,Long Ball Pass,base,FC26
216481,Precision Header,base,FC26
216497,Acrobatic,base,FC26
216524,Aerial Fortress,base,FC26
216526,Intercept,base,FC26
216547,Acrobatic,base,FC26
216547,First Touch,base,FC26
216547,Inventive,base,FC26
216547,Quick Step,base,FC26
216547,Rapid,base,FC26
216549,Enforcer,base,FC26
216549,Gamechanger,base,FC26
216549,Low Driven Shot,base,FC26
216549,Power Shot,base,FC26
216549,Precision Header,base,FC26
216580,Aerial Fortress,base,FC26
216582,Precision Header,base,FC26
216627,Aerial Fortress,base,FC26
216627,Enforcer,base,FC26
216627,Precision Header,base,FC26
216700,Aerial Fortress,base,FC26
216700,Inventive,base,FC26
216700,Precision Header,base,FC26
216730,Aerial Fortress,base,FC26
216730,Bruiser,base,FC26
216730,Slide Tackle,base,FC26
216736,Long Ball Pass,base,FC26
216736,Relentless,base,FC26
216736,Tiki Taka,base,FC26
216741,Long Ball Pass,base,FC26
216741,Relentless,base,FC26
216744,Aerial Fortress,base,FC26
216744,Bruiser,base,FC26
216749,Rapid,base,FC26
216750,Far Throw,base,FC26
216750,Footwork,base,FC26
216755,Long Throw,base,FC26
216774,Aerial Fortress,base,FC26
216774,Long Ball Pass,base,FC26
216774,Slide Tackle,base,FC26
216791,Anticipate,base,FC26
216791,Long Throw,base,FC26
216799,Rapid,base,FC26
216814,Press Proven,base,FC26
216820,Dead Ball,base,FC26
216820,Gamechanger,base,FC26
216820,Quick Step,base,FC26
216820,Rapid,base,FC26
216823,Aerial Fortress,base,FC26
216823,Enforcer,base,FC26
216823,Precision Header,base,FC26
216860,Finesse Shot,base,FC26
216860,Low Driven Shot,base,FC26
216860,Rapid,base,FC26
216939,Cross Claimer,base,FC26
216939,Long Ball Pass,base,FC26
217007,Finesse Shot,base,FC26
217007,Precision Header,base,FC26
217007,Whipped Pass,base,FC26
217021,Precision Header,base,FC26
217047,Long Ball Pass,base,FC26
217047,Slide Tackle,base,FC26
217085,Long Throw,base,FC26
217085,Slide Tackle,base,FC26
217096,Cross Claimer,base,FC26
217097,Dead Ball,base,FC26
217097,First Touch,base,FC26
217097,Gamechanger,base,FC26
217097,Power Shot,base,FC26
217097,Whipped Pass,base,FC26
217153,Intercept,base,FC26
217153,Long Ball Pass,base,FC26
217153,Press Proven,base,FC26
217153,Relentless,base,FC26
217242,Technical,base,FC26
217332,Aerial Fortress,base,FC26
217332,Bruiser,base,FC26
217338,Dead Ball,base,FC26
217338,Incisive Pass,base,FC26
217338,Technical,base,FC26
217338,Whipped Pass,base,FC26
217439,Aerial Fortress,base,FC26
217439,Block,base,FC26
217439,Bruiser,base,FC26
217439,Intercept,base,FC26
217439,Long Ball Pass,base,FC26
217439,Slide Tackle,base,FC26
217585,Relentless,base,FC26
217585,Whipped Pass,base,FC26
217605,Aerial Fortress,base,FC26
217605,Power Shot,base,FC26
217605,Relentless,base,FC26
217606,Rapid,base,FC26
217731,Dead Ball,base,FC26
217731,Power Shot,base,FC26
217794,Slide Tackle,base,FC26
217794,Technical,base,FC26
217805,Cross Claimer,base,FC26
217805,Footwork,base,FC26
217841,Aerial Fortress,base,FC26
217841,Block,base,FC26
217841,Bruiser,base,FC26
217841,Intercept,base,FC26
217841,Long Ball Pass,base,FC26
217841,Precision Header,base,FC26
217870,First Touch,base,FC26
217870,Long Ball Pass,base,FC26
217870,Relentless,base,FC26
217940,Long Throw,base,FC26
217940,Slide Tackle,base,FC26
217998,Chip Shot,base,FC26
217998,Technical,base,FC26
218208,Bruiser,base,FC26
218208,Slide Tackle,base,FC26
218212,Cross Claimer,base,FC26
218339,Press Proven,base,FC26
218343,Technical,base,FC26
218534,Technical,base,FC26
218576,Aerial Fortress,base,FC26
218576,Anticipate,base,FC26
218576,Intercept,base,FC26
218651,Slide Tackle,base,FC26
218656,Jockey,base,FC26
218658,Bruiser,base,FC26
218658,Rapid,base,FC26
218667,Gamechanger,base,FC26
218667,Low Driven Shot,base,FC26
218667,Relentless,base,FC26
218667,Technical,base,FC26
218667,Whipped Pass,base,FC26
218667,Tiki Taka,plus,FC26
218745,Incisive Pass,base,FC26
218745,Technical,base,FC26
218746,Inventive,base,FC26
218746,Technical,base,FC26
218887,Dead Ball,base,FC26
218985,Long Ball Pass,base,FC26
219087,Long Throw,base,FC26
219145,Press Proven,base,FC26
219167,Precision Header,base,FC26
219174,Aerial Fortress,base,FC26
219174,Incisive Pass,base,FC26
219180,Aerial Fortress,base,FC26
219180,Anticipate,base,FC26
219180,Precision Header,base,FC26
219216,Gamechanger,base,FC26
219216,Precision Header,base,FC26
219244,Far Throw,base,FC26
219293,Aerial Fortress,base,FC26
219293,Precision Header,base,FC26
219392,Intercept,base,FC26
219392,Slide Tackle,base,FC26
219451,Aerial Fortress,base,FC26
219451,Long Ball Pass,base,FC26
219451,Precision Header,base,FC26
219461,Block,base,FC26
219461,Bruiser,base,FC26
219467,Jockey,base,FC26
219467,Whipped Pass,base,FC26
219522,Cross Claimer,base,FC26
219522,Deflector,base,FC26
219522,Far Throw,base,FC26
219525,Finesse Shot,base,FC26
219550,Aerial Fortress,base,FC26
219550,Enforcer,base,FC26
219550,Precision Header,base,FC26
219551,Long Throw,base,FC26
219551,Precision Header,base,FC26
219553,Dead Ball,base,FC26
219553,Incisive Pass,base,FC26
219553,Power Shot,base,FC26
219575,Technical,base,FC26
219575,Whipped Pass,base,FC26
219581,Precision Header,base,FC26
219595,Finesse Shot,base,FC26
219595,Technical,base,FC26
219605,Rapid,base,FC26
219605,Slide Tackle,base,FC26
219637,Cross Claimer,base,FC26
219637,Far Throw,base,FC26
219637,Footwork,base,FC26
219637,Long Ball Pass,base,FC26
219683,Aerial Fortress,base,FC26
219683,First Touch,base,FC26
219683,Precision Header,base,FC26
219683,Relentless,base,FC26
219684,Rapid,base,FC26
219686,Acrobatic,base,FC26
219693,Anticipate,base,FC26
219693,Long Ball Pass,base,FC26
219694,Block,base,FC26
219694,Intercept,base,FC26
219733,Aerial Fortress,base,FC26
219733,Bruiser,base,FC26
219733,Enforcer,base,FC26
219733,Finesse Shot,base,FC26
219733,Precision Header,base,FC26
219754,Deflector,base,FC26
219754,Rush Out,base,FC26
219759,Block,base,FC26
219759,Jockey,base,FC26
219759,Rapid,base,FC26
219759,Whipped Pass,base,FC26
219774,Low Driven Shot,base,FC26
219780,Long Ball Pass,base,FC26
219789,Long Throw,base,FC26
219789,Rapid,base,FC26
219792,Relentless,base,FC26
219797,Enforcer,base,FC26
219812,Gamechanger,base,FC26
219814,Anticipate,base,FC26
219814,Block,base,FC26
219814,Bruiser,base,FC26
219814,Relentless,base,FC26
219836,Cross Claimer,base,FC26
219841,Long Ball Pass,base,FC26
219841,Long Throw,base,FC26
219848,Aerial Fortress,base,FC26
219848,Jockey,base,FC26
219862,Acrobatic,base,FC26
219862,Power Shot,base,FC26
219862,Precision Header,base,FC26
219865,Intercept,base,FC26
219908,Dead Ball,base,FC26
219908,Gamechanger,base,FC26
219908,Incisive Pass,base,FC26
219908,Inventive,base,FC26
219908,Long Ball Pass,base,FC26
219941,Cross Claimer,base,FC26
219941,Footwork,base,FC26
219948,Press Proven,base,FC26
219951,Aerial Fortress,base,FC26
219953,Dead Ball,base,FC26
219953,Technical,base,FC26
219953,Whipped Pass,base,FC26
219985,Aerial Fortress,base,FC26
219985,Power Shot,base,FC26
220019,Inventive,base,FC26
220028,Rapid,base,FC26
220029,Finesse Shot,base,FC26
220030,Block,base,FC26
220030,Intercept,base,FC26
220030,Jockey,base,FC26
220031,Enforcer,base,FC26
220039,Gamechanger,base,FC26
220039,Relentless,base,FC26
220045,Finesse Shot,base,FC26
220045,Long Ball Pass,base,FC26
220045,Technical,base,FC26
220061,Anticipate,base,FC26
220061,Bruiser,base,FC26
220061,Jockey,base,FC26
220061,Slide Tackle,base,FC26
220065,Press Proven,base,FC26
220074,Chip Shot,base,FC26
220074,Enforcer,base,FC26
220075,Aerial Fortress,base,FC26
220075,Power Shot,base,FC26
220084,Dead Ball,base,FC26
220084,Gamechanger,base,FC26
220084,Quick Step,base,FC26
220084,Rapid,base,FC26
220085,Finesse Shot,base,FC26
220093,Jockey,base,FC26
220093,Long Throw,base,FC26
220139,Gamechanger,base,FC26
220139,Low Driven Shot,base,FC26
220140,Aerial Fortress,base,FC26
220140,Jockey,base,FC26
220140,Precision Header,base,FC26
220156,Power Shot,base,FC26
220165,Aerial Fortress,base,FC26
220165,Enforcer,base,FC26
220165,Precision Header,base,FC26
220165,Press Proven,base,FC26
220172,Block,base,FC26
220172,Rapid,base,FC26
220175,Incisive Pass,base,FC26
220175,Rapid,base,FC26
220175,Slide Tackle,base,FC26
220177,Aerial Fortress,base,FC26
220177,Precision Header,base,FC26
220177,Relentless,base,FC26
220177,Technical,base,FC26
220178,Enforcer,base,FC26
220196,Technical,base,FC26
220198,Finesse Shot,base,FC26
220198,Incisive Pass,base,FC26
220198,Quick Step,base,FC26
220198,Technical,base,FC26
220230,Aerial Fortress,base,FC26
220230,Bruiser,base,FC26
220230,Intercept,base,FC26
220230,Precision Header,base,FC26
220291,Long Ball Pass,base,FC26
220306,Rapid,base,FC26
220348,Block,base,FC26
220348,Jockey,base,FC26
220348,Slide Tackle,base,FC26
220380,Precision Header,base,FC26
220383,Pinged Pass,base,FC26
220385,Block,base,FC26
220385,Slide Tackle,base,FC26
220407,Cross Claimer,base,FC26
220407,Far Throw,base,FC26
220407,Footwork,base,FC26
220414,Intercept,base,FC26
220414,Long Throw,base,FC26
220414,Whipped Pass,base,FC26
220421,Rapid,base,FC26
220429,Long Ball Pass,base,FC26
220502,Dead Ball,base,FC26
220502,Finesse Shot,base,FC26
220502,Gamechanger,base,FC26
220502,Incisive Pass,base,FC26
220502,Intercept,base,FC26
220502,Inventive,base,FC26
220502,Technical,base,FC26
220523,Aerial Fortress,base,FC26
220523,Anticipate,base,FC26
220523,Block,base,FC26
220523,Bruiser,base,FC26
220528,Finesse Shot,base,FC26
220528,Gamechanger,base,FC26
220528,Incisive Pass,base,FC26
220528,Low Driven Shot,base,FC26
220528,Rapid,base,FC26
220534,Intercept,base,FC26
220570,Block,base,FC26
220570,Long Ball Pass,base,FC26
220584,Deflector,base,FC26
220584,Far Throw,base,FC26
220600,Block,base,FC26
220600,Whipped Pass,base,FC26
220616,Block,base,FC26
220616,Intercept,base,FC26
220616,Long Ball Pass,base,FC26
220621,Finesse Shot,base,FC26
220621,Technical,base,FC26
220621,Whipped Pass,base,FC26
220633,Rapid,base,FC26
220635,Dead Ball,base,FC26
220635,Relentless,base,FC26
220638,Aerial Fortress,base,FC26
220638,Long Ball Pass,base,FC26
220649,Finesse Shot,base,FC26
220649,Gamechanger,base,FC26
220649,Technical,base,FC26
220651,Anticipate,base,FC26
220651,Long Throw,base,FC26
220651,Relentless,base,FC26
220651,Whipped Pass,base,FC26
220665,Anticipate,base,FC26
220665,Bruiser,base,FC26
220665,Intercept,base,FC26
220697,Dead Ball,base,FC26
220697,Finesse Shot,base,FC26
220697,Gamechanger,base,FC26
220697,Incisive Pass,base,FC26
220697,Inventive,base,FC26
220697,Whipped Pass,base,FC26
220702,Long Throw,base,FC26
220708,Incisive Pass,base,FC26
220708,Long Ball Pass,base,FC26
220710,Gamechanger,base,FC26
220714,Long Throw,base,FC26
220720,Long Ball Pass,base,FC26
220720,Rush Out,base,FC26
220739,Dead Ball,base,FC26
220739,First Touch,base,FC26
220739,Incisive Pass,base,FC26
220739,Long Ball Pass,base,FC26
220746,Long Throw,base,FC26
220746,Quick Step,base,FC26
220746,Technical,base,FC26
220763,Technical,base,FC26
220786,Technical,base,FC26
220793,Aerial Fortress,base,FC26
220793,Bruiser,base,FC26
220793,Precision Header,base,FC26
220793,Slide Tackle,base,FC26
220807,Far Throw,base,FC26
220807,Footwork,base,FC26
220807,Long Ball Pass,base,FC26
220814,Bruiser,base,FC26
220814,Slide Tackle,base,FC26
220819,Intercept,base,FC26
220819,Whipped Pass,base,FC26
220820,Far Throw,base,FC26
220820,Footwork,base,FC26
220821,Aerial Fortress,base,FC26
220821,Block,base,FC26
220821,Intercept,base,FC26
220829,Acrobatic,base,FC26
220829,Aerial Fortress,base,FC26
220829,Enforcer,base,FC26
220829,Press Proven,base,FC26
220834,Finesse Shot,base,FC26
220834,Incisive Pass,base,FC26
220834,Whipped Pass,base,FC26
220837,Anticipate,base,FC26
220837,Block,base,FC26
220862,Precision Header,base,FC26
220876,Power Shot,base,FC26
220876,Technical,base,FC26
220876,Whipped Pass,base,FC26
220886,Block,base,FC26
220886,Long Throw,base,FC26
220886,Precision Header,base,FC26
220893,Aerial Fortress,base,FC26
220901,Footwork,base,FC26
220901,Cross Claimer,plus,FC26
220912,Technical,base,FC26
220915,Aerial Fortress,base,FC26
220933,Relentless,base,FC26
220940,Dead Ball,base,FC26
220940,Finesse Shot,base,FC26
220940,Long Ball Pass,base,FC26
220940,Power Shot,base,FC26
220944,Cross Claimer,base,FC26
220944,Footwork,base,FC26
220969,Finesse Shot,base,FC26
220969,Technical,base,FC26
220971,Technical,base,FC26
221000,Anticipate,base,FC26
221000,Rapid,base,FC26
221000,Slide Tackle,base,FC26
221001,Relentless,base,FC26
221024,Intercept,base,FC26
221024,Long Ball Pass,base,FC26
221053,Long Ball Pass,base,FC26
221053,Precision Header,base,FC26
221053,Whipped Pass,base,FC26
221087,Deflector,base,FC26
221087,Far Throw,base,FC26
221125,Incisive Pass,base,FC26
221125,Inventive,base,FC26
221125,Press Proven,base,FC26
221125,Quick Step,base,FC26
221125,Tiki Taka,base,FC26
221168,Precision Header,base,FC26
221197,Rapid,base,FC26
221201,Slide Tackle,base,FC26
221279,Dead Ball,base,FC26
221279,Finesse Shot,base,FC26
221279,Long Ball Pass,base,FC26
221279,Press Proven,base,FC26
221281,Aerial Fortress,base,FC26
221281,Long Ball Pass,base,FC26
221282,Intercept,base,FC26
221282,Slide Tackle,base,FC26
221284,Aerial Fortress,base,FC26
221284,Anticipate,base,FC26
221306,Acrobatic,base,FC26
221306,Rapid,base,FC26
221331,Long Ball Pass,base,FC26
221336,Inventive,base,FC26
221336,Technical,base,FC26
221342,Block,base,FC26
221346,Technical,base,FC26
221363,Finesse Shot,base,FC26
221363,Inventive,base,FC26
221370,Whipped Pass,base,FC26
221445,Finesse Shot,base,FC26
221445,Gamechanger,base,FC26
221445,Precision Header,base,FC26
221445,Technical,base,FC26
221463,Cross Claimer,base,FC26
221463,Far Throw,base,FC26
221463,Footwork,base,FC26
221467,Long Ball Pass,base,FC26
221479,Aerial Fortress,base,FC26
221486,Long Throw,base,FC26
221491,Intercept,base,FC26
221491,Slide Tackle,base,FC26
221531,Long Ball Pass,base,FC26
221551,Long Ball Pass,base,FC26
221551,Slide Tackle,base,FC26
221552,Incisive Pass,base,FC26
221552,Slide Tackle,base,FC26
221584,Far Throw,base,FC26
221584,Footwork,base,FC26
221584,Long Ball Pass,base,FC26
221587,Aerial Fortress,base,FC26
221587,First Touch,base,FC26
221587,Low Driven Shot,base,FC26
221587,Rapid,base,FC26
221587,Whipped Pass,base,FC26
221600,Bruiser,base,FC26
221600,Precision Header,base,FC26
221605,Finesse Shot,base,FC26
221610,Cross Claimer,base,FC26
221652,Long Ball Pass,base,FC26
221652,Precision Header,base,FC26
221658,Anticipate,base,FC26
221658,Precision Header,base,FC26
221671,Aerial Fortress,base,FC26
221671,Finesse Shot,base,FC26
221671,Intercept,base,FC26
221671,Precision Header,base,FC26
221671,Relentless,base,FC26
221680,Long Ball Pass,base,FC26
221692,Enforcer,base,FC26
221697,Chip Shot,base,FC26
221697,Low Driven Shot,base,FC26
221697,Precision Header,base,FC26
221697,Relentless,base,FC26
221705,Aerial Fortress,base,FC26
221705,Incisive Pass,base,FC26
221713,Anticipate,base,FC26
221713,Bruiser,base,FC26
221713,Long Throw,base,FC26
221714,Bruiser,base,FC26
221714,Power Shot,base,FC26
221714,Precision Header,base,FC26
221759,Far Throw,base,FC26
221759,Footwork,base,FC26
221759,Rush Out,base,FC26
221767,Finesse Shot,base,FC26
221772,Finesse Shot,base,FC26
221772,Rapid,base,FC26
221791,Aerial Fortress,base,FC26
221793,Rapid,base,FC26
221797,Technical,base,FC26
221798,Rush Out,base,FC26
221820,Finesse Shot,base,FC26
221820,Incisive Pass,base,FC26
221820,Press Proven,base,FC26
221826,Long Ball Pass,base,FC26
221826,Relentless,base,FC26
221841,Finesse Shot,base,FC26
221844,Cross Claimer,base,FC26
221847,Slide Tackle,base,FC26
221847,Tiki Taka,base,FC26
221855,Rapid,base,FC26
221856,Tiki Taka,base,FC26
221885,Aerial Fortress,base,FC26
221885,Pinged Pass,base,FC26
221896,Finesse Shot,base,FC26
221896,Inventive,base,FC26
221896,Precision Header,base,FC26
221908,Finesse Shot,base,FC26
221908,Incisive Pass,base,FC26
221908,Rapid,base,FC26
221909,Footwork,base,FC26
221912,Far Reach,base,FC26
221919,Gamechanger,base,FC26
221919,Technical,base,FC26
221952,Long Ball Pass,base,FC26
221953,Dead Ball,base,FC26
221953,Quick Step,base,FC26
221953,Whipped Pass,base,FC26
221955,Enforcer,base,FC26
221955,Precision Header,base,FC26
221956,Whipped Pass,base,FC26
221969,Rapid,base,FC26
221982,Finesse Shot,base,FC26
221982,Incisive Pass,base,FC26
221982,Inventive,base,FC26
221982,Technical,base,FC26
221989,Bruiser,base,FC26
221989,Jockey,base,FC26
221990,Intercept,base,FC26
221992,Quick Step,base,FC26
221992,Rapid,base,FC26
221992,Whipped Pass,base,FC26
222028,Aerial Fortress,base,FC26
222028,Intercept,base,FC26
222028,Long Ball Pass,base,FC26
222028,Pinged Pass,base,FC26
222028,Press Proven,base,FC26
222028,Tiki Taka,base,FC26
222041,First Touch,base,FC26
222041,Gamechanger,base,FC26
222041,Power Shot,base,FC26
222045,Bruiser,base,FC26
222065,Incisive Pass,base,FC26
222065,Power Shot,base,FC26
222077,Aerial Fortress,base,FC26
222077,Anticipate,base,FC26
222077,Block,base,FC26
222077,Inventive,base,FC26
222077,Jockey,base,FC26
222077,Long Ball Pass,base,FC26
222077,Relentless,base,FC26
222081,Finesse Shot,base,FC26
222095,Cross Claimer,base,FC26
222109,Whipped Pass,base,FC26
222123,Precision Header,base,FC26
222145,Intercept,base,FC26
222148,Anticipate,base,FC26
222148,Dead Ball,base,FC26
222148,Jockey,base,FC26
222154,Inventive,base,FC26
222154,Technical,base,FC26
222165,Rapid,base,FC26
222168,Power Shot,base,FC26
222168,Precision Header,base,FC26
222168,Relentless,base,FC26
222183,Intercept,base,FC26
222190,Intercept,base,FC26
222191,Long Ball Pass,base,FC26
222215,Anticipate,base,FC26
222215,Intercept,base,FC26
222215,Relentless,base,FC26
222221,Footwork,base,FC26
222227,Intercept,base,FC26
222227,Inventive,base,FC26
222227,Press Proven,base,FC26
222227,Relentless,base,FC26
222235,Precision Header,base,FC26
222262,Enforcer,base,FC26
222262,Low Driven Shot,base,FC26
222262,Precision Header,base,FC26
222263,Footwork,base,FC26
222278,Anticipate,base,FC26
222278,Intercept,base,FC26
222286,Aerial Fortress,base,FC26
222286,Intercept,base,FC26
222286,Precision Header,base,FC26
222329,Quick Step,base,FC26
222329,Rapid,base,FC26
222331,Quick Step,base,FC26
222346,Aerial Fortress,base,FC26
222350,Technical,base,FC26
222350,Whipped Pass,base,FC26
222357,Enforcer,base,FC26
222357,Rapid,base,FC26
222369,Anticipate,base,FC26
222369,Long Ball Pass,base,FC26
222373,First Touch,base,FC26
222373,Technical,base,FC26
222373,Tiki Taka,base,FC26
222388,Quick Step,base,FC26
222388,Rapid,base,FC26
222389,Far Reach,base,FC26
222389,Long Ball Pass,base,FC26
222389,Rush Out,base,FC26
222390,Press Proven,base,FC26
222400,Long Ball Pass,base,FC26
222405,Aerial Fortress,base,FC26
222405,Intercept,base,FC26
222405,Relentless,base,FC26
222405,Slide Tackle,base,FC26
222418,Cross Claimer,base,FC26
222418,Far Throw,base,FC26
222418,Footwork,base,FC26
222428,Aerial Fortress,base,FC26
222428,Block,base,FC26
222428,Jockey,base,FC26
222429,Slide Tackle,base,FC26
222431,Footwork,base,FC26
222440,Relentless,base,FC26
222461,Technical,base,FC26
222464,Cross Claimer,base,FC26
222464,Footwork,base,FC26
222467,Dead Ball,base,FC26
222467,Finesse Shot,base,FC26
222467,First Touch,base,FC26
222467,Inventive,base,FC26
222467,Technical,base,FC26
222472,Long Ball Pass,base,FC26
222475,Aerial Fortress,base,FC26
222475,Precision Header,base,FC26
222477,Incisive Pass,base,FC26
222477,Long Ball Pass,base,FC26
222492,Gamechanger,base,FC26
222492,Power Shot,base,FC26
222492,Quick Step,base,FC26
222492,Rapid,base,FC26
222493,Anticipate,base,FC26
222509,Intercept,base,FC26
222509,Jockey,base,FC26
222509,Technical,base,FC26
222509,Whipped Pass,base,FC26
222514,Footwork,base,FC26
222514,Long Ball Pass,base,FC26
222514,Rush Out,base,FC26
222542,Long Ball Pass,base,FC26
222542,Long Throw,base,FC26
222557,Aerial Fortress,base,FC26
222557,Intercept,base,FC26
222562,Deflector,base,FC26
222562,Long Ball Pass,base,FC26
222572,Cross Claimer,base,FC26
222582,Aerial Fortress,base,FC26
222582,Anticipate,base,FC26
222582,Slide Tackle,base,FC26
222583,Long Ball Pass,base,FC26
222583,Long Throw,base,FC26
222583,Power Shot,base,FC26
222625,Jockey,base,FC26
222665,First Touch,base,FC26
222665,Inventive,base,FC26
222665,Pinged Pass,base,FC26
222665,Technical,base,FC26
222665,Incisive Pass,plus,FC26
222693,Rapid,base,FC26
222709,Aerial Fortress,base,FC26
222709,Anticipate,base,FC26
222714,Aerial Fortress,base,FC26
222724,Finesse Shot,base,FC26
222724,Quick Step,base,FC26
222724,Technical,base,FC26
222729,Aerial Fortress,base,FC26
222729,Enforcer,base,FC26
222729,Precision Header,base,FC26
222734,Block,base,FC26
222734,Dead Ball,base,FC26
222734,Relentless,base,FC26
222734,Whipped Pass,base,FC26
222737,Dead Ball,base,FC26
222737,Incisive Pass,base,FC26
222737,Inventive,base,FC26
222737,Low Driven Shot,base,FC26
222737,Rapid,base,FC26
222737,Relentless,base,FC26
222737,Whipped Pass,base,FC26
222836,Aerial Fortress,base,FC26
222838,Anticipate,base,FC26
222838,Slide Tackle,base,FC26
222875,Anticipate,base,FC26
222875,Inventive,base,FC26
222875,Quick Step,base,FC26
222875,Rapid,base,FC26
222878,Finesse Shot,base,FC26
222900,Far Reach,base,FC26
222908,Footwork,base,FC26
222959,Enforcer,base,FC26
222959,Incisive Pass,base,FC26
222959,Press Proven,base,FC26
222959,Quick Step,base,FC26
222994,Slide Tackle,base,FC26
223054,Gamechanger,base,FC26
223061,Inventive,base,FC26
223061,Quick Step,base,FC26
223064,Aerial Fortress,base,FC26
223064,Bruiser,base,FC26
223064,Intercept,base,FC26
223064,Jockey,base,FC26
223069,Aerial Fortress,base,FC26
223069,Precision Header,base,FC26
223069,Slide Tackle,base,FC26
223073,Chip Shot,base,FC26
223082,Cross Claimer,base,FC26
223082,Rush Out,base,FC26
223099,Enforcer,base,FC26
223115,Enforcer,base,FC26
223115,Precision Header,base,FC26
223137,Incisive Pass,base,FC26
223138,Bruiser,base,FC26
223138,Long Ball Pass,base,FC26
223143,Rapid,base,FC26
223143,Whipped Pass,base,FC26
223150,Deflector,base,FC26
223150,Far Throw,base,FC26
223154,Precision Header,base,FC26
223157,Aerial Fortress,base,FC26
223157,Precision Header,base,FC26
223157,Press Proven,base,FC26
223159,Aerial Fortress,base,FC26
223159,Intercept,base,FC26
223159,Precision Header,base,FC26
223175,Footwork,base,FC26
223197,Dead Ball,base,FC26
223197,Power Shot,base,FC26
223198,Long Throw,base,FC26
223229,Jockey,base,FC26
223229,Long Throw,base,FC26
223231,Finesse Shot,base,FC26
223243,Aerial Fortress,base,FC26
223243,Long Ball Pass,base,FC26
223253,Anticipate,base,FC26
223253,Block,base,FC26
223253,Jockey,base,FC26
223273,Aerial Fortress,base,FC26
223298,Dead Ball,base,FC26
223298,Relentless,base,FC26
223302,Aerial Fortress,base,FC26
223302,First Touch,base,FC26
223302,Incisive Pass,base,FC26
223302,Relentless,base,FC26
223302,Technical,base,FC26
223307,Slide Tackle,base,FC26
223334,Aerial Fortress,base,FC26
223334,Bruiser,base,FC26
223334,Enforcer,base,FC26
223334,Press Proven,base,FC26
223334,Relentless,base,FC26
223335,Slide Tackle,base,FC26
223344,Finesse Shot,base,FC26
223344,Inventive,base,FC26
223344,Rapid,base,FC26
223355,Power Shot,base,FC26
223373,Aerial Fortress,base,FC26
223373,Intercept,base,FC26
223381,Aerial Fortress,base,FC26
223381,Anticipate,base,FC26
223381,Block,base,FC26
223381,Long Ball Pass,base,FC26
223381,Long Throw,base,FC26
223381,Precision Header,base,FC26
223381,Slide Tackle,base,FC26
223427,Aerial Fortress,base,FC26
223427,Block,base,FC26
223427,Intercept,base,FC26
223427,Slide Tackle,base,FC26
223489,Finesse Shot,base,FC26
223510,Aerial Fortress,base,FC26
223524,Long Ball Pass,base,FC26
223550,Far Reach,base,FC26
223558,Footwork,base,FC26
223566,Aerial Fortress,base,FC26
223566,Intercept,base,FC26
223566,Long Ball Pass,base,FC26
223566,Precision Header,base,FC26
223593,Enforcer,base,FC26
223593,Finesse Shot,base,FC26
223593,Low Driven Shot,base,FC26
223597,Rapid,base,FC26
223597,Relentless,base,FC26
223597,Whipped Pass,base,FC26
223629,Finesse Shot,base,FC26
223633,Dead Ball,base,FC26
223633,Slide Tackle,base,FC26
223633,Whipped Pass,base,FC26
223637,Inventive,base,FC26
223637,Quick Step,base,FC26
223637,Rapid,base,FC26
223637,Whipped Pass,base,FC26
223663,Aerial Fortress,base,FC26
223663,Dead Ball,base,FC26
223663,Finesse Shot,base,FC26
223663,Incisive Pass,base,FC26
223663,Inventive,base,FC26
223663,Long Ball Pass,base,FC26
223671,Anticipate,base,FC26
223671,Bruiser,base,FC26
223676,Intercept,base,FC26
223676,Jockey,base,FC26
223676,Long Throw,base,FC26
223678,Long Ball Pass,base,FC26
223680,Aerial Fortress,base,FC26
223680,Anticipate,base,FC26
223680,Slide Tackle,base,FC26
223685,Enforcer,base,FC26
223685,Precision Header,base,FC26
223686,Cross Claimer,base,FC26
223686,Deflector,base,FC26
223689,Enforcer,base,FC26
223689,Precision Header,base,FC26
223694,Long Ball Pass,base,FC26
223694,Slide Tackle,base,FC26
223696,Technical,base,FC26
223710,Enforcer,base,FC26
223710,Power Shot,base,FC26
223710,Precision Header,base,FC26
223724,Bruiser,base,FC26
223727,Footwork,base,FC26
223740,Long Ball Pass,base,FC26
223746,Dead Ball,base,FC26
223746,Finesse Shot,base,FC26
223746,Power Shot,base,FC26
223751,Slide Tackle,base,FC26
223755,Finesse Shot,base,FC26
223755,Gamechanger,base,FC26
223755,Low Driven Shot,base,FC26
223755,Press Proven,base,FC26
223763,Bruiser,base,FC26
223763,Jockey,base,FC26
223763,Precision Header,base,FC26
223779,Intercept,base,FC26
223779,Long Ball Pass,base,FC26
223779,Relentless,base,FC26
223790,Rapid,base,FC26
223810,Long Ball Pass,base,FC26
223810,Pinged Pass,base,FC26
223814,Aerial Fortress,base,FC26
223814,Block,base,FC26
223814,Bruiser,base,FC26
223814,Intercept,base,FC26
223814,Precision Header,base,FC26
223816,Chip Shot,base,FC26
223816,Gamechanger,base,FC26
223818,Precision Header,base,FC26
223827,Cross Claimer,base,FC26
223848,Aerial Fortress,base,FC26
223848,Dead Ball,base,FC26
223848,First Touch,base,FC26
223848,Incisive Pass,base,FC26
223848,Inventive,base,FC26
223848,Pinged Pass,base,FC26
223848,Precision Header,base,FC26
223852,Aerial Fortress,base,FC26
223852,Block,base,FC26
223853,Dead Ball,base,FC26
223853,Incisive Pass,base,FC26
223853,Long Ball Pass,base,FC26
223866,Anticipate,base,FC26
223866,Dead Ball,base,FC26
223866,Jockey,base,FC26
223871,Dead Ball,base,FC26
223871,Inventive,base,FC26
223871,Long Ball Pass,base,FC26
223871,Whipped Pass,base,FC26
223874,Incisive Pass,base,FC26
223874,Press Proven,base,FC26
223874,Relentless,base,FC26
223877,Aerial Fortress,base,FC26
223877,Intercept,base,FC26
223877,Long Throw,base,FC26
223885,Deflector,base,FC26
223885,Footwork,base,FC26
223898,Cross Claimer,base,FC26
223898,Footwork,base,FC26
223907,Anticipate,base,FC26
223907,Long Throw,base,FC26
223907,Rapid,base,FC26
223907,Relentless,base,FC26
223909,Cross Claimer,base,FC26
223909,Footwork,base,FC26
223909,Long Ball Pass,base,FC26
223933,Enforcer,base,FC26
223933,Precision Header,base,FC26
223952,Footwork,base,FC26
223952,Long Ball Pass,base,FC26
223959,Anticipate,base,FC26
223959,Intercept,base,FC26
223959,Jockey,base,FC26
223959,Long Ball Pass,base,FC26
223959,Relentless,base,FC26
223959,Slide Tackle,base,FC26
223959,Tiki Taka,base,FC26
223969,Long Ball Pass,base,FC26
223977,Quick Step,base,FC26
223977,Rapid,base,FC26
223978,Inventive,base,FC26
223978,Long Ball Pass,base,FC26
223978,Technical,base,FC26
223979,Finesse Shot,base,FC26
223979,Technical,base,FC26
223979,Trickster,base,FC26
223981,Block,base,FC26
223981,Jockey,base,FC26
223981,Long Throw,base,FC26
223998,Aerial Fortress,base,FC26
223998,Intercept,base,FC26
224003,Cross Claimer,base,FC26
224003,Far Throw,base,FC26
224003,Footwork,base,FC26
224003,Long Ball Pass,base,FC26
224013,Slide Tackle,base,FC26
224013,Technical,base,FC26
224019,Long Ball Pass,base,FC26
224019,Slide Tackle,base,FC26
224030,Dead Ball,base,FC26
224030,Incisive Pass,base,FC26
224030,Relentless,base,FC26
224031,Quick Step,base,FC26
224031,Rapid,base,FC26
224041,Far Throw,base,FC26
224041,Footwork,base,FC26
224049,Aerial Fortress,base,FC26
224049,Block,base,FC26
224049,Bruiser,base,FC26
224062,Aerial Fortress,base,FC26
224067,Anticipate,base,FC26
224067,Bruiser,base,FC26
224067,Intercept,base,FC26
224067,Jockey,base,FC26
224067,Long Ball Pass,base,FC26
224067,Tiki Taka,base,FC26
224081,Slide Tackle,base,FC26
224093,Jockey,base,FC26
224093,Slide Tackle,base,FC26
224094,Aerial Fortress,base,FC26
224094,Bruiser,base,FC26
224115,Intercept,base,FC26
224115,Jockey,base,FC26
224115,Long Throw,base,FC26
224115,Slide Tackle,base,FC26
224130,Cross Claimer,base,FC26
224146,Finesse Shot,base,FC26
224146,First Touch,base,FC26
224146,Low Driven Shot,base,FC26
224146,Precision Header,base,FC26
224146,Technical,base,FC26
224158,Press Proven,base,FC26
224158,Relentless,base,FC26
224158,Slide Tackle,base,FC26
224163,Precision Header,base,FC26
224179,Enforcer,base,FC26
224185,Dead Ball,base,FC26
224186,Aerial Fortress,base,FC26
224186,Bruiser,base,FC26
224189,Long Ball Pass,base,FC26
224196,Bruiser,base,FC26
224196,Chip Shot,base,FC26
224196,Slide Tackle,plus,FC26
224211,Jockey,base,FC26
224211,Long Ball Pass,base,FC26
224221,Aerial Fortress,base,FC26
224221,Bruiser,base,FC26
224221,Intercept,base,FC26
224221,Long Ball Pass,base,FC26
224225,Aerial Fortress,base,FC26
224225,Precision Header,base,FC26
224232,Incisive Pass,base,FC26
224232,Intercept,base,FC26
224232,Jockey,base,FC26
224232,Long Ball Pass,base,FC26
224232,Pinged Pass,base,FC26
224232,Press Proven,base,FC26
224232,Relentless,plus,FC26
224238,Aerial Fortress,base,FC26
224241,Far Reach,base,FC26
224241,Far Throw,base,FC26
224241,Long Ball Pass,base,FC26
224251,Far Throw,base,FC26
224251,Footwork,base,FC26
224252,Finesse Shot,base,FC26
224252,Inventive,base,FC26
224252,Technical,base,FC26
224252,Whipped Pass,base,FC26
224258,Slide Tackle,base,FC26
224263,Intercept,base,FC26
224263,Jockey,base,FC26
224265,Slide Tackle,base,FC26
224271,Rapid,base,FC26
224293,Aerial Fortress,base,FC26
224293,Dead Ball,base,FC26
224293,Intercept,base,FC26
224293,Inventive,base,FC26
224293,Long Ball Pass,base,FC26
224293,Whipped Pass,base,FC26
224294,Aerial Fortress,base,FC26
224294,Intercept,base,FC26
224294,Press Proven,base,FC26
224301,Precision Header,base,FC26
224302,Block,base,FC26
224309,Slide Tackle,base,FC26
224322,Cross Claimer,base,FC26
224324,Precision Header,base,FC26
224334,Anticipate,base,FC26
224334,Bruiser,base,FC26
224334,Inventive,base,FC26
224334,Long Ball Pass,base,FC26
224334,Power Shot,base,FC26
224334,Relentless,base,FC26
224336,Aerial Fortress,base,FC26
224336,Anticipate,base,FC26
224336,Block,base,FC26
224336,Intercept,base,FC26
224336,Precision Header,base,FC26
224348,Cross Claimer,base,FC26
224348,Footwork,base,FC26
224371,Gamechanger,base,FC26
224371,Low Driven Shot,base,FC26
224371,Precision Header,base,FC26
224371,Technical,base,FC26
224378,Precision Header,base,FC26
224389,Finesse Shot,base,FC26
224389,First Touch,base,FC26
224389,Gamechanger,base,FC26
224389,Pinged Pass,base,FC26
224389,Power Shot,base,FC26
224389,Rapid,base,FC26
224395,Aerial Fortress,base,FC26
224396,Aerial Fortress,base,FC26
224396,Bruiser,base,FC26
224396,Intercept,base,FC26
224396,Precision Header,base,FC26
224403,Long Ball Pass,base,FC26
224411,Power Shot,base,FC26
224411,Rapid,base,FC26
224415,Whipped Pass,base,FC26
224422,Finesse Shot,base,FC26
224422,Rapid,base,FC26
224423,Power Shot,base,FC26
224423,Whipped Pass,base,FC26
224424,Dead Ball,base,FC26
224424,First Touch,base,FC26
224424,Press Proven,base,FC26
224424,Tiki Taka,base,FC26
224424,Whipped Pass,base,FC26
224426,Bruiser,base,FC26
224428,Power Shot,base,FC26
224428,Precision Header,base,FC26
224428,Quick Step,base,FC26
224428,Rapid,base,FC26
224430,Dead Ball,base,FC26
224438,Precision Header,base,FC26
224442,Footwork,base,FC26
224444,Relentless,base,FC26
224466,Quick Step,base,FC26
224466,Technical,base,FC26
224466,Whipped Pass,base,FC26
224470,Long Ball Pass,base,FC26
224475,Cross Claimer,base,FC26
224483,Incisive Pass,base,FC26
224483,Intercept,base,FC26
224483,Technical,base,FC26
224494,Quick Step,base,FC26
224494,Rapid,base,FC26
224504,Technical,base,FC26
224508,Finesse Shot,base,FC26
224508,Low Driven Shot,base,FC26
224510,Low Driven Shot,base,FC26
224511,Rapid,base,FC26
224518,Inventive,base,FC26
224518,Press Proven,base,FC26
224520,Power Shot,base,FC26
224520,Quick Step,base,FC26
224520,Technical,base,FC26
224540,Aerial Fortress,base,FC26
224540,Quick Step,base,FC26
224540,Rapid,base,FC26
224543,Deflector,base,FC26
224544,Jockey,base,FC26
224549,Whipped Pass,base,FC26
224558,Long Ball Pass,base,FC26
224574,Relentless,base,FC26
224574,Technical,base,FC26
224590,Dead Ball,base,FC26
224590,Relentless,base,FC26
224591,Aerial Fortress,base,FC26
224591,Press Proven,base,FC26
224599,Footwork,base,FC26
224611,Block,base,FC26
224611,Intercept,base,FC26
224618,First Touch,base,FC26
224648,Whipped Pass,base,FC26
224656,Long Throw,base,FC26
224656,Quick Step,base,FC26
224662,Quick Step,base,FC26
224662,Rapid,base,FC26
224690,Aerial Fortress,base,FC26
224701,Bruiser,base,FC26
224724,Precision Header,base,FC26
224763,Anticipate,base,FC26
224763,Long Ball Pass,base,FC26
224763,Slide Tackle,base,FC26
224793,Quick Step,base,FC26
224793,Rapid,base,FC26
224821,Aerial Fortress,base,FC26
224821,Intercept,base,FC26
224821,Jockey,base,FC26
224821,Long Ball Pass,base,FC26
224821,Pinged Pass,base,FC26
224821,Precision Header,base,FC26
224836,Far Throw,base,FC26
224836,Footwork,base,FC26
224836,Long Ball Pass,base,FC26
224841,Intercept,base,FC26
224841,Long Ball Pass,base,FC26
224841,Long Throw,base,FC26
224841,Precision Header,base,FC26
224842,Inventive,base,FC26
224874,Finesse Shot,base,FC26
224874,Incisive Pass,base,FC26
224883,Aerial Fortress,base,FC26
224883,Enforcer,base,FC26
224883,Precision Header,base,FC26
224885,Bruiser,base,FC26
224885,Dead Ball,base,FC26
224885,Intercept,base,FC26
224885,Long Ball Pass,base,FC26
224885,Whipped Pass,base,FC26
224890,Aerial Fortress,base,FC26
224890,Low Driven Shot,base,FC26
224890,Power Shot,base,FC26
224890,Whipped Pass,base,FC26
224915,Quick Step,base,FC26
224915,Technical,base,FC26
224921,Block,base,FC26
224921,Long Throw,base,FC26
224933,Rapid,base,FC26
224947,Footwork,base,FC26
224947,Long Ball Pass,base,FC26
224956,Incisive Pass,base,FC26
224956,Inventive,base,FC26
224956,Technical,base,FC26
224959,Slide Tackle,base,FC26
224962,Technical,base,FC26
224967,Enforcer,base,FC26
224970,Dead Ball,base,FC26
224970,Finesse Shot,base,FC26
224970,First Touch,base,FC26
224970,Technical,base,FC26
224970,Whipped Pass,base,FC26
224982,Chip Shot,base,FC26
224982,Finesse Shot,base,FC26
224982,Incisive Pass,base,FC26
224982,Inventive,base,FC26
224982,Long Ball Pass,base,FC26
224982,Press Proven,base,FC26
224982,Relentless,base,FC26
224987,Deflector,base,FC26
224987,Footwork,base,FC26
224987,Long Ball Pass,base,FC26
225001,Aerial Fortress,base,FC26
225001,Precision Header,base,FC26
225014,Technical,base,FC26
225071,Aerial Fortress,base,FC26
225072,Intercept,base,FC26
225072,Long Ball Pass,base,FC26
225072,Long Throw,base,FC26
225075,Finesse Shot,base,FC26
225075,Technical,base,FC26
225077,Aerial Fortress,base,FC26
225085,Inventive,base,FC26
225085,Quick Step,base,FC26
225085,Rapid,base,FC26
225087,Long Throw,base,FC26
225087,Quick Step,base,FC26
225087,Rapid,base,FC26
225100,Long Throw,base,FC26
225106,Slide Tackle,base,FC26
225125,Rapid,base,FC26
225126,Intercept,base,FC26
225126,Press Proven,base,FC26
225126,Relentless,base,FC26
225134,Cross Claimer,base,FC26
225134,Footwork,base,FC26
225134,Long Ball Pass,base,FC26
225147,Long Ball Pass,base,FC26
225147,Long Throw,base,FC26
225149,Cross Claimer,base,FC26
225149,Long Ball Pass,base,FC26
225152,Chip Shot,base,FC26
225174,Long Ball Pass,base,FC26
225189,Dead Ball,base,FC26
225189,Finesse Shot,base,FC26
225189,Relentless,base,FC26
225193,Aerial Fortress,base,FC26
225193,Power Shot,base,FC26
225193,Precision Header,base,FC26
225193,Relentless,base,FC26
225200,Technical,base,FC26
225201,Finesse Shot,base,FC26
225201,Rapid,base,FC26
225203,Cross Claimer,base,FC26
225203,Far Throw,base,FC26
225203,Footwork,base,FC26
225203,Long Ball Pass,base,FC26
225213,Far Throw,base,FC26
225213,Long Ball Pass,base,FC26
225251,Whipped Pass,base,FC26
225263,Aerial Fortress,base,FC26
225263,Bruiser,base,FC26
225266,Aerial Fortress,base,FC26
225266,Relentless,base,FC26
225273,Anticipate,base,FC26
225273,Bruiser,base,FC26
225273,Jockey,base,FC26
225273,Long Throw,base,FC26
225273,Whipped Pass,base,FC26
225279,Aerial Fortress,base,FC26
225280,Cross Claimer,base,FC26
225280,Footwork,base,FC26
225280,Long Ball Pass,base,FC26
225289,Rapid,base,FC26
225293,Aerial Fortress,base,FC26
225309,Dead Ball,base,FC26
225309,Finesse Shot,base,FC26
225309,Gamechanger,base,FC26
225309,Pinged Pass,base,FC26
225309,Technical,base,FC26
225316,Aerial Fortress,base,FC26
225316,Long Ball Pass,base,FC26
225342,Cross Claimer,base,FC26
225342,Footwork,base,FC26
225361,Far Throw,base,FC26
225361,Footwork,base,FC26
225361,Long Ball Pass,base,FC26
225375,Block,base,FC26
225375,Bruiser,base,FC26
225375,Relentless,base,FC26
225381,Incisive Pass,base,FC26
225383,Long Ball Pass,base,FC26
225395,Cross Claimer,base,FC26
225395,Far Throw,base,FC26
225395,Footwork,base,FC26
225396,Jockey,base,FC26
225403,Finesse Shot,base,FC26
225403,First Touch,base,FC26
225403,Incisive Pass,base,FC26
225403,Power Shot,base,FC26
225403,Technical,base,FC26
225403,Whipped Pass,base,FC26
225406,Cross Claimer,base,FC26
225410,Slide Tackle,base,FC26
225428,Anticipate,base,FC26
225428,Incisive Pass,base,FC26
225428,Jockey,base,FC26
225439,Finesse Shot,base,FC26
225441,Incisive Pass,base,FC26
225441,Inventive,base,FC26
225475,Power Shot,base,FC26
225478,Anticipate,base,FC26
225478,Incisive Pass,base,FC26
225478,Inventive,base,FC26
225478,Press Proven,base,FC26
225487,Intercept,base,FC26
225487,Jockey,base,FC26
225498,Slide Tackle,base,FC26
225508,Slide Tackle,base,FC26
225509,Finesse Shot,base,FC26
225509,Gamechanger,base,FC26
225523,Anticipate,base,FC26
225523,Whipped Pass,base,FC26
225533,Precision Header,base,FC26
225536,Incisive Pass,base,FC26
225536,Rapid,base,FC26
225539,Acrobatic,base,FC26
225539,Precision Header,base,FC26
225555,Block,base,FC26
225555,Bruiser,base,FC26
225555,Intercept,base,FC26
225555,Jockey,base,FC26
225555,Long Throw,base,FC26
225589,Aerial Fortress,base,FC26
225589,Anticipate,base,FC26
225600,Long Throw,base,FC26
225625,Rapid,base,FC26
225629,Incisive Pass,base,FC26
225632,Quick Step,base,FC26
225632,Rapid,base,FC26
225636,Anticipate,base,FC26
225647,Far Reach,base,FC26
225647,Far Throw,base,FC26
225647,Long Ball Pass,base,FC26
225653,Chip Shot,base,FC26
225653,Enforcer,base,FC26
225653,Gamechanger,base,FC26
225653,Quick Step,base,FC26
225653,Rapid,base,FC26
225659,Anticipate,base,FC26
225659,Bruiser,base,FC26
225659,Slide Tackle,base,FC26
225663,Finesse Shot,base,FC26
225663,First Touch,base,FC26
225663,Incisive Pass,base,FC26
225663,Technical,base,FC26
225667,Acrobatic,base,FC26
225667,Finesse Shot,base,FC26
225667,Incisive Pass,base,FC26
225679,Block,base,FC26
225679,Slide Tackle,base,FC26
225685,Relentless,base,FC26
225685,Whipped Pass,base,FC26
225692,Block,base,FC26
225692,Relentless,base,FC26
225696,Finesse Shot,base,FC26
225696,Technical,base,FC26
225699,Relentless,base,FC26
225701,Footwork,base,FC26
225719,Finesse Shot,base,FC26
225719,First Touch,base,FC26
225733,Dead Ball,base,FC26
225733,Gamechanger,base,FC26
225733,Long Ball Pass,base,FC26
225733,Low Driven Shot,base,FC26
225733,Power Shot,base,FC26
225733,Technical,base,FC26
225734,Rapid,base,FC26
225735,Enforcer,base,FC26
225735,Gamechanger,base,FC26
225738,Technical,base,FC26
225739,Long Ball Pass,base,FC26
225748,First Touch,base,FC26
225748,Inventive,base,FC26
225748,Technical,base,FC26
225751,Cross Claimer,base,FC26
225757,Pinged Pass,base,FC26
225757,Press Proven,base,FC26
225766,Cross Claimer,base,FC26
225766,Footwork,base,FC26
225769,Anticipate,base,FC26
225769,Inventive,base,FC26
225769,Long Ball Pass,base,FC26
225769,Slide Tackle,base,FC26
225772,Aerial Fortress,base,FC26
225775,Intercept,base,FC26
225779,Anticipate,base,FC26
225779,Inventive,base,FC26
225779,Press Proven,base,FC26
225782,Rapid,base,FC26
225783,Quick Step,base,FC26
225783,Rapid,base,FC26
225785,Inventive,base,FC26
225785,Technical,base,FC26
225811,Rapid,base,FC26
225844,Dead Ball,base,FC26
225844,Finesse Shot,base,FC26
225844,Gamechanger,base,FC26
225844,Power Shot,base,FC26
225844,Technical,base,FC26
225844,Whipped Pass,base,FC26
225853,Block,base,FC26
225853,Precision Header,base,FC26
225855,Power Shot,base,FC26
225859,Long Throw,base,FC26
225863,Intercept,base,FC26
225863,Long Ball Pass,base,FC26
225868,Footwork,base,FC26
225872,Chip Shot,base,FC26
225872,Finesse Shot,base,FC26
225872,Intercept,base,FC26
225873,Long Throw,base,FC26
225878,Finesse Shot,base,FC26
225878,Gamechanger,base,FC26
225878,Rapid,base,FC26
225926,Finesse Shot,base,FC26
225926,First Touch,base,FC26
225926,Power Shot,base,FC26
225926,Rapid,base,FC26
225931,Pinged Pass,base,FC26
225931,Press Proven,base,FC26
225948,Aerial Fortress,base,FC26
225948,Precision Header,base,FC26
225951,Finesse Shot,base,FC26
225951,Gamechanger,base,FC26
225951,Power Shot,base,FC26
225951,Quick Step,base,FC26
225951,Technical,base,FC26
225953,Gamechanger,base,FC26
225953,Power Shot,base,FC26
225953,Technical,base,FC26
225956,Quick Step,base,FC26
225956,Rapid,base,FC26
225974,Aerial Fortress,base,FC26
225993,Cross Claimer,base,FC26
225993,Far Throw,base,FC26
225993,Footwork,base,FC26
225995,Long Ball Pass,base,FC26
225996,Long Ball Pass,base,FC26
225996,Whipped Pass,base,FC26
226012,Dead Ball,base,FC26
226012,Whipped Pass,base,FC26
226035,Chip Shot,base,FC26
226035,Quick Step,base,FC26
226035,Rapid,base,FC26
226050,Rapid,base,FC26
226093,Gamechanger,base,FC26
226093,Power Shot,base,FC26
226096,Dead Ball,base,FC26
226096,Gamechanger,base,FC26
226096,Incisive Pass,base,FC26
226096,Inventive,base,FC26
226096,Power Shot,base,FC26
226096,Technical,base,FC26
226096,Whipped Pass,base,FC26
226102,Aerial Fortress,base,FC26
226102,Block,base,FC26
226102,Bruiser,base,FC26
226102,Intercept,base,FC26
226102,Precision Header,base,FC26
226103,Rapid,base,FC26
226108,Slide Tackle,base,FC26
226110,Finesse Shot,base,FC26
226110,Inventive,base,FC26
226110,Technical,base,FC26
226116,Aerial Fortress,base,FC26
226116,Intercept,base,FC26
226129,Aerial Fortress,base,FC26
226129,Intercept,base,FC26
226129,Precision Header,base,FC26
226151,Precision Header,base,FC26
226161,Power Shot,base,FC26
226161,Quick Step,base,FC26
226161,Rapid,base,FC26
226161,Relentless,base,FC26
226161,Whipped Pass,base,FC26
226162,Slide Tackle,base,FC26
226162,Technical,base,FC26
226166,Slide Tackle,base,FC26
226167,Long Throw,base,FC26
226168,Aerial Fortress,base,FC26
226168,Bruiser,base,FC26
226168,Intercept,base,FC26
226172,Long Ball Pass,base,FC26
226172,Technical,base,FC26
226221,Jockey,base,FC26
226226,Dead Ball,base,FC26
226226,Finesse Shot,base,FC26
226226,Incisive Pass,base,FC26
226226,Technical,base,FC26
226229,Bruiser,base,FC26
226229,Precision Header,base,FC26
226268,Dead Ball,base,FC26
226268,Finesse Shot,base,FC26
226268,First Touch,base,FC26
226268,Low Driven Shot,base,FC26
226268,Power Shot,base,FC26
226268,Whipped Pass,base,FC26
226271,Finesse Shot,base,FC26
226271,First Touch,base,FC26
226271,Long Ball Pass,base,FC26
226271,Tiki Taka,base,FC26
226286,Aerial Fortress,base,FC26
226286,First Touch,base,FC26
226286,Precision Header,base,FC26
226300,Far Throw,base,FC26
226300,Footwork,base,FC26
226300,Long Ball Pass,base,FC26
226370,Dead Ball,base,FC26
226370,Incisive Pass,base,FC26
226370,Technical,base,FC26
226370,Whipped Pass,base,FC26
226376,Dead Ball,base,FC26
226376,Finesse Shot,base,FC26
226376,Incisive Pass,base,FC26
226377,First Touch,base,FC26
226377,Long Ball Pass,base,FC26
226377,Power Shot,base,FC26
226377,Technical,base,FC26
226377,Trickster,base,FC26
226378,Chip Shot,base,FC26
226378,Finesse Shot,base,FC26
226385,Rapid,base,FC26
226386,Long Ball Pass,base,FC26
226401,Technical,base,FC26
226419,Inventive,base,FC26
226419,Technical,base,FC26
226419,Trickster,base,FC26
226429,First Touch,base,FC26
226429,Incisive Pass,base,FC26
226429,Technical,base,FC26
226430,Gamechanger,base,FC26
226430,Technical,base,FC26
226431,Aerial Fortress,base,FC26
226431,Technical,base,FC26
226436,Long Throw,base,FC26
226447,Block,base,FC26
226456,Technical,base,FC26
226491,Jockey,base,FC26
226491,Long Throw,base,FC26
226495,Rapid,base,FC26
226506,Bruiser,base,FC26
226506,Long Ball Pass,base,FC26
226508,Incisive Pass,base,FC26
226508,Jockey,base,FC26
226508,Pinged Pass,base,FC26
226514,Long Throw,base,FC26
226515,Aerial Fortress,base,FC26
226515,Block,base,FC26
226515,Bruiser,base,FC26
226515,Intercept,base,FC26
226515,Long Ball Pass,base,FC26
226515,Power Shot,base,FC26
226517,Dead Ball,base,FC26
226517,Finesse Shot,base,FC26
226517,Jockey,base,FC26
226517,Long Ball Pass,base,FC26
226517,Whipped Pass,base,FC26
226518,Bruiser,base,FC26
226518,Long Ball Pass,base,FC26
226523,Slide Tackle,base,FC26
226537,Aerial Fortress,base,FC26
226537,Enforcer,base,FC26
226537,Low Driven Shot,base,FC26
226537,Power Shot,base,FC26
226537,Slide Tackle,base,FC26
226539,Dead Ball,base,FC26
226539,Incisive Pass,base,FC26
226539,Technical,base,FC26
226583,Aerial Fortress,base,FC26
226583,Enforcer,base,FC26
226584,Technical,base,FC26
226616,Bruiser,base,FC26
226616,Long Ball Pass,base,FC26
226627,Incisive Pass,base,FC26
226651,Press Proven,base,FC26
226652,Intercept,base,FC26
226652,Relentless,base,FC26
226652,Slide Tackle,base,FC26
226656,Cross Claimer,base,FC26
226671,Intercept,base,FC26
226671,Pinged Pass,base,FC26
226677,Long Ball Pass,base,FC26
226705,Rapid,base,FC26
226710,Enforcer,base,FC26
226720,Rapid,base,FC26
226737,Slide Tackle,base,FC26
226753,Rush Out,base,FC26
226754,Incisive Pass,base,FC26
226754,Technical,base,FC26
226754,Tiki Taka,base,FC26
226766,Inventive,base,FC26
226766,Quick Step,base,FC26
226766,Technical,base,FC26
226766,Trickster,base,FC26
226772,Aerial Fortress,base,FC26
226772,Intercept,base,FC26
226772,Long Ball Pass,base,FC26
226772,Slide Tackle,base,FC26
226777,Enforcer,base,FC26
226777,Low Driven Shot,base,FC26
226786,Cross Claimer,base,FC26
226786,Far Throw,base,FC26
226789,Incisive Pass,base,FC26
226789,Inventive,base,FC26
226790,Block,base,FC26
226791,Jockey,base,FC26
226793,Slide Tackle,base,FC26
226797,Dead Ball,base,FC26
226797,Incisive Pass,base,FC26
226797,Pinged Pass,base,FC26
226797,Whipped Pass,base,FC26
226798,Bruiser,base,FC26
226798,Tiki Taka,base,FC26
226803,Long Ball Pass,base,FC26
226807,Long Ball Pass,base,FC26
226807,Rapid,base,FC26
226807,Relentless,base,FC26
226838,Cross Claimer,base,FC26
226851,Jockey,plus,FC26
226853,Intercept,base,FC26
226853,Long Ball Pass,base,FC26
226853,Quick Step,base,FC26
226855,Precision Header,base,FC26
226855,Slide Tackle,base,FC26
226866,Technical,base,FC26
226877,Technical,base,FC26
226958,Low Driven Shot,base,FC26
226958,Precision Header,base,FC26
227040,Precision Header,base,FC26
227055,Rapid,base,FC26
227082,Relentless,base,FC26
227082,Technical,base,FC26
227127,Far Throw,base,FC26
227127,Footwork,base,FC26
227127,Long Ball Pass,base,FC26
227174,Long Throw,base,FC26
227186,Cross Claimer,base,FC26
227186,Far Throw,base,FC26
227186,Footwork,base,FC26
227232,Acrobatic,base,FC26
227232,Aerial Fortress,base,FC26
227232,Precision Header,base,FC26
227232,Relentless,base,FC26
227234,Bruiser,base,FC26
227234,Pinged Pass,base,FC26
227234,Press Proven,base,FC26
227234,Relentless,base,FC26
227236,Aerial Fortress,base,FC26
227236,Precision Header,base,FC26
227236,Press Proven,base,FC26
227236,Relentless,base,FC26
227278,Aerial Fortress,base,FC26
227278,Anticipate,base,FC26
227278,Intercept,base,FC26
227288,Dead Ball,base,FC26
227288,Long Ball Pass,base,FC26
227290,Far Throw,base,FC26
227290,Footwork,base,FC26
227370,Far Throw,base,FC26
227370,Footwork,base,FC26
227370,Long Ball Pass,base,FC26
227394,Precision Header,base,FC26
227477,Cross Claimer,base,FC26
227477,Footwork,base,FC26
227511,Aerial Fortress,base,FC26
227520,Block,base,FC26
227520,Bruiser,base,FC26
227527,Enforcer,base,FC26
227527,Finesse Shot,base,FC26
227527,Gamechanger,base,FC26
227527,Precision Header,base,FC26
227528,Low Driven Shot,base,FC26
227528,Rapid,base,FC26
227535,First Touch,base,FC26
227537,Chip Shot,base,FC26
227537,Enforcer,base,FC26
227537,Precision Header,base,FC26
227549,Slide Tackle,base,FC26
227550,Aerial Fortress,base,FC26
227550,Jockey,base,FC26
227550,Precision Header,base,FC26
227558,Acrobatic,base,FC26
227558,Enforcer,base,FC26
227558,Precision Header,base,FC26
227562,Finesse Shot,base,FC26
227562,First Touch,base,FC26
227562,Long Throw,base,FC26
227562,Technical,base,FC26
227584,Intercept,base,FC26
227591,Rapid,base,FC26
227594,Rapid,base,FC26
227632,Aerial Fortress,base,FC26
227632,Bruiser,base,FC26
227647,Intercept,base,FC26
227647,Slide Tackle,base,FC26
227647,Whipped Pass,base,FC26
227655,Enforcer,base,FC26
227655,Power Shot,base,FC26
227655,Precision Header,base,FC26
227659,Incisive Pass,base,FC26
227659,Inventive,base,FC26
227659,Long Ball Pass,base,FC26
227659,Tiki Taka,base,FC26
227667,Rapid,base,FC26
227678,Anticipate,base,FC26
227678,Jockey,base,FC26
227678,Slide Tackle,base,FC26
227679,Aerial Fortress,base,FC26
227686,Gamechanger,base,FC26
227686,Press Proven,base,FC26
227738,Bruiser,base,FC26
227758,Precision Header,base,FC26
227758,Relentless,base,FC26
227759,Rapid,base,FC26
227764,Inventive,base,FC26
227764,Quick Step,base,FC26
227764,Whipped Pass,base,FC26
227787,Incisive Pass,base,FC26
227787,Relentless,base,FC26
227788,Quick Step,base,FC26
227788,Rapid,base,FC26
227788,Whipped Pass,base,FC26
227790,Bruiser,base,FC26
227790,Jockey,base,FC26
227790,Slide Tackle,base,FC26
227791,Block,base,FC26
227794,Block,base,FC26
227794,Long Ball Pass,base,FC26
227796,Dead Ball,base,FC26
227796,Incisive Pass,base,FC26
227796,Low Driven Shot,base,FC26
227796,Quick Step,base,FC26
227806,Dead Ball,base,FC26
227806,First Touch,base,FC26
227806,Incisive Pass,base,FC26
227806,Long Ball Pass,base,FC26
227813,Pinged Pass,base,FC26
227819,Footwork,base,FC26
227835,Finesse Shot,base,FC26
227835,Incisive Pass,base,FC26
227835,Inventive,base,FC26
227835,Technical,base,FC26
227855,Long Ball Pass,base,FC26
227866,Enforcer,base,FC26
227866,Incisive Pass,base,FC26
227881,Jockey,base,FC26
227881,Slide Tackle,base,FC26
227882,Dead Ball,base,FC26
227882,Long Ball Pass,base,FC26
227884,Block,base,FC26
227884,Bruiser,base,FC26
227884,Jockey,base,FC26
227884,Quick Step,base,FC26
227884,Rapid,base,FC26
227890,Chip Shot,base,FC26
227890,First Touch,base,FC26
227890,Gamechanger,base,FC26
227890,Power Shot,base,FC26
227890,Relentless,base,FC26
227890,Whipped Pass,base,FC26
227909,Far Throw,base,FC26
227909,Footwork,base,FC26
227928,Rapid,base,FC26
227928,Whipped Pass,base,FC26
227932,Aerial Fortress,base,FC26
227932,Bruiser,base,FC26
227932,Intercept,base,FC26
227932,Precision Header,base,FC26
227945,Aerial Fortress,base,FC26
227947,Dead Ball,base,FC26
227947,Finesse Shot,base,FC26
227947,Gamechanger,base,FC26
227947,Long Ball Pass,base,FC26
227966,Cross Claimer,base,FC26
227966,Far Throw,base,FC26
227978,Intercept,base,FC26
227978,Relentless,base,FC26
227978,Technical,base,FC26
228007,Incisive Pass,base,FC26
228007,Relentless,base,FC26
228010,Inventive,base,FC26
228010,Pinged Pass,base,FC26
228010,Press Proven,base,FC26
228047,Quick Step,base,FC26
228047,Rapid,base,FC26
228058,Long Ball Pass,base,FC26
228077,Quick Step,base,FC26
228092,Aerial Fortress,base,FC26
228092,Pinged Pass,base,FC26
228093,Aerial Fortress,base,FC26
228093,Precision Header,base,FC26
228093,Rapid,base,FC26
228106,Aerial Fortress,base,FC26
228106,Intercept,base,FC26
228106,Precision Header,base,FC26
228108,Aerial Fortress,base,FC26
228108,Bruiser,base,FC26
228111,Gamechanger,base,FC26
228111,Power Shot,base,FC26
228120,Intercept,base,FC26
228130,Cross Claimer,base,FC26
228130,Footwork,base,FC26
228134,Precision Header,base,FC26
228145,Technical,base,FC26
228148,Rapid,base,FC26
228151,First Touch,base,FC26
228151,Pinged Pass,base,FC26
228151,Relentless,base,FC26
228153,Aerial Fortress,base,FC26
228153,Dead Ball,base,FC26
228153,Intercept,base,FC26
228153,Long Ball Pass,base,FC26
228171,Technical,base,FC26
228174,Aerial Fortress,base,FC26
228174,Bruiser,base,FC26
228174,Jockey,base,FC26
228174,Pinged Pass,base,FC26
228179,Finesse Shot,base,FC26
228188,Long Throw,base,FC26
228191,Block,base,FC26
228191,Precision Header,base,FC26
228195,Rapid,base,FC26
228210,Block,base,FC26
228210,Slide Tackle,base,FC26
228225,Long Throw,base,FC26
228231,Footwork,base,FC26
228238,Aerial Fortress,base,FC26
228238,Anticipate,base,FC26
228238,Block,base,FC26
228238,Bruiser,base,FC26
228238,Intercept,base,FC26
228245,Dead Ball,base,FC26
228245,Finesse Shot,base,FC26
228245,Gamechanger,base,FC26
228245,Incisive Pass,base,FC26
228245,Relentless,base,FC26
228245,Whipped Pass,base,FC26
228251,Finesse Shot,base,FC26
228251,Press Proven,base,FC26
228271,Technical,base,FC26
228279,Cross Claimer,base,FC26
228279,Far Throw,base,FC26
228302,Anticipate,base,FC26
228302,Block,base,FC26
228303,Rapid,base,FC26
228312,Press Proven,base,FC26
228312,Whipped Pass,base,FC26
228321,Bruiser,base,FC26
228321,Long Throw,base,FC26
228321,Slide Tackle,base,FC26
228325,Dead Ball,base,FC26
228325,Relentless,base,FC26
228332,Slide Tackle,base,FC26
228336,Intercept,base,FC26
228336,Long Ball Pass,base,FC26
228363,Aerial Fortress,base,FC26
228366,Aerial Fortress,base,FC26
228366,Block,base,FC26
228368,Long Throw,base,FC26
228368,Relentless,base,FC26
228369,Far Reach,base,FC26
228375,Long Ball Pass,base,FC26
228383,Cross Claimer,base,FC26
228383,Far Throw,base,FC26
228383,Footwork,base,FC26
228388,Enforcer,base,FC26
228388,Precision Header,base,FC26
228410,Footwork,base,FC26
228413,Cross Claimer,base,FC26
228415,Long Throw,base,FC26
228415,Quick Step,base,FC26
228415,Relentless,base,FC26
228419,Bruiser,base,FC26
228419,Intercept,base,FC26
228419,Jockey,base,FC26
228419,Long Ball Pass,base,FC26
228454,Rapid,base,FC26
228461,Pinged Pass,base,FC26
228461,Relentless,base,FC26
228464,Bruiser,base,FC26
228505,Deflector,base,FC26
228505,Footwork,base,FC26
228505,Long Ball Pass,base,FC26
228509,Technical,base,FC26
228518,Bruiser,base,FC26
228518,Jockey,base,FC26
228518,Slide Tackle,base,FC26
228520,Acrobatic,base,FC26
228520,Finesse Shot,base,FC26
228520,Long Ball Pass,base,FC26
228520,Power Shot,base,FC26
228520,Relentless,base,FC26
228534,Precision Header,base,FC26
228562,Cross Claimer,base,FC26
228562,Footwork,base,FC26
228562,Long Ball Pass,base,FC26
228577,Aerial Fortress,base,FC26
228577,Incisive Pass,base,FC26
228577,Intercept,base,FC26
228577,Long Ball Pass,base,FC26
228579,Block,base,FC26
228579,Bruiser,base,FC26
228579,Incisive Pass,base,FC26
228579,Jockey,base,FC26
228579,Slide Tackle,base,FC26
228591,Intercept,base,FC26
228593,Aerial Fortress,base,FC26
228593,Finesse Shot,base,FC26
228595,Relentless,base,FC26
228607,Footwork,base,FC26
228607,Long Ball Pass,base,FC26
228614,Quick Step,base,FC26
228614,Rapid,base,FC26
228618,Block,base,FC26
228618,Rapid,base,FC26
228635,Precision Header,base,FC26
228642,Finesse Shot,base,FC26
228642,Technical,base,FC26
228645,Incisive Pass,base,FC26
228645,Precision Header,base,FC26
228645,Press Proven,base,FC26
228681,Bruiser,base,FC26
228685,Rapid,base,FC26
228687,Finesse Shot,base,FC26
228687,Gamechanger,base,FC26
228687,Precision Header,base,FC26
228687,Press Proven,base,FC26
228702,Incisive Pass,base,FC26
228702,Inventive,base,FC26
228702,Press Proven,base,FC26
228702,Tiki Taka,plus,FC26
228708,Block,base,FC26
228708,Intercept,base,FC26
228708,Long Ball Pass,base,FC26
228729,Aerial Fortress,base,FC26
228729,Bruiser,base,FC26
228730,Aerial Fortress,base,FC26
228730,Long Ball Pass,base,FC26
228732,Bruiser,base,FC26
228738,Rapid,base,FC26
228748,Low Driven Shot,base,FC26
228757,Aerial Fortress,base,FC26
228757,Block,base,FC26
228757,Bruiser,base,FC26
228757,Intercept,base,FC26
228757,Long Ball Pass,base,FC26
228774,Pinged Pass,base,FC26
228774,Press Proven,base,FC26
228775,Aerial Fortress,base,FC26
228775,Anticipate,base,FC26
228775,Long Throw,base,FC26
228782,Aerial Fortress,base,FC26
228783,Block,base,FC26
228783,Intercept,base,FC26
228783,Long Ball Pass,base,FC26
228783,Long Throw,base,FC26
228783,Slide Tackle,base,FC26
228784,Long Throw,base,FC26
228789,Cross Claimer,base,FC26
228789,Footwork,base,FC26
228805,Aerial Fortress,base,FC26
228805,Intercept,base,FC26
228805,Precision Header,base,FC26
228813,Dead Ball,base,FC26
228813,Inventive,base,FC26
228813,Long Ball Pass,base,FC26
228813,Tiki Taka,base,FC26
228813,Press Proven,plus,FC26
228819,Finesse Shot,base,FC26
228819,Technical,base,FC26
228829,Aerial Fortress,base,FC26
228829,Long Throw,plus,FC26
228834,Long Throw,base,FC26
228838,Bruiser,base,FC26
228859,Acrobatic,base,FC26
228859,Enforcer,base,FC26
228859,Gamechanger,base,FC26
228859,Relentless,base,FC26
228863,Technical,base,FC26
228874,Block,base,FC26
228882,Dead Ball,base,FC26
228882,Finesse Shot,base,FC26
228882,Precision Header,base,FC26
228882,Relentless,base,FC26
228883,Bruiser,base,FC26
228888,Bruiser,base,FC26
228888,Precision Header,base,FC26
228894,Long Throw,base,FC26
228894,Whipped Pass,base,FC26
228941,Chip Shot,base,FC26
228946,Acrobatic,base,FC26
228959,Aerial Fortress,base,FC26
228959,Intercept,base,FC26
228959,Precision Header,base,FC26
228961,Aerial Fortress,base,FC26
229011,Aerial Fortress,base,FC26
229011,Press Proven,base,FC26
229045,Finesse Shot,base,FC26
229045,Quick Step,base,FC26
229071,Bruiser,base,FC26
229071,Enforcer,base,FC26
229072,Precision Header,base,FC26
229073,Long Throw,base,FC26
229073,Rapid,base,FC26
229073,Whipped Pass,base,FC26
229082,Aerial Fortress,base,FC26
229082,Enforcer,base,FC26
229082,Press Proven,base,FC26
229087,Aerial Fortress,base,FC26
229087,Intercept,base,FC26
229091,Cross Claimer,base,FC26
229091,Footwork,base,FC26
229126,Bruiser,base,FC26
229150,Bruiser,base,FC26
229150,Long Throw,base,FC26
229155,Dead Ball,base,FC26
229155,Long Throw,base,FC26
229155,Whipped Pass,base,FC26
229158,Dead Ball,base,FC26
229158,Inventive,base,FC26
229158,Long Ball Pass,base,FC26
229158,Press Proven,base,FC26
229158,Whipped Pass,base,FC26
229167,Gamechanger,base,FC26
229167,Power Shot,base,FC26
229167,Rapid,base,FC26
229171,Quick Step,base,FC26
229171,Rapid,base,FC26
229173,Aerial Fortress,base,FC26
229173,Intercept,base,FC26
229175,Long Throw,base,FC26
229184,Pinged Pass,base,FC26
229184,Relentless,base,FC26
229188,Acrobatic,base,FC26
229188,Chip Shot,base,FC26
229188,Gamechanger,base,FC26
229188,Relentless,base,FC26
229188,Technical,base,FC26
229194,Intercept,base,FC26
229194,Jockey,base,FC26
229194,Slide Tackle,base,FC26
229207,Finesse Shot,base,FC26
229207,Press Proven,base,FC26
229227,Far Throw,base,FC26
229236,Jockey,base,FC26
229236,Whipped Pass,base,FC26
229237,Long Ball Pass,base,FC26
229249,Quick Step,base,FC26
229249,Rapid,base,FC26
229251,Long Throw,base,FC26
229261,Anticipate,base,FC26
229261,Intercept,base,FC26
229261,Precision Header,base,FC26
229263,Inventive,base,FC26
229263,Technical,base,FC26
229266,Aerial Fortress,base,FC26
229266,Long Ball Pass,base,FC26
229277,Long Throw,base,FC26
229286,Finesse Shot,base,FC26
229286,Power Shot,base,FC26
229286,Rapid,base,FC26
229336,Long Ball Pass,base,FC26
229336,Whipped Pass,base,FC26
229343,Rapid,base,FC26
229343,Relentless,base,FC26
229348,Intercept,base,FC26
229348,Jockey,base,FC26
229348,Long Ball Pass,base,FC26
229348,Rapid,base,FC26
229348,Relentless,base,FC26
229348,Whipped Pass,base,FC26
229349,Block,base,FC26
229349,Bruiser,base,FC26
229354,Inventive,base,FC26
229367,Enforcer,base,FC26
229367,Gamechanger,base,FC26
229367,Low Driven Shot,base,FC26
229375,Enforcer,base,FC26
229379,Inventive,base,FC26
229391,Slide Tackle,base,FC26
229391,Bruiser,plus,FC26
229398,Gamechanger,base,FC26
229406,Power Shot,base,FC26
229406,Press Proven,base,FC26
229436,Block,base,FC26
229436,Long Ball Pass,base,FC26
229436,Long Throw,base,FC26
229444,Cross Claimer,base,FC26
229448,Finesse Shot,base,FC26
229448,Precision Header,base,FC26
229459,Aerial Fortress,base,FC26
229459,Anticipate,base,FC26
229459,Block,base,FC26
229459,Dead Ball,base,FC26
229459,Inventive,base,FC26
229472,Technical,base,FC26
229476,Aerial Fortress,base,FC26
229476,Pinged Pass,base,FC26
229476,Slide Tackle,base,FC26
229476,Block,plus,FC26
229477,Intercept,base,FC26
229487,Intercept,base,FC26
229487,Rapid,base,FC26
229487,Slide Tackle,base,FC26
229504,Intercept,base,FC26
229517,Inventive,base,FC26
229517,Technical,base,FC26
229528,Long Ball Pass,base,FC26
229537,Aerial Fortress,base,FC26
229541,Footwork,base,FC26
229543,Long Throw,base,FC26
229558,Bruiser,base,FC26
229558,Jockey,base,FC26
229558,Long Ball Pass,base,FC26
229558,Pinged Pass,base,FC26
229574,Bruiser,base,FC26
229582,Anticipate,base,FC26
229582,Bruiser,base,FC26
229582,Intercept,base,FC26
229582,Precision Header,base,FC26
229584,Long Ball Pass,base,FC26
229620,Finesse Shot,base,FC26
229620,Technical,base,FC26
229628,Block,base,FC26
229628,Bruiser,base,FC26
229636,Finesse Shot,base,FC26
229636,Gamechanger,base,FC26
229636,Technical,base,FC26
229637,Rush Out,base,FC26
229646,Long Ball Pass,base,FC26
229657,Long Throw,base,FC26
229659,Aerial Fortress,base,FC26
229659,Incisive Pass,base,FC26
229659,Intercept,base,FC26
229659,Jockey,base,FC26
229667,Anticipate,base,FC26
229668,Aerial Fortress,base,FC26
229668,Block,base,FC26
229668,Long Ball Pass,base,FC26
229668,Slide Tackle,base,FC26
229683,Chip Shot,base,FC26
229692,Footwork,base,FC26
229694,Quick Step,base,FC26
229694,Rapid,base,FC26
229702,Finesse Shot,base,FC26
229702,Precision Header,base,FC26
229703,Aerial Fortress,base,FC26
229703,Intercept,base,FC26
229703,Long Ball Pass,base,FC26
229705,Bruiser,base,FC26
229713,Slide Tackle,base,FC26
229723,Long Throw,base,FC26
229743,Aerial Fortress,base,FC26
229752,Relentless,base,FC26
229764,Anticipate,base,FC26
229764,Block,base,FC26
229764,Whipped Pass,base,FC26
229765,Aerial Fortress,base,FC26
229765,Intercept,base,FC26
229773,Long Ball Pass,base,FC26
229773,Slide Tackle,base,FC26
229804,Dead Ball,base,FC26
229804,Low Driven Shot,base,FC26
229804,Quick Step,base,FC26
229804,Rapid,base,FC26
229818,Aerial Fortress,base,FC26
229818,Jockey,base,FC26
229842,Power Shot,base,FC26
229851,Block,base,FC26
229851,Intercept,base,FC26
229851,Jockey,base,FC26
229851,Slide Tackle,base,FC26
229856,Enforcer,base,FC26
229856,Finesse Shot,base,FC26
229862,Power Shot,base,FC26
229879,Block,base,FC26
229879,Long Throw,base,FC26
229879,Precision Header,base,FC26
229880,Anticipate,base,FC26
229880,Block,base,FC26
229880,Intercept,base,FC26
229880,Rapid,base,FC26
229880,Slide Tackle,plus,FC26
229891,Bruiser,base,FC26
229891,Jockey,base,FC26
229891,Relentless,base,FC26
229894,Relentless,base,FC26
229901,Precision Header,base,FC26
229905,Aerial Fortress,base,FC26
229905,Anticipate,base,FC26
229905,Bruiser,base,FC26
229905,Intercept,base,FC26
229905,Long Ball Pass,base,FC26
229905,Precision Header,base,FC26
229905,Slide Tackle,base,FC26
229906,Quick Step,base,FC26
229910,Long Throw,base,FC26
229914,Technical,base,FC26
229923,Technical,base,FC26
229930,Relentless,base,FC26
229930,Whipped Pass,base,FC26
229942,Aerial Fortress,base,FC26
229942,Block,base,FC26
229942,Bruiser,base,FC26
229942,Slide Tackle,base,FC26
229956,Footwork,base,FC26
229984,Jockey,base,FC26
230005,Slide Tackle,base,FC26
230014,Intercept,base,FC26
230020,Long Ball Pass,base,FC26
230020,Pinged Pass,base,FC26
230020,Relentless,base,FC26
230021,Bruiser,base,FC26
230032,Rapid,base,FC26
230047,Rapid,base,FC26
230107,Aerial Fortress,base,FC26
230107,Jockey,base,FC26
230126,Relentless,base,FC26
230142,Technical,base,FC26
230306,Block,base,FC26
230306,Long Ball Pass,base,FC26
230559,Technical,base,FC26
230561,Enforcer,base,FC26
230561,Precision Header,base,FC26
230561,Long Throw,plus,FC26
230564,Technical,base,FC26
230590,Long Ball Pass,base,FC26
230601,Aerial Fortress,base,FC26
230601,Enforcer,base,FC26
230601,First Touch,base,FC26
230601,Press Proven,base,FC26
230601,Quick Step,base,FC26
230607,Aerial Fortress,base,FC26
230607,Relentless,base,FC26
230621,Footwork,base,FC26
230621,Deflector,plus,FC26
230624,Aerial Fortress,base,FC26
230624,Precision Header,base,FC26
230625,Block,base,FC26
230625,Whipped Pass,base,FC26
230638,Long Ball Pass,base,FC26
230638,Rapid,base,FC26
230665,Dead Ball,base,FC26
230665,Technical,base,FC26
230666,First Touch,base,FC26
230666,Relentless,base,FC26
230666,Technical,base,FC26
230670,Far Throw,base,FC26
230677,Aerial Fortress,base,FC26
230677,Bruiser,base,FC26
230677,Long Throw,base,FC26
230677,Precision Header,base,FC26
230685,Precision Header,base,FC26
230690,Incisive Pass,base,FC26
230690,Inventive,base,FC26
230690,Technical,base,FC26
230696,Aerial Fortress,base,FC26
230713,Intercept,base,FC26
230718,Slide Tackle,base,FC26
230722,Enforcer,base,FC26
230727,Cross Claimer,base,FC26
230727,Footwork,base,FC26
230737,Acrobatic,base,FC26
230737,Enforcer,base,FC26
230737,Precision Header,base,FC26
230749,Far Throw,base,FC26
230762,Rapid,base,FC26
230767,Inventive,base,FC26
230786,Aerial Fortress,base,FC26
230786,Finesse Shot,base,FC26
230786,Long Ball Pass,base,FC26
230801,Press Proven,base,FC26
230807,Technical,base,FC26
230812,Relentless,base,FC26
230824,Anticipate,base,FC26
230836,Relentless,base,FC26
230847,Rapid,base,FC26
230855,Block,base,FC26
230855,Slide Tackle,base,FC26
230857,Precision Header,base,FC26
230857,Quick Step,base,FC26
230857,Technical,base,FC26
230864,Quick Step,base,FC26
230864,Rapid,base,FC26
230865,Aerial Fortress,base,FC26
230865,Anticipate,base,FC26
230869,Footwork,base,FC26
230869,Pinged Pass,base,FC26
230869,Rush Out,base,FC26
230872,Cross Claimer,base,FC26
230872,Rush Out,base,FC26
230888,Rapid,base,FC26
230899,Dead Ball,base,FC26
230899,First Touch,base,FC26
230899,Gamechanger,base,FC26
230899,Low Driven Shot,base,FC26
230899,Quick Step,base,FC26
230918,Intercept,base,FC26
230918,Slide Tackle,base,FC26
230936,Intercept,base,FC26
230938,Power Shot,base,FC26
230938,Press Proven,base,FC26
230938,Relentless,base,FC26
230964,Chip Shot,base,FC26
230964,Precision Header,base,FC26
230965,Anticipate,base,FC26
230965,Rapid,base,FC26
230965,Relentless,base,FC26
230975,Finesse Shot,base,FC26
230975,Technical,base,FC26
230977,Finesse Shot,base,FC26
230977,Quick Step,base,FC26
230977,Rapid,base,FC26
230977,Relentless,base,FC26
230984,Slide Tackle,base,FC26
230988,Tiki Taka,base,FC26
230991,Rapid,base,FC26
231005,Quick Step,base,FC26
231005,Rapid,base,FC26
231007,Incisive Pass,base,FC26
231007,Intercept,base,FC26
231007,Long Ball Pass,base,FC26
231007,Relentless,base,FC26
231007,Slide Tackle,base,FC26
231039,Rapid,base,FC26
231044,Technical,base,FC26
231065,Gamechanger,base,FC26
231065,Precision Header,base,FC26
231065,Technical,base,FC26
231070,Anticipate,base,FC26
231093,Bruiser,base,FC26
231102,First Touch,base,FC26
231102,Gamechanger,base,FC26
231102,Low Driven Shot,base,FC26
231102,Pinged Pass,base,FC26
231102,Power Shot,base,FC26
231102,Technical,base,FC26
231107,Aerial Fortress,base,FC26
231107,Block,base,FC26
231107,Bruiser,base,FC26
231110,Block,base,FC26
231125,Rapid,base,FC26
231131,Rapid,base,FC26
231138,Quick Step,base,FC26
231138,Rapid,base,FC26
231167,Cross Claimer,base,FC26
231167,Rush Out,base,FC26
231172,Far Throw,base,FC26
231184,Acrobatic,base,FC26
231184,First Touch,base,FC26
231184,Precision Header,base,FC26
231199,Intercept,base,FC26
231199,Precision Header,base,FC26
231207,Anticipate,base,FC26
231207,Block,base,FC26
231207,Long Ball Pass,base,FC26
231233,Long Ball Pass,base,FC26
231233,Press Proven,base,FC26
231233,Tiki Taka,base,FC26
231235,Rapid,base,FC26
231236,Technical,base,FC26
231236,Whipped Pass,base,FC26
231237,Rush Out,base,FC26
231240,Gamechanger,base,FC26
231240,Technical,base,FC26
231247,Slide Tackle,base,FC26
231280,Technical,base,FC26
231280,Whipped Pass,base,FC26
231281,Dead Ball,base,FC26
231281,Incisive Pass,base,FC26
231281,Long Ball Pass,base,FC26
231281,Relentless,base,FC26
231281,Whipped Pass,plus,FC26
231284,Block,base,FC26
231301,Rapid,base,FC26
231318,Power Shot,base,FC26
231340,Long Throw,base,FC26
231340,Slide Tackle,base,FC26
231340,Whipped Pass,base,FC26
231352,Enforcer,base,FC26
231352,Press Proven,base,FC26
231366,Long Ball Pass,base,FC26
231390,Rapid,base,FC26
231390,Whipped Pass,base,FC26
231391,Inventive,base,FC26
231391,Technical,base,FC26
231410,First Touch,base,FC26
231410,Incisive Pass,base,FC26
231410,Technical,base,FC26
231410,Tiki Taka,base,FC26
231411,Aerial Fortress,base,FC26
231411,Anticipate,base,FC26
231411,Block,base,FC26
231411,Long Throw,base,FC26
231413,Footwork,base,FC26
231416,Gamechanger,base,FC26
231416,Technical,base,FC26
231423,Intercept,base,FC26
231423,Long Ball Pass,base,FC26
231424,Dead Ball,base,FC26
231424,Finesse Shot,base,FC26
231424,Technical,base,FC26
231428,Whipped Pass,base,FC26
231442,Rapid,base,FC26
231443,Inventive,base,FC26
231443,Low Driven Shot,base,FC26
231443,Pinged Pass,base,FC26
231443,Quick Step,base,FC26
231443,Trickster,base,FC26
231443,Rapid,plus,FC26
231446,Anticipate,base,FC26
231447,First Touch,base,FC26
231447,Quick Step,base,FC26
231447,Technical,base,FC26
231448,Technical,base,FC26
231461,Long Throw,base,FC26
231478,Enforcer,base,FC26
231478,Incisive Pass,base,FC26
231478,Power Shot,base,FC26
231478,Precision Header,base,FC26
231478,Relentless,base,FC26
231478,Technical,base,FC26
231478,Gamechanger,plus,FC26
231500,Anticipate,base,FC26
231500,Block,base,FC26
231507,Intercept,base,FC26
231507,Long Ball Pass,base,FC26
231510,Aerial Fortress,base,FC26
231510,Intercept,base,FC26
231512,Jockey,base,FC26
231512,Long Ball Pass,base,FC26
231512,Long Throw,base,FC26
231512,Slide Tackle,base,FC26
231521,Anticipate,base,FC26
231527,Aerial Fortress,base,FC26
231527,Bruiser,base,FC26
231530,First Touch,base,FC26
231530,Rapid,base,FC26
231550,Long Throw,base,FC26
231550,Rapid,base,FC26
231554,Block,base,FC26
231555,Anticipate,base,FC26
231555,Long Ball Pass,base,FC26
231580,Dead Ball,base,FC26
231580,Inventive,base,FC26
231580,Slide Tackle,base,FC26
231582,Acrobatic,base,FC26
231582,Aerial Fortress,base,FC26
231591,Anticipate,base,FC26
231596,Cross Claimer,base,FC26
231601,Gamechanger,base,FC26
231612,Gamechanger,base,FC26
231612,Long Ball Pass,base,FC26
231612,Technical,base,FC26
231612,Whipped Pass,base,FC26
231614,Gamechanger,base,FC26
231614,Long Throw,base,FC26
231614,Low Driven Shot,base,FC26
231614,Quick Step,base,FC26
231614,Rapid,base,FC26
231614,Whipped Pass,base,FC26
231615,Whipped Pass,base,FC26
231627,Quick Step,base,FC26
231627,Rapid,base,FC26
231628,Enforcer,base,FC26
231633,Bruiser,base,FC26
231634,Aerial Fortress,base,FC26
231634,Anticipate,base,FC26
231634,Bruiser,base,FC26
231634,Precision Header,base,FC26
231634,Slide Tackle,base,FC26
231640,Dead Ball,base,FC26
231640,Finesse Shot,base,FC26
231640,Gamechanger,base,FC26
231640,Incisive Pass,base,FC26
231640,Inventive,base,FC26
231640,Long Ball Pass,base,FC26
231640,Whipped Pass,base,FC26
231652,Acrobatic,base,FC26
231652,Aerial Fortress,base,FC26
231652,First Touch,base,FC26
231652,Press Proven,base,FC26
231667,Dead Ball,base,FC26
231667,Finesse Shot,base,FC26
231667,First Touch,base,FC26
231667,Long Ball Pass,base,FC26
231667,Technical,base,FC26
231667,Tiki Taka,base,FC26
231667,Trickster,base,FC26
231677,Power Shot,base,FC26
231677,Quick Step,base,FC26
231677,Rapid,base,FC26
231685,Anticipate,base,FC26
231685,Bruiser,base,FC26
231685,Intercept,base,FC26
231691,Cross Claimer,base,FC26
231691,Far Throw,base,FC26
231691,Footwork,base,FC26
231697,Jockey,base,FC26
231706,Slide Tackle,base,FC26
231720,Cross Claimer,base,FC26
231720,Footwork,base,FC26
231733,Dead Ball,base,FC26
231733,Long Ball Pass,base,FC26
231733,Precision Header,base,FC26
231733,Technical,base,FC26
231743,Press Proven,base,FC26
231747,Acrobatic,base,FC26
231747,Finesse Shot,base,FC26
231747,First Touch,base,FC26
231747,Gamechanger,base,FC26
231747,Low Driven Shot,base,FC26
231747,Rapid,base,FC26
231747,Quick Step,plus,FC26
231753,Rapid,base,FC26
231753,Whipped Pass,base,FC26
231777,Finesse Shot,base,FC26
231777,Technical,base,FC26
231801,Long Ball Pass,base,FC26
231821,Slide Tackle,base,FC26
231828,Aerial Fortress,base,FC26
231828,Bruiser,base,FC26
231828,Long Ball Pass,base,FC26
231828,Precision Header,base,FC26
231835,Press Proven,base,FC26
231836,Acrobatic,base,FC26
231836,Power Shot,base,FC26
231836,Trickster,base,FC26
231838,Slide Tackle,base,FC26
231840,Aerial Fortress,base,FC26
231840,First Touch,base,FC26
231840,Pinged Pass,base,FC26
231840,Press Proven,base,FC26
231841,Cross Claimer,base,FC26
231861,Far Throw,base,FC26
231863,Dead Ball,base,FC26
231863,Technical,base,FC26
231864,Quick Step,base,FC26
231864,Rapid,base,FC26
231866,Aerial Fortress,base,FC26
231866,Bruiser,base,FC26
231866,Long Ball Pass,base,FC26
231866,Power Shot,base,FC26
231866,Press Proven,base,FC26
231866,Tiki Taka,plus,FC26
231874,Anticipate,base,FC26
231874,Long Ball Pass,base,FC26
231886,Slide Tackle,base,FC26
231887,Finesse Shot,base,FC26
231887,Technical,base,FC26
231897,Pinged Pass,base,FC26
231897,Relentless,base,FC26
231897,Technical,base,FC26
231913,Anticipate,base,FC26
231913,First Touch,base,FC26
231913,Low Driven Shot,base,FC26
231913,Press Proven,base,FC26
231913,Relentless,base,FC26
231919,Inventive,base,FC26
231919,Relentless,base,FC26
231923,Technical,base,FC26
231926,Rapid,base,FC26
231926,Whipped Pass,base,FC26
231929,Relentless,base,FC26
231930,Technical,base,FC26
231932,Low Driven Shot,base,FC26
231932,Quick Step,base,FC26
231932,Rapid,base,FC26
231936,Block,base,FC26
231942,Aerial Fortress,base,FC26
231943,Acrobatic,base,FC26
231943,Precision Header,base,FC26
231943,Technical,base,FC26
231956,Block,base,FC26
231969,Power Shot,base,FC26
231985,Long Throw,base,FC26
232000,Acrobatic,base,FC26
232000,Gamechanger,base,FC26
232000,Technical,base,FC26
232000,Tiki Taka,base,FC26
232007,Footwork,base,FC26
232062,Long Throw,base,FC26
232065,Far Throw,base,FC26
232065,Footwork,base,FC26
232067,Rapid,base,FC26
232080,Pinged Pass,base,FC26
232081,Block,base,FC26
232081,Long Throw,base,FC26
232081,Rapid,base,FC26
232097,Inventive,base,FC26
232097,Technical,base,FC26
232097,Trickster,base,FC26
232099,Aerial Fortress,base,FC26
232099,Bruiser,base,FC26
232099,Intercept,base,FC26
232099,Pinged Pass,base,FC26
232099,Slide Tackle,base,FC26
232102,Precision Header,base,FC26
232104,Gamechanger,base,FC26
232104,Rapid,base,FC26
232104,Quick Step,plus,FC26
232106,Long Throw,base,FC26
232119,Block,base,FC26
232120,Block,base,FC26
232120,Rapid,base,FC26
232131,Deflector,base,FC26
232131,Footwork,base,FC26
232132,Aerial Fortress,base,FC26
232132,Precision Header,base,FC26
232132,Slide Tackle,base,FC26
232144,Block,base,FC26
232148,Finesse Shot,base,FC26
232148,Rapid,base,FC26
232148,Whipped Pass,base,FC26
232156,Quick Step,base,FC26
232156,Rapid,base,FC26
232162,Aerial Fortress,base,FC26
232162,Press Proven,base,FC26
232162,Relentless,base,FC26
232174,Aerial Fortress,base,FC26
232174,Precision Header,base,FC26
232189,Slide Tackle,base,FC26
232203,Rapid,base,FC26
232212,Dead Ball,base,FC26
232229,Cross Claimer,base,FC26
232229,Rush Out,base,FC26
232244,Aerial Fortress,base,FC26
232244,First Touch,base,FC26
232244,Power Shot,base,FC26
232244,Precision Header,base,FC26
232244,Relentless,base,FC26
232244,Slide Tackle,base,FC26
232250,Anticipate,base,FC26
232255,Intercept,base,FC26
232255,Rapid,base,FC26
232255,Relentless,base,FC26
232255,Whipped Pass,base,FC26
232256,Long Ball Pass,base,FC26
232258,Technical,base,FC26
232271,Intercept,base,FC26
232271,Slide Tackle,base,FC26
232284,Footwork,base,FC26
232293,Acrobatic,base,FC26
232293,Chip Shot,base,FC26
232293,Gamechanger,base,FC26
232293,Precision Header,base,FC26
232293,Rapid,base,FC26
232295,Intercept,base,FC26
232295,Slide Tackle,base,FC26
232311,Whipped Pass,base,FC26
232329,Enforcer,base,FC26
232329,Precision Header,base,FC26
232363,Bruiser,base,FC26
232363,Jockey,base,FC26
232388,Slide Tackle,base,FC26
232410,Far Throw,base,FC26
232410,Footwork,base,FC26
232411,Finesse Shot,base,FC26
232411,First Touch,base,FC26
232411,Technical,base,FC26
232412,Aerial Fortress,base,FC26
232412,Slide Tackle,base,FC26
232432,Chip Shot,base,FC26
232437,Long Ball Pass,base,FC26
232440,Dead Ball,base,FC26
232440,Long Throw,base,FC26
232440,Whipped Pass,base,FC26
232446,Incisive Pass,base,FC26
232446,Long Ball Pass,base,FC26
232446,Technical,base,FC26
232477,Block,base,FC26
232477,Whipped Pass,base,FC26
232487,Press Proven,base,FC26
232487,Relentless,base,FC26
232488,Aerial Fortress,base,FC26
232488,Bruiser,base,FC26
232488,Precision Header,base,FC26
232488,Slide Tackle,base,FC26
232498,First Touch,base,FC26
232498,Rapid,base,FC26
232519,Rapid,base,FC26
232526,Long Ball Pass,base,FC26
232535,Block,base,FC26
232580,Precision Header,base,FC26
232580,Bruiser,plus,FC26
232595,Aerial Fortress,base,FC26
232595,First Touch,base,FC26
232595,Press Proven,base,FC26
232595,Relentless,base,FC26
232595,Tiki Taka,base,FC26
232610,Quick Step,base,FC26
232626,Anticipate,base,FC26
232639,First Touch,base,FC26
232639,Inventive,base,FC26
232639,Precision Header,base,FC26
232639,Technical,base,FC26
232642,Rapid,base,FC26
232643,Slide Tackle,base,FC26
232645,Cross Claimer,base,FC26
232645,Far Reach,base,FC26
232646,Long Ball Pass,base,FC26
232648,Block,base,FC26
232655,Rapid,base,FC26
232656,Anticipate,base,FC26
232656,Block,base,FC26
232656,Bruiser,base,FC26
232656,Dead Ball,base,FC26
232656,Quick Step,base,FC26
232656,Rapid,base,FC26
232658,Aerial Fortress,base,FC26
232658,Anticipate,base,FC26
232658,Intercept,base,FC26
232658,Precision Header,base,FC26
232665,Aerial Fortress,base,FC26
232665,Precision Header,base,FC26
232668,Aerial Fortress,base,FC26
232668,Intercept,base,FC26
232668,Slide Tackle,base,FC26
232670,Acrobatic,base,FC26
232670,Chip Shot,base,FC26
232670,Finesse Shot,base,FC26
232670,First Touch,base,FC26
232670,Precision Header,base,FC26
232693,Long Ball Pass,base,FC26
232699,Rapid,base,FC26
232708,Relentless,base,FC26
232709,Rapid,base,FC26
232711,Acrobatic,base,FC26
232711,Aerial Fortress,base,FC26
232711,Precision Header,base,FC26
232711,Relentless,base,FC26
232730,Technical,base,FC26
232755,Quick Step,base,FC26
232755,Whipped Pass,base,FC26
232756,Bruiser,base,FC26
232759,Dead Ball,base,FC26
232759,Intercept,base,FC26
232759,Whipped Pass,base,FC26
232765,Precision Header,base,FC26
232770,Aerial Fortress,base,FC26
232770,Dead Ball,base,FC26
232770,Incisive Pass,base,FC26
232770,Long Ball Pass,base,FC26
232805,Block,base,FC26
232805,Intercept,base,FC26
232805,Jockey,base,FC26
232805,Slide Tackle,base,FC26
232826,Block,base,FC26
232829,Acrobatic,base,FC26
232829,Precision Header,base,FC26
232839,Dead Ball,base,FC26
232839,Long Ball Pass,base,FC26
232839,Power Shot,base,FC26
232839,Whipped Pass,base,FC26
232843,Incisive Pass,base,FC26
232843,Technical,base,FC26
232857,Whipped Pass,base,FC26
232871,Finesse Shot,base,FC26
232873,Aerial Fortress,base,FC26
232873,Intercept,base,FC26
232873,Precision Header,base,FC26
232905,Dead Ball,base,FC26
232905,Incisive Pass,base,FC26
232905,Inventive,base,FC26
232905,Quick Step,base,FC26
232905,Rapid,base,FC26
232905,Relentless,base,FC26
232905,Whipped Pass,base,FC26
232963,Rapid,base,FC26
232997,Long Ball Pass,base,FC26
232997,Precision Header,base,FC26
232997,Slide Tackle,base,FC26
233011,Intercept,base,FC26
233011,Long Throw,base,FC26
233011,Rapid,base,FC26
233012,Bruiser,base,FC26
233012,Intercept,base,FC26
233018,Dead Ball,base,FC26
233018,Finesse Shot,base,FC26
233018,Quick Step,base,FC26
233018,Technical,base,FC26
233029,Block,base,FC26
233029,Jockey,base,FC26
233029,Press Proven,base,FC26
233029,Slide Tackle,base,FC26
233034,Long Ball Pass,base,FC26
233049,Finesse Shot,base,FC26
233049,Trickster,base,FC26
233050,Press Proven,base,FC26
233051,Whipped Pass,base,FC26
233056,Aerial Fortress,base,FC26
233056,Precision Header,base,FC26
233061,Technical,base,FC26
233084,Block,base,FC26
233084,Whipped Pass,base,FC26
233092,Long Ball Pass,base,FC26
233092,Power Shot,base,FC26
233092,Press Proven,base,FC26
233096,Long Throw,base,FC26
233096,Precision Header,base,FC26
233096,Quick Step,base,FC26
233096,Rapid,base,FC26
233097,Aerial Fortress,base,FC26
233097,Block,base,FC26
233097,Precision Header,base,FC26
233097,Slide Tackle,base,FC26
233113,Inventive,base,FC26
233113,Technical,base,FC26
233115,Dead Ball,base,FC26
233115,Inventive,base,FC26
233115,Pinged Pass,base,FC26
233125,Inventive,base,FC26
233125,Press Proven,base,FC26
233125,Relentless,base,FC26
233125,Tiki Taka,base,FC26
233139,Enforcer,base,FC26
233139,Precision Header,base,FC26
233151,First Touch,base,FC26
233151,Incisive Pass,base,FC26
233152,Block,base,FC26
233152,Slide Tackle,base,FC26
233164,Cross Claimer,base,FC26
233164,Far Throw,base,FC26
233169,Anticipate,base,FC26
233178,Dead Ball,base,FC26
233178,Relentless,base,FC26
233178,Whipped Pass,base,FC26
233189,Deflector,base,FC26
233195,Bruiser,base,FC26
233195,Incisive Pass,base,FC26
233195,Jockey,base,FC26
233195,Relentless,base,FC26
233201,Bruiser,base,FC26
233215,Rush Out,base,FC26
233216,Acrobatic,base,FC26
233216,Enforcer,base,FC26
233225,Long Ball Pass,base,FC26
233230,Bruiser,base,FC26
233230,Intercept,base,FC26
233230,Long Throw,base,FC26
233230,Slide Tackle,base,FC26
233231,Low Driven Shot,base,FC26
233231,Precision Header,base,FC26
233265,Finesse Shot,base,FC26
233267,Far Throw,base,FC26
233267,Footwork,base,FC26
233280,Anticipate,base,FC26
233286,Cross Claimer,base,FC26
233286,Long Ball Pass,base,FC26
233292,Precision Header,base,FC26
233301,Bruiser,base,FC26
233301,Relentless,base,FC26
233306,Footwork,base,FC26
233309,Long Throw,base,FC26
233315,Jockey,base,FC26
233372,Technical,base,FC26
233372,Whipped Pass,base,FC26
233373,Technical,base,FC26
233375,Long Throw,base,FC26
233375,Precision Header,base,FC26
233378,Whipped Pass,base,FC26
233379,Technical,base,FC26
233394,Intercept,base,FC26
233396,Bruiser,base,FC26
233400,Aerial Fortress,base,FC26
233400,Anticipate,base,FC26
233400,Intercept,base,FC26
233400,Long Ball Pass,base,FC26
233400,Precision Header,base,FC26
233404,Anticipate,base,FC26
233419,Finesse Shot,base,FC26
233419,Power Shot,base,FC26
233419,Quick Step,base,FC26
233419,Relentless,base,FC26
233419,Trickster,base,FC26
233419,Rapid,plus,FC26
233425,Far Throw,base,FC26
233425,Rush Out,base,FC26
233435,Aerial Fortress,base,FC26
233435,Long Ball Pass,base,FC26
233435,Precision Header,base,FC26
233442,Quick Step,base,FC26
233442,Rapid,base,FC26
233470,Press Proven,base,FC26
233472,Rapid,base,FC26
233476,Anticipate,base,FC26
233478,Power Shot,base,FC26
233478,Press Proven,base,FC26
233486,Aerial Fortress,base,FC26
233486,Slide Tackle,base,FC26
233510,Inventive,base,FC26
233520,First Touch,base,FC26
233520,Incisive Pass,base,FC26
233520,Inventive,base,FC26
233520,Long Ball Pass,base,FC26
233520,Long Throw,base,FC26
233520,Technical,base,FC26
233520,Tiki Taka,base,FC26
233524,Quick Step,base,FC26
233524,Rapid,base,FC26
233529,Long Ball Pass,base,FC26
233529,Technical,base,FC26
233556,Finesse Shot,base,FC26
233556,Gamechanger,base,FC26
233556,Low Driven Shot,base,FC26
233556,Technical,base,FC26
233560,Dead Ball,base,FC26
233560,Technical,base,FC26
233565,Finesse Shot,base,FC26
233568,Finesse Shot,base,FC26
233568,Rapid,base,FC26
233572,Low Driven Shot,base,FC26
233588,Aerial Fortress,base,FC26
233588,Long Ball Pass,base,FC26
233591,Block,base,FC26
233630,Finesse Shot,base,FC26
233630,Gamechanger,base,FC26
233630,Precision Header,base,FC26
233631,Gamechanger,base,FC26
233631,Quick Step,base,FC26
233631,Rapid,base,FC26
233656,Anticipate,base,FC26
233665,Enforcer,base,FC26
233707,Finesse Shot,base,FC26
233707,Rapid,base,FC26
233710,Enforcer,base,FC26
233710,Finesse Shot,base,FC26
233711,Block,base,FC26
233725,Rush Out,base,FC26
233727,Rapid,base,FC26
233731,First Touch,base,FC26
233731,Gamechanger,base,FC26
233731,Low Driven Shot,base,FC26
233731,Power Shot,base,FC26
233731,Rapid,base,FC26
233731,Finesse Shot,plus,FC26
233732,First Touch,base,FC26
233738,Aerial Fortress,base,FC26
233738,Bruiser,base,FC26
233738,Intercept,base,FC26
233767,Relentless,base,FC26
233770,Relentless,base,FC26
233785,Block,base,FC26
233790,Block,base,FC26
233790,Jockey,base,FC26
233793,Long Throw,base,FC26
233795,Enforcer,base,FC26
233795,Rapid,base,FC26
233800,Rapid,base,FC26
233800,Relentless,base,FC26
233814,Aerial Fortress,base,FC26
233814,Intercept,base,FC26
233848,Finesse Shot,base,FC26
233848,Gamechanger,base,FC26
233848,Technical,base,FC26
233851,Power Shot,base,FC26
233866,Chip Shot,base,FC26
233874,Inventive,base,FC26
233874,Long Ball Pass,base,FC26
233874,Technical,base,FC26
233880,Aerial Fortress,base,FC26
233885,Intercept,base,FC26
233885,Jockey,base,FC26
233897,Precision Header,base,FC26
233897,Rapid,base,FC26
233911,Anticipate,base,FC26
233911,Intercept,base,FC26
233911,Relentless,base,FC26
233911,Slide Tackle,base,FC26
233917,Finesse Shot,base,FC26
233917,Incisive Pass,base,FC26
233917,Low Driven Shot,base,FC26
233917,Quick Step,base,FC26
233917,Rapid,base,FC26
233924,Technical,base,FC26
233926,Aerial Fortress,base,FC26
233926,Block,base,FC26
233926,Jockey,base,FC26
233926,Slide Tackle,base,FC26
233927,Aerial Fortress,base,FC26
233927,First Touch,base,FC26
233927,Long Ball Pass,base,FC26
233927,Technical,base,FC26
233931,Block,base,FC26
233934,Cross Claimer,base,FC26
233934,Deflector,base,FC26
233941,Precision Header,base,FC26
233946,Whipped Pass,base,FC26
233950,Finesse Shot,base,FC26
233950,Technical,base,FC26
233957,Aerial Fortress,base,FC26
233957,Block,base,FC26
233957,Intercept,base,FC26
233959,Gamechanger,base,FC26
233959,Long Ball Pass,base,FC26
233959,Power Shot,base,FC26
233959,Quick Step,base,FC26
233959,Rapid,base,FC26
233965,Long Throw,base,FC26
233965,Rapid,base,FC26
233968,Whipped Pass,base,FC26
234037,Intercept,base,FC26
234045,Quick Step,base,FC26
234045,Rapid,base,FC26
234054,Footwork,base,FC26
234059,Long Throw,base,FC26
234059,Precision Header,base,FC26
234060,Aerial Fortress,base,FC26
234060,Incisive Pass,base,FC26
234060,Precision Header,base,FC26
234066,Relentless,base,FC26
234099,Finesse Shot,base,FC26
234102,Cross Claimer,base,FC26
234108,Finesse Shot,base,FC26
234108,Technical,base,FC26
234111,Power Shot,base,FC26
234112,Anticipate,base,FC26
234112,Jockey,base,FC26
234112,Rapid,base,FC26
234112,Whipped Pass,base,FC26
234122,Long Ball Pass,base,FC26
234134,Block,base,FC26
234134,Slide Tackle,base,FC26
234138,Block,base,FC26
234138,Intercept,base,FC26
234143,Long Ball Pass,base,FC26
234147,Gamechanger,base,FC26
234158,Quick Step,base,FC26
234167,Slide Tackle,base,FC26
234171,Technical,base,FC26
234180,Chip Shot,base,FC26
234180,Finesse Shot,base,FC26
234180,Incisive Pass,base,FC26
234180,Technical,base,FC26
234180,Trickster,base,FC26
234186,Slide Tackle,base,FC26
234200,Aerial Fortress,base,FC26
234200,Intercept,base,FC26
234200,Long Ball Pass,base,FC26
234200,Pinged Pass,base,FC26
234200,Press Proven,base,FC26
234205,Block,base,FC26
234205,Jockey,base,FC26
234222,Power Shot,base,FC26
234226,Anticipate,base,FC26
234226,Long Ball Pass,base,FC26
234226,Long Throw,base,FC26
234226,Slide Tackle,base,FC26
234229,Bruiser,base,FC26
234229,Relentless,base,FC26
234236,Acrobatic,base,FC26
234236,Low Driven Shot,base,FC26
234236,Precision Header,base,FC26
234239,Dead Ball,base,FC26
234239,Finesse Shot,base,FC26
234239,Long Ball Pass,base,FC26
234239,Technical,base,FC26
234239,Whipped Pass,base,FC26
234241,Precision Header,base,FC26
234242,Relentless,base,FC26
234261,Aerial Fortress,base,FC26
234261,Jockey,base,FC26
234261,Long Ball Pass,base,FC26
234264,First Touch,base,FC26
234264,Intercept,base,FC26
234264,Press Proven,base,FC26
234264,Relentless,base,FC26
234276,First Touch,base,FC26
234276,Quick Step,base,FC26
234276,Rapid,base,FC26
234279,Intercept,base,FC26
234279,Long Ball Pass,base,FC26
234300,Finesse Shot,base,FC26
234300,Rapid,base,FC26
234333,Technical,base,FC26
234341,Deflector,base,FC26
234350,Quick Step,base,FC26
234350,Rapid,base,FC26
234350,Relentless,base,FC26
234358,Quick Step,base,FC26
234358,Rapid,base,FC26
234378,Aerial Fortress,base,FC26
234378,Block,base,FC26
234378,Dead Ball,base,FC26
234378,Intercept,base,FC26
234378,Press Proven,base,FC26
234378,Relentless,base,FC26
234378,Whipped Pass,base,FC26
234385,Incisive Pass,base,FC26
234385,Inventive,base,FC26
234385,Slide Tackle,base,FC26
234385,Technical,base,FC26
234385,Tiki Taka,base,FC26
234396,Quick Step,base,FC26
234396,Rapid,base,FC26
234407,Long Throw,base,FC26
234416,Long Ball Pass,base,FC26
234426,Bruiser,base,FC26
234426,Long Ball Pass,base,FC26
234426,Relentless,base,FC26
234426,Slide Tackle,base,FC26
234458,Aerial Fortress,base,FC26
234458,Bruiser,base,FC26
234458,Precision Header,base,FC26
234464,Precision Header,base,FC26
234466,Jockey,base,FC26
234466,Pinged Pass,base,FC26
234468,Finesse Shot,base,FC26
234468,Gamechanger,base,FC26
234468,Pinged Pass,base,FC26
234468,Technical,base,FC26
234472,Long Throw,base,FC26
234488,Dead Ball,base,FC26
234488,Finesse Shot,base,FC26
234488,Incisive Pass,base,FC26
234488,Inventive,base,FC26
234488,Tiki Taka,base,FC26
234496,Finesse Shot,base,FC26
234497,Relentless,base,FC26
234497,Slide Tackle,base,FC26
234501,Intercept,base,FC26
234501,Long Ball Pass,base,FC26
234505,Gamechanger,base,FC26
234505,Incisive Pass,base,FC26
234505,Long Ball Pass,base,FC26
234505,Technical,base,FC26
234508,Long Ball Pass,base,FC26
234508,Precision Header,base,FC26
234514,Intercept,base,FC26
234514,Slide Tackle,base,FC26
234515,Block,base,FC26
234522,Technical,base,FC26
234522,Whipped Pass,base,FC26
234569,Anticipate,base,FC26
234569,Bruiser,base,FC26
234569,Intercept,base,FC26
234569,Pinged Pass,base,FC26
234569,Precision Header,base,FC26
234569,Press Proven,base,FC26
234569,Slide Tackle,base,FC26
234570,First Touch,base,FC26
234570,Gamechanger,base,FC26
234570,Inventive,base,FC26
234570,Power Shot,base,FC26
234570,Technical,base,FC26
234570,Trickster,base,FC26
234574,Intercept,base,FC26
234574,Long Ball Pass,base,FC26
234574,Long Throw,base,FC26
234574,Slide Tackle,base,FC26
234575,Aerial Fortress,base,FC26
234575,Intercept,base,FC26
234575,Long Ball Pass,base,FC26
234577,Far Throw,base,FC26
234577,Long Ball Pass,base,FC26
234577,Rush Out,base,FC26
234579,Chip Shot,base,FC26
234579,Precision Header,base,FC26
234579,Rapid,base,FC26
234612,First Touch,base,FC26
234612,Quick Step,base,FC26
234631,Gamechanger,base,FC26
234631,Precision Header,base,FC26
234640,Quick Step,base,FC26
234640,Rapid,base,FC26
234642,Cross Claimer,base,FC26
234642,Footwork,base,FC26
234671,Power Shot,base,FC26
234678,Anticipate,base,FC26
234679,Aerial Fortress,base,FC26
234679,Jockey,base,FC26
234679,Long Ball Pass,base,FC26
234679,Long Throw,base,FC26
234683,Chip Shot,base,FC26
234683,Gamechanger,base,FC26
234687,Long Ball Pass,base,FC26
234687,Pinged Pass,base,FC26
234687,Press Proven,base,FC26
234710,Rapid,base,FC26
234711,Finesse Shot,base,FC26
234711,Technical,base,FC26
234711,Whipped Pass,base,FC26
234717,Cross Claimer,base,FC26
234728,Dead Ball,base,FC26
234728,Gamechanger,base,FC26
234728,Incisive Pass,base,FC26
234728,Pinged Pass,base,FC26
234728,Power Shot,base,FC26
234730,Jockey,base,FC26
234730,Long Throw,base,FC26
234731,Aerial Fortress,base,FC26
234735,Far Throw,base,FC26
234740,Finesse Shot,base,FC26
234740,Technical,base,FC26
234741,Dead Ball,base,FC26
234741,Gamechanger,base,FC26
234741,Incisive Pass,base,FC26
234741,Inventive,base,FC26
234741,Press Proven,base,FC26
234742,Finesse Shot,base,FC26
234749,Aerial Fortress,base,FC26
234749,Intercept,base,FC26
234760,Rapid,base,FC26
234760,Whipped Pass,base,FC26
234769,Long Ball Pass,base,FC26
234774,Long Ball Pass,base,FC26
234777,Far Throw,base,FC26
234777,Footwork,base,FC26
234779,Cross Claimer,base,FC26
234779,Far Throw,base,FC26
234779,Footwork,base,FC26
234790,Far Throw,base,FC26
234799,Dead Ball,base,FC26
234799,Finesse Shot,base,FC26
234799,Incisive Pass,base,FC26
234799,Relentless,base,FC26
234803,Deflector,base,FC26
234803,Footwork,base,FC26
234813,Aerial Fortress,base,FC26
234814,Aerial Fortress,base,FC26
234814,Intercept,base,FC26
234814,Long Ball Pass,base,FC26
234814,Precision Header,base,FC26
234824,Acrobatic,base,FC26
234824,Gamechanger,base,FC26
234824,Low Driven Shot,base,FC26
234824,Rapid,base,FC26
234826,Chip Shot,base,FC26
234826,Enforcer,base,FC26
234826,Finesse Shot,base,FC26
234827,Aerial Fortress,base,FC26
234827,Intercept,base,FC26
234835,Slide Tackle,base,FC26
234856,Block,base,FC26
234860,Relentless,base,FC26
234860,Technical,base,FC26
234861,Anticipate,base,FC26
234861,Block,base,FC26
234867,Incisive Pass,base,FC26
234867,Quick Step,base,FC26
234867,Technical,base,FC26
234870,Technical,base,FC26
234875,Low Driven Shot,base,FC26
234875,Relentless,base,FC26
234903,Footwork,base,FC26
234905,Rapid,base,FC26
234906,Dead Ball,base,FC26
234906,Incisive Pass,base,FC26
234906,Inventive,base,FC26
234906,Technical,base,FC26
234913,Precision Header,base,FC26
234930,Intercept,base,FC26
234935,Block,base,FC26
234935,Long Throw,base,FC26
234940,Long Ball Pass,base,FC26
234940,Slide Tackle,base,FC26
234941,Intercept,base,FC26
234941,Slide Tackle,base,FC26
234943,Incisive Pass,base,FC26
234943,Technical,base,FC26
234982,Jockey,base,FC26
234983,Bruiser,base,FC26
234983,Incisive Pass,base,FC26
234983,Relentless,base,FC26
234986,Block,base,FC26
234986,Slide Tackle,base,FC26
235004,Aerial Fortress,base,FC26
235004,Intercept,base,FC26
235004,Long Ball Pass,base,FC26
235005,Whipped Pass,base,FC26
235008,Finesse Shot,base,FC26
235008,Gamechanger,base,FC26
235008,Incisive Pass,base,FC26
235008,Slide Tackle,base,FC26
235014,Rapid,base,FC26
235022,Power Shot,base,FC26
235027,Far Reach,base,FC26
235027,Rush Out,base,FC26
235029,Chip Shot,base,FC26
235029,Finesse Shot,base,FC26
235036,Long Ball Pass,base,FC26
235047,Finesse Shot,base,FC26
235047,Rapid,base,FC26
235059,Technical,base,FC26
235073,Deflector,base,FC26
235073,Far Throw,base,FC26
235073,Rush Out,plus,FC26
235088,Anticipate,base,FC26
235088,Long Ball Pass,base,FC26
235088,Quick Step,base,FC26
235088,Rapid,base,FC26
235088,Relentless,base,FC26
235134,Aerial Fortress,base,FC26
235139,Jockey,base,FC26
235141,Far Throw,base,FC26
235141,Footwork,base,FC26
235141,Long Ball Pass,base,FC26
235149,Anticipate,base,FC26
235149,Intercept,base,FC26
235149,Inventive,base,FC26
235149,Pinged Pass,base,FC26
235149,Press Proven,base,FC26
235152,First Touch,base,FC26
235152,Jockey,base,FC26
235152,Quick Step,base,FC26
235152,Rapid,base,FC26
235152,Relentless,base,FC26
235152,Whipped Pass,base,FC26
235156,Aerial Fortress,base,FC26
235156,Intercept,base,FC26
235156,Precision Header,base,FC26
235157,Aerial Fortress,base,FC26
235157,Enforcer,base,FC26
235157,Relentless,base,FC26
235161,Precision Header,base,FC26
235163,Dead Ball,base,FC26
235163,Incisive Pass,base,FC26
235163,Long Ball Pass,base,FC26
235163,Power Shot,base,FC26
235167,Anticipate,base,FC26
235167,Intercept,base,FC26
235172,Inventive,base,FC26
235172,Whipped Pass,base,FC26
235173,Bruiser,base,FC26
235173,Enforcer,base,FC26
235173,Press Proven,base,FC26
235194,Enforcer,base,FC26
235212,Anticipate,base,FC26
235212,Jockey,base,FC26
235212,Low Driven Shot,base,FC26
235212,Press Proven,base,FC26
235212,Quick Step,base,FC26
235212,Whipped Pass,base,FC26
235212,Relentless,plus,FC26
235222,Anticipate,base,FC26
235222,Block,base,FC26
235222,Bruiser,base,FC26
235222,Intercept,base,FC26
235222,Whipped Pass,base,FC26
235242,Aerial Fortress,base,FC26
235242,Precision Header,base,FC26
235242,Slide Tackle,base,FC26
235243,Block,base,FC26
235243,Bruiser,base,FC26
235243,Power Shot,base,FC26
235244,Aerial Fortress,base,FC26
235244,Block,base,FC26
235244,Bruiser,base,FC26
235247,Aerial Fortress,base,FC26
235253,Long Ball Pass,base,FC26
235253,Long Throw,base,FC26
235253,Slide Tackle,base,FC26
235258,Bruiser,base,FC26
235266,Cross Claimer,base,FC26
235266,Far Throw,base,FC26
235269,Dead Ball,base,FC26
235269,Intercept,base,FC26
235288,Relentless,base,FC26
235288,Tiki Taka,base,FC26
235297,Relentless,base,FC26
235304,Far Throw,base,FC26
235304,Footwork,base,FC26
235312,Far Throw,base,FC26
235312,Footwork,base,FC26
235315,Technical,base,FC26
235329,Long Throw,base,FC26
235353,Quick Step,base,FC26
235353,Rapid,base,FC26
235360,Acrobatic,base,FC26
235360,Aerial Fortress,base,FC26
235360,Low Driven Shot,base,FC26
235360,Precision Header,base,FC26
235370,Finesse Shot,base,FC26
235370,Long Ball Pass,base,FC26
235370,Technical,base,FC26
235374,Quick Step,base,FC26
235374,Rapid,base,FC26
235374,Whipped Pass,base,FC26
235375,Cross Claimer,base,FC26
235380,Long Throw,base,FC26
235398,Aerial Fortress,base,FC26
235398,Quick Step,base,FC26
235398,Technical,base,FC26
235405,Aerial Fortress,base,FC26
235405,Block,base,FC26
235405,Precision Header,base,FC26
235407,Bruiser,base,FC26
235410,Aerial Fortress,base,FC26
235410,Precision Header,base,FC26
235410,Quick Step,base,FC26
235410,Rapid,base,FC26
235410,Relentless,base,FC26
235416,Low Driven Shot,base,FC26
235432,Relentless,base,FC26
235458,Bruiser,base,FC26
235458,Intercept,base,FC26
235458,Precision Header,base,FC26
235460,Cross Claimer,base,FC26
235460,Far Throw,base,FC26
235464,Aerial Fortress,base,FC26
235464,Intercept,base,FC26
235467,Gamechanger,base,FC26
235467,Incisive Pass,base,FC26
235467,Inventive,base,FC26
235467,Low Driven Shot,base,FC26
235467,Quick Step,base,FC26
235467,Technical,base,FC26
235471,Dead Ball,base,FC26
235471,Long Ball Pass,base,FC26
235471,Technical,base,FC26
235496,Press Proven,base,FC26
235496,Relentless,base,FC26
235513,Enforcer,base,FC26
235513,Precision Header,base,FC26
235514,Aerial Fortress,base,FC26
235522,Inventive,base,FC26
235526,Press Proven,base,FC26
235532,Slide Tackle,base,FC26
235546,Aerial Fortress,base,FC26
235553,Aerial Fortress,base,FC26
235553,Anticipate,base,FC26
235553,Bruiser,base,FC26
235569,Inventive,base,FC26
235569,Technical,base,FC26
235570,Relentless,base,FC26
235570,Technical,base,FC26
235572,Aerial Fortress,base,FC26
235572,Long Throw,base,FC26
235572,Precision Header,base,FC26
235574,Footwork,base,FC26
235600,Block,base,FC26
235606,Long Ball Pass,base,FC26
235619,First Touch,base,FC26
235619,Quick Step,base,FC26
235619,Technical,base,FC26
235629,Cross Claimer,base,FC26
235629,Footwork,base,FC26
235633,Cross Claimer,base,FC26
235633,Far Throw,base,FC26
235636,Aerial Fortress,base,FC26
235636,First Touch,base,FC26
235636,Incisive Pass,base,FC26
235642,Aerial Fortress,base,FC26
235650,Rapid,base,FC26
235650,Relentless,base,FC26
235658,Aerial Fortress,base,FC26
235658,Anticipate,base,FC26
235658,Block,base,FC26
235658,Long Ball Pass,base,FC26
235661,Dead Ball,base,FC26
235661,Intercept,base,FC26
235662,Slide Tackle,base,FC26
235663,First Touch,base,FC26
235663,Precision Header,base,FC26
235670,Aerial Fortress,base,FC26
235670,Dead Ball,base,FC26
235670,Incisive Pass,base,FC26
235670,Power Shot,base,FC26
235684,Aerial Fortress,base,FC26
235704,Aerial Fortress,base,FC26
235704,Precision Header,base,FC26
235717,Technical,base,FC26
235728,Block,base,FC26
235735,Bruiser,base,FC26
235735,Jockey,base,FC26
235735,Long Ball Pass,base,FC26
235735,Press Proven,base,FC26
235742,Quick Step,base,FC26
235742,Rapid,base,FC26
235744,Gamechanger,base,FC26
235769,Technical,base,FC26
235771,Relentless,base,FC26
235773,Long Throw,base,FC26
235781,Bruiser,base,FC26
235781,Precision Header,base,FC26
235790,Chip Shot,base,FC26
235790,Enforcer,base,FC26
235790,First Touch,base,FC26
235790,Gamechanger,base,FC26
235790,Precision Header,base,FC26
235790,Technical,base,FC26
235794,Dead Ball,base,FC26
235794,Finesse Shot,base,FC26
235794,First Touch,base,FC26
235794,Gamechanger,base,FC26
235794,Inventive,base,FC26
235794,Power Shot,base,FC26
235794,Technical,base,FC26
235805,Finesse Shot,base,FC26
235805,Quick Step,base,FC26
235805,Rapid,base,FC26
235806,Cross Claimer,base,FC26
235807,Dead Ball,base,FC26
235807,Long Ball Pass,base,FC26
235808,Block,base,FC26
235813,Dead Ball,base,FC26
235813,Power Shot,base,FC26
235813,Tiki Taka,base,FC26
235817,Long Throw,base,FC26
235824,Long Ball Pass,base,FC26
235834,Intercept,base,FC26
235834,Low Driven Shot,base,FC26
235840,Footwork,base,FC26
235842,Precision Header,base,FC26
235844,Anticipate,base,FC26
235844,Block,base,FC26
235844,Bruiser,base,FC26
235844,Slide Tackle,base,FC26
235849,Long Ball Pass,base,FC26
235855,Long Throw,base,FC26
235883,Rapid,base,FC26
235884,Intercept,base,FC26
235884,Whipped Pass,base,FC26
235888,Acrobatic,base,FC26
235888,Gamechanger,base,FC26
235889,Rapid,base,FC26
235889,Whipped Pass,base,FC26
235890,Aerial Fortress,base,FC26
235890,Anticipate,base,FC26
235890,Intercept,base,FC26
235890,Jockey,base,FC26
235890,Long Ball Pass,base,FC26
235899,Bruiser,base,FC26
235915,Finesse Shot,base,FC26
235915,Whipped Pass,base,FC26
235916,Block,base,FC26
235916,Intercept,base,FC26
235916,Long Ball Pass,base,FC26
235916,Relentless,base,FC26
235926,Inventive,base,FC26
235926,Technical,base,FC26
235931,Cross Claimer,base,FC26
235932,Footwork,base,FC26
235935,Whipped Pass,base,FC26
235944,Dead Ball,base,FC26
235944,Finesse Shot,base,FC26
235944,Technical,base,FC26
235944,Tiki Taka,base,FC26
235949,Dead Ball,base,FC26
235949,Incisive Pass,base,FC26
235949,Inventive,base,FC26
235949,Quick Step,base,FC26
235955,Dead Ball,base,FC26
235955,Inventive,base,FC26
235955,Quick Step,base,FC26
235955,Technical,base,FC26
235970,Finesse Shot,base,FC26
235970,Technical,base,FC26
235973,Dead Ball,base,FC26
235973,Finesse Shot,base,FC26
235973,Incisive Pass,base,FC26
235973,Technical,base,FC26
235983,Block,base,FC26
235983,Jockey,base,FC26
235988,Long Ball Pass,base,FC26
235991,Aerial Fortress,base,FC26
235997,Tiki Taka,base,FC26
236015,Aerial Fortress,base,FC26
236015,Incisive Pass,base,FC26
236015,Inventive,base,FC26
236015,Relentless,base,FC26
236015,Technical,base,FC26
236025,Enforcer,base,FC26
236025,Precision Header,base,FC26
236038,Bruiser,base,FC26
236038,Rapid,base,FC26
236045,Block,base,FC26
236045,Bruiser,base,FC26
236046,Footwork,base,FC26
236209,Rapid,base,FC26
236217,Aerial Fortress,base,FC26
236217,Block,base,FC26
236217,Long Ball Pass,base,FC26
236217,Precision Header,base,FC26
236217,Rapid,base,FC26
236246,Finesse Shot,base,FC26
236246,First Touch,base,FC26
236246,Technical,base,FC26
236247,Aerial Fortress,base,FC26
236247,Incisive Pass,base,FC26
236247,Inventive,base,FC26
236247,Long Ball Pass,base,FC26
236248,Technical,base,FC26
236259,Long Ball Pass,base,FC26
236259,Press Proven,base,FC26
236259,Tiki Taka,base,FC26
236260,Precision Header,base,FC26
236267,Slide Tackle,base,FC26
236276,Gamechanger,base,FC26
236276,Rapid,base,FC26
236295,Anticipate,base,FC26
236295,Dead Ball,base,FC26
236295,Intercept,base,FC26
236295,Whipped Pass,base,FC26
236298,Technical,base,FC26
236304,Intercept,base,FC26
236304,Jockey,base,FC26
236304,Long Ball Pass,base,FC26
236311,Technical,base,FC26
236315,Intercept,base,FC26
236315,Long Ball Pass,base,FC26
236316,Jockey,base,FC26
236330,Deflector,base,FC26
236330,Far Throw,base,FC26
236330,Long Ball Pass,base,FC26
236342,Rapid,base,FC26
236355,Anticipate,base,FC26
236355,Intercept,base,FC26
236355,Jockey,base,FC26
236355,Long Throw,base,FC26
236355,Slide Tackle,base,FC26
236363,Dead Ball,base,FC26
236363,Inventive,base,FC26
236363,Relentless,base,FC26
236364,Incisive Pass,base,FC26
236364,Technical,base,FC26
236369,Aerial Fortress,base,FC26
236369,Block,base,FC26
236379,Finesse Shot,base,FC26
236379,Long Ball Pass,base,FC26
236382,Long Throw,base,FC26
236388,Power Shot,base,FC26
236388,Rapid,base,FC26
236390,Quick Step,base,FC26
236401,Anticipate,base,FC26
236401,Block,base,FC26
236401,Jockey,base,FC26
236401,Technical,base,FC26
236403,Block,base,FC26
236403,Bruiser,base,FC26
236403,Slide Tackle,base,FC26
236413,Bruiser,base,FC26
236413,Relentless,base,FC26
236427,Anticipate,base,FC26
236441,Rapid,base,FC26
236461,Enforcer,base,FC26
236461,Gamechanger,base,FC26
236461,Low Driven Shot,base,FC26
236466,Long Throw,base,FC26
236467,Block,base,FC26
236467,Precision Header,base,FC26
236467,Press Proven,base,FC26
236474,Inventive,base,FC26
236474,Rapid,base,FC26
236477,Technical,base,FC26
236487,Inventive,base,FC26
236487,Long Ball Pass,base,FC26
236487,Relentless,base,FC26
236487,Technical,base,FC26
236492,Dead Ball,base,FC26
236492,Incisive Pass,base,FC26
236492,Long Ball Pass,base,FC26
236492,Power Shot,base,FC26
236492,Relentless,base,FC26
236492,Whipped Pass,base,FC26
236495,Slide Tackle,base,FC26
236496,Anticipate,base,FC26
236496,Block,base,FC26
236496,First Touch,base,FC26
236496,Incisive Pass,base,FC26
236496,Jockey,base,FC26
236496,Relentless,base,FC26
236496,Tiki Taka,base,FC26
236498,Finesse Shot,base,FC26
236498,Technical,base,FC26
236499,Press Proven,base,FC26
236506,Long Ball Pass,base,FC26
236507,Rapid,base,FC26
236508,Long Ball Pass,base,FC26
236508,Slide Tackle,base,FC26
236510,Aerial Fortress,base,FC26
236528,Precision Header,base,FC26
236530,Slide Tackle,base,FC26
236530,Technical,base,FC26
236532,Aerial Fortress,base,FC26
236532,Precision Header,base,FC26
236533,Enforcer,base,FC26
236533,Precision Header,base,FC26
236551,Precision Header,base,FC26
236556,Inventive,base,FC26
236556,Long Ball Pass,base,FC26
236556,Rapid,base,FC26
236557,Aerial Fortress,base,FC26
236557,Finesse Shot,base,FC26
236557,Intercept,base,FC26
236557,Low Driven Shot,base,FC26
236557,Technical,base,FC26
236571,Far Throw,base,FC26
236573,Aerial Fortress,base,FC26
236583,Footwork,base,FC26
236586,Quick Step,base,FC26
236586,Rapid,base,FC26
236586,Relentless,base,FC26
236593,Finesse Shot,base,FC26
236593,Incisive Pass,base,FC26
236593,Inventive,base,FC26
236593,Technical,base,FC26
236600,Bruiser,base,FC26
236601,Quick Step,base,FC26
236601,Rapid,base,FC26
236610,Chip Shot,base,FC26
236610,Gamechanger,base,FC26
236610,Rapid,base,FC26
236613,Footwork,base,FC26
236621,Chip Shot,base,FC26
236621,Precision Header,base,FC26
236626,Anticipate,base,FC26
236626,Jockey,base,FC26
236629,Whipped Pass,base,FC26
236632,Gamechanger,base,FC26
236632,Inventive,base,FC26
236632,Power Shot,base,FC26
236632,Quick Step,base,FC26
236632,Technical,base,FC26
236632,Trickster,base,FC26
236632,Whipped Pass,base,FC26
236633,Technical,base,FC26
236634,Technical,base,FC26
236636,Long Ball Pass,base,FC26
236637,Slide Tackle,base,FC26
236639,Inventive,base,FC26
236657,Dead Ball,base,FC26
236657,Enforcer,base,FC26
236657,Long Ball Pass,base,FC26
236657,Relentless,base,FC26
236657,Whipped Pass,base,FC26
236662,Bruiser,base,FC26
236662,Intercept,base,FC26
236668,Relentless,base,FC26
236668,Whipped Pass,base,FC26
236670,Intercept,base,FC26
236670,Slide Tackle,base,FC26
236671,Technical,base,FC26
236677,Precision Header,base,FC26
236679,Incisive Pass,base,FC26
236679,Long Ball Pass,base,FC26
236679,Technical,base,FC26
236690,Aerial Fortress,base,FC26
236690,Bruiser,base,FC26
236690,Long Ball Pass,base,FC26
236690,Precision Header,base,FC26
236692,First Touch,base,FC26
236692,Gamechanger,base,FC26
236702,Long Throw,base,FC26
236703,Dead Ball,base,FC26
236703,Rapid,base,FC26
236703,Whipped Pass,base,FC26
236712,Intercept,base,FC26
236712,Long Ball Pass,base,FC26
236712,Long Throw,base,FC26
236712,Power Shot,base,FC26
236712,Whipped Pass,base,FC26
236760,First Touch,base,FC26
236760,Press Proven,base,FC26
236764,Incisive Pass,base,FC26
236764,Press Proven,base,FC26
236767,Enforcer,base,FC26
236767,Press Proven,base,FC26
236772,Power Shot,base,FC26
236772,Technical,base,FC26
236772,Whipped Pass,base,FC26
236773,Jockey,base,FC26
236773,Relentless,base,FC26
236773,Slide Tackle,base,FC26
236774,Quick Step,base,FC26
236774,Rapid,base,FC26
236784,Precision Header,base,FC26
236784,Whipped Pass,base,FC26
236786,Aerial Fortress,base,FC26
236786,Finesse Shot,base,FC26
236786,Gamechanger,base,FC26
236786,Rapid,base,FC26
236791,Technical,base,FC26
236792,Aerial Fortress,base,FC26
236792,Precision Header,base,FC26
236800,Technical,base,FC26
236803,Precision Header,base,FC26
236803,Rapid,base,FC26
236804,Bruiser,base,FC26
236804,Jockey,base,FC26
236804,Slide Tackle,base,FC26
236810,Enforcer,base,FC26
236810,Finesse Shot,base,FC26
236810,Gamechanger,base,FC26
236818,Finesse Shot,base,FC26
236818,Long Ball Pass,base,FC26
236822,Long Throw,base,FC26
236822,Rapid,base,FC26
236823,Rush Out,base,FC26
236830,Press Proven,base,FC26
236836,Rapid,base,FC26
236845,Anticipate,base,FC26
236845,Rapid,base,FC26
236875,Long Throw,base,FC26
236883,Finesse Shot,base,FC26
236883,Inventive,base,FC26
236883,Press Proven,base,FC26
236883,Relentless,base,FC26
236885,Enforcer,base,FC26
236885,Precision Header,base,FC26
236889,Aerial Fortress,base,FC26
236889,Block,base,FC26
236889,Precision Header,base,FC26
236918,Finesse Shot,base,FC26
236918,Gamechanger,base,FC26
236918,Long Ball Pass,base,FC26
236920,Rapid,base,FC26
236943,Rapid,base,FC26
236947,Bruiser,base,FC26
236947,Intercept,base,FC26
236947,Jockey,base,FC26
236956,Inventive,base,FC26
236987,Block,base,FC26
236988,Chip Shot,base,FC26
237000,Bruiser,base,FC26
237000,Intercept,base,FC26
237000,Relentless,base,FC26
237005,Anticipate,base,FC26
237010,Anticipate,base,FC26
237010,Long Ball Pass,base,FC26
237010,Technical,base,FC26
237024,Anticipate,base,FC26
237031,Chip Shot,base,FC26
237031,Power Shot,base,FC26
237034,Acrobatic,base,FC26
237034,Quick Step,base,FC26
237040,Long Ball Pass,base,FC26
237055,Inventive,base,FC26
237055,Technical,base,FC26
237075,Enforcer,base,FC26
237086,Aerial Fortress,base,FC26
237086,Block,base,FC26
237086,Intercept,base,FC26
237086,Long Ball Pass,base,FC26
237086,Slide Tackle,base,FC26
237091,Technical,base,FC26
237101,Anticipate,base,FC26
237122,Anticipate,base,FC26
237127,Cross Claimer,base,FC26
237135,Finesse Shot,base,FC26
237135,Gamechanger,base,FC26
237135,Technical,base,FC26
237138,Gamechanger,base,FC26
237138,Incisive Pass,base,FC26
237138,Technical,base,FC26
237155,Incisive Pass,base,FC26
237169,Quick Step,base,FC26
237169,Rapid,base,FC26
237175,Slide Tackle,base,FC26
237181,Anticipate,base,FC26
237183,Dead Ball,base,FC26
237183,Power Shot,base,FC26
237184,Slide Tackle,base,FC26
237198,Inventive,base,FC26
237198,Long Throw,base,FC26
237198,Quick Step,base,FC26
237198,Whipped Pass,base,FC26
237203,Finesse Shot,base,FC26
237204,Rapid,base,FC26
237206,Bruiser,base,FC26
237213,Long Ball Pass,base,FC26
237221,Block,base,FC26
237221,Bruiser,base,FC26
237221,Slide Tackle,base,FC26
237223,Inventive,base,FC26
237223,Whipped Pass,base,FC26
237232,Cross Claimer,base,FC26
237238,Aerial Fortress,base,FC26
237238,Enforcer,base,FC26
237238,Incisive Pass,base,FC26
237238,Low Driven Shot,base,FC26
237238,Precision Header,base,FC26
237238,Technical,base,FC26
237239,Dead Ball,base,FC26
237239,Whipped Pass,base,FC26
237242,Rapid,base,FC26
237254,Aerial Fortress,base,FC26
237254,Finesse Shot,base,FC26
237254,Technical,base,FC26
237256,Finesse Shot,base,FC26
237256,Precision Header,base,FC26
237257,Long Ball Pass,base,FC26
237268,Long Throw,base,FC26
237295,Quick Step,base,FC26
237295,Rapid,base,FC26
237310,Quick Step,base,FC26
237310,Technical,base,FC26
237321,Finesse Shot,base,FC26
237328,Quick Step,base,FC26
237328,Rapid,base,FC26
237329,Finesse Shot,base,FC26
237331,Bruiser,base,FC26
237332,Chip Shot,base,FC26
237332,Quick Step,base,FC26
237333,Aerial Fortress,base,FC26
237341,Aerial Fortress,base,FC26
237341,Intercept,base,FC26
237347,Whipped Pass,base,FC26
237355,Precision Header,base,FC26
237355,Rapid,base,FC26
237375,Enforcer,base,FC26
237375,Precision Header,base,FC26
237378,Gamechanger,base,FC26
237378,Technical,base,FC26
237383,Block,base,FC26
237383,Long Ball Pass,base,FC26
237383,Pinged Pass,base,FC26
237383,Relentless,base,FC26
237383,Whipped Pass,base,FC26
237386,Incisive Pass,base,FC26
237391,Press Proven,base,FC26
237407,Slide Tackle,base,FC26
237415,Anticipate,base,FC26
237415,Block,base,FC26
237415,Jockey,base,FC26
237419,Footwork,base,FC26
237424,Press Proven,base,FC26
237424,Tiki Taka,base,FC26
237442,Long Ball Pass,base,FC26
237453,Precision Header,base,FC26
237469,Anticipate,base,FC26
237469,Block,base,FC26
237469,Long Throw,base,FC26
237469,Rapid,base,FC26
237470,Precision Header,base,FC26
237477,Power Shot,base,FC26
237477,Technical,base,FC26
237490,Incisive Pass,base,FC26
237490,Intercept,base,FC26
237490,Jockey,base,FC26
237490,Press Proven,base,FC26
237490,Relentless,base,FC26
237496,Finesse Shot,base,FC26
237496,Inventive,base,FC26
237496,Technical,base,FC26
237499,Technical,base,FC26
237502,Quick Step,base,FC26
237502,Rapid,base,FC26
237503,Technical,base,FC26
237509,Aerial Fortress,base,FC26
237509,Rapid,base,FC26
237511,Anticipate,base,FC26
237511,Whipped Pass,base,FC26
237522,Precision Header,base,FC26
237524,Gamechanger,base,FC26
237525,Far Reach,base,FC26
237553,Cross Claimer,base,FC26
237566,Relentless,base,FC26
237576,Cross Claimer,base,FC26
237586,Aerial Fortress,base,FC26
237586,Intercept,base,FC26
237594,Aerial Fortress,base,FC26
237594,Bruiser,base,FC26
237595,Intercept,base,FC26
237595,Jockey,base,FC26
237595,Long Ball Pass,base,FC26
237595,Slide Tackle,base,FC26
237613,Dead Ball,base,FC26
237613,Finesse Shot,base,FC26
237615,Deflector,base,FC26
237615,Far Throw,base,FC26
237615,Long Ball Pass,base,FC26
237619,Dead Ball,base,FC26
237619,Inventive,base,FC26
237619,Long Ball Pass,base,FC26
237626,Press Proven,base,FC26
237629,Dead Ball,base,FC26
237630,Anticipate,base,FC26
237633,Enforcer,base,FC26
237633,Low Driven Shot,base,FC26
237635,Technical,base,FC26
237640,Technical,base,FC26
237642,Rapid,base,FC26
237646,Anticipate,base,FC26
237646,Jockey,base,FC26
237646,Rapid,base,FC26
237646,Relentless,base,FC26
237669,Technical,base,FC26
237670,Dead Ball,base,FC26
237670,Inventive,base,FC26
237670,Long Ball Pass,base,FC26
237678,Aerial Fortress,base,FC26
237678,Bruiser,base,FC26
237679,Finesse Shot,base,FC26
237679,Quick Step,base,FC26
237679,Rapid,base,FC26
237679,Technical,base,FC26
237681,Finesse Shot,base,FC26
237681,First Touch,base,FC26
237681,Gamechanger,base,FC26
237681,Inventive,base,FC26
237681,Low Driven Shot,base,FC26
237681,Technical,base,FC26
237692,First Touch,base,FC26
237692,Gamechanger,base,FC26
237692,Inventive,base,FC26
237692,Low Driven Shot,base,FC26
237692,Technical,base,FC26
237705,Quick Step,base,FC26
237705,Rapid,base,FC26
237708,Gamechanger,base,FC26
237708,Precision Header,base,FC26
237708,Rapid,base,FC26
237712,Finesse Shot,base,FC26
237712,Incisive Pass,base,FC26
237712,Technical,base,FC26
237731,Whipped Pass,base,FC26
237778,Footwork,base,FC26
237778,Long Ball Pass,base,FC26
237807,Finesse Shot,base,FC26
237809,Technical,base,FC26
237819,Relentless,base,FC26
237819,Slide Tackle,base,FC26
237871,Dead Ball,base,FC26
237871,Finesse Shot,base,FC26
237875,Block,base,FC26
237895,Long Throw,base,FC26
237895,Whipped Pass,base,FC26
237920,Relentless,base,FC26
237926,Bruiser,base,FC26
237926,Slide Tackle,base,FC26
237927,Rush Out,base,FC26
237936,Inventive,base,FC26
237936,Technical,base,FC26
237937,Finesse Shot,base,FC26
237937,Incisive Pass,base,FC26
237960,Quick Step,base,FC26
237975,Long Throw,base,FC26
237977,Aerial Fortress,base,FC26
237985,Aerial Fortress,base,FC26
237985,Bruiser,base,FC26
237985,Long Ball Pass,base,FC26
237993,Technical,base,FC26
237994,Technical,base,FC26
238041,Slide Tackle,base,FC26
238043,Quick Step,base,FC26
238043,Rapid,base,FC26
238049,Slide Tackle,base,FC26
238050,Finesse Shot,base,FC26
238050,Inventive,base,FC26
238050,Quick Step,base,FC26
238050,Technical,base,FC26
238050,Trickster,base,FC26
238051,Aerial Fortress,base,FC26
238058,Inventive,base,FC26
238058,Relentless,base,FC26
238058,Technical,base,FC26
238059,Dead Ball,base,FC26
238059,Low Driven Shot,base,FC26
238060,Cross Claimer,base,FC26
238060,Footwork,base,FC26
238067,Gamechanger,base,FC26
238067,Power Shot,base,FC26
238067,Rapid,base,FC26
238068,Acrobatic,base,FC26
238068,Power Shot,base,FC26
238070,Cross Claimer,base,FC26
238070,Far Throw,base,FC26
238070,Footwork,base,FC26
238071,Bruiser,base,FC26
238072,Aerial Fortress,base,FC26
238072,Enforcer,base,FC26
238072,Finesse Shot,base,FC26
238072,Intercept,base,FC26
238072,Slide Tackle,base,FC26
238074,Bruiser,base,FC26
238074,Jockey,base,FC26
238074,Whipped Pass,base,FC26
238093,Footwork,base,FC26
238095,Aerial Fortress,base,FC26
238095,Anticipate,base,FC26
238095,Long Ball Pass,base,FC26
238098,Relentless,base,FC26
238103,Block,base,FC26
238103,Precision Header,base,FC26
238126,Aerial Fortress,base,FC26
238126,Technical,base,FC26
238132,Press Proven,base,FC26
238160,Aerial Fortress,base,FC26
238160,Anticipate,base,FC26
238160,Jockey,base,FC26
238160,Slide Tackle,base,FC26
238167,Long Ball Pass,base,FC26
238170,First Touch,base,FC26
238170,Technical,base,FC26
238177,Whipped Pass,base,FC26
238179,Aerial Fortress,base,FC26
238179,Bruiser,base,FC26
238180,Enforcer,base,FC26
238180,Precision Header,base,FC26
238186,Footwork,base,FC26
238194,Power Shot,base,FC26
238196,Gamechanger,base,FC26
238216,Block,base,FC26
238216,Intercept,base,FC26
238216,Relentless,base,FC26
238220,Aerial Fortress,base,FC26
238220,Intercept,base,FC26
238222,Dead Ball,base,FC26
238222,Whipped Pass,base,FC26
238224,Aerial Fortress,base,FC26
238224,Precision Header,base,FC26
238227,Aerial Fortress,base,FC26
238227,Quick Step,base,FC26
238227,Rapid,base,FC26
238230,Rapid,base,FC26
238236,Incisive Pass,base,FC26
238236,Rapid,base,FC26
238260,Long Ball Pass,base,FC26
238263,Aerial Fortress,base,FC26
238263,Long Ball Pass,base,FC26
238277,Finesse Shot,base,FC26
238277,Incisive Pass,base,FC26
238277,Press Proven,base,FC26
238319,Long Throw,base,FC26
238320,Power Shot,base,FC26
238331,Block,base,FC26
238331,Jockey,base,FC26
238331,Relentless,base,FC26
238332,Enforcer,base,FC26
238332,Precision Header,base,FC26
238354,Anticipate,base,FC26
238354,Block,base,FC26
238354,Slide Tackle,base,FC26
238360,Rapid,base,FC26
238363,Anticipate,base,FC26
238363,Dead Ball,base,FC26
238363,Intercept,base,FC26
238363,Rapid,base,FC26
238363,Whipped Pass,base,FC26
238368,Low Driven Shot,base,FC26
238370,Intercept,base,FC26
238370,Long Ball Pass,base,FC26
238375,Jockey,base,FC26
238389,Intercept,base,FC26
238389,Long Ball Pass,base,FC26
238409,Intercept,base,FC26
238409,Rapid,base,FC26
238410,Aerial Fortress,base,FC26
238450,Aerial Fortress,base,FC26
238461,Aerial Fortress,base,FC26
238463,Aerial Fortress,base,FC26
238464,First Touch,base,FC26
238476,Aerial Fortress,base,FC26
238476,Bruiser,base,FC26
238490,Dead Ball,base,FC26
238490,Inventive,base,FC26
238490,Technical,base,FC26
238490,Whipped Pass,base,FC26
238503,Cross Claimer,base,FC26
238504,Technical,base,FC26
238505,Gamechanger,base,FC26
238505,Technical,base,FC26
238508,Long Ball Pass,base,FC26
238509,Aerial Fortress,base,FC26
238509,First Touch,base,FC26
238509,Quick Step,base,FC26
238509,Rapid,base,FC26
238510,Quick Step,base,FC26
238516,Precision Header,base,FC26
238545,Acrobatic,base,FC26
238545,Aerial Fortress,base,FC26
238545,Low Driven Shot,base,FC26
238545,Precision Header,base,FC26
238563,Intercept,base,FC26
238563,Long Ball Pass,base,FC26
238563,Slide Tackle,base,FC26
238570,Cross Claimer,base,FC26
238574,Long Ball Pass,base,FC26
238576,Aerial Fortress,base,FC26
238576,Bruiser,base,FC26
238576,Jockey,base,FC26
238576,Precision Header,base,FC26
238576,Slide Tackle,base,FC26
238577,Rapid,base,FC26
238578,Incisive Pass,base,FC26
238578,Technical,base,FC26
238581,Technical,base,FC26
238616,Quick Step,base,FC26
238616,Rapid,base,FC26
238621,Bruiser,base,FC26
238621,Jockey,base,FC26
238631,Quick Step,base,FC26
238631,Rapid,base,FC26
238634,Long Ball Pass,base,FC26
238634,Long Throw,plus,FC26
238636,Intercept,base,FC26
238636,Relentless,base,FC26
238637,Intercept,base,FC26
238637,Jockey,base,FC26
238637,Press Proven,base,FC26
238637,Slide Tackle,base,FC26
238643,Low Driven Shot,base,FC26
238643,Precision Header,base,FC26
238643,Rapid,base,FC26
238647,Quick Step,base,FC26
238656,Enforcer,base,FC26
238660,Long Throw,base,FC26
238662,Rapid,base,FC26
238662,Slide Tackle,base,FC26
238662,Whipped Pass,base,FC26
238684,Intercept,base,FC26
238692,Bruiser,base,FC26
238692,Long Ball Pass,base,FC26
238692,Precision Header,base,FC26
238692,Slide Tackle,base,FC26
238704,Finesse Shot,base,FC26
238704,Inventive,base,FC26
238704,Technical,base,FC26
238716,Bruiser,base,FC26
238717,Aerial Fortress,base,FC26
238717,Anticipate,base,FC26
238717,Long Throw,base,FC26
238717,Precision Header,base,FC26
238725,Block,base,FC26
238725,Bruiser,base,FC26
238743,Chip Shot,base,FC26
238743,Enforcer,base,FC26
238743,Rapid,base,FC26
238744,Aerial Fortress,base,FC26
238744,Incisive Pass,base,FC26
238744,Long Throw,base,FC26
238749,Block,base,FC26
238749,Bruiser,base,FC26
238758,Intercept,base,FC26
238758,Long Ball Pass,base,FC26
238763,Precision Header,base,FC26
238765,Rapid,base,FC26
238775,Finesse Shot,base,FC26
238775,Technical,base,FC26
238779,Aerial Fortress,base,FC26
238779,Block,base,FC26
238779,Intercept,base,FC26
238779,Jockey,base,FC26
238779,Long Ball Pass,base,FC26
238792,Slide Tackle,base,FC26
238793,Relentless,base,FC26
238794,Chip Shot,base,FC26
238794,Finesse Shot,base,FC26
238794,First Touch,base,FC26
238794,Gamechanger,base,FC26
238794,Inventive,base,FC26
238794,Rapid,base,FC26
238794,Quick Step,plus,FC26
238839,Aerial Fortress,base,FC26
238839,Dead Ball,base,FC26
238839,Incisive Pass,base,FC26
238839,Intercept,base,FC26
238839,Long Ball Pass,base,FC26
238839,Power Shot,base,FC26
238857,Long Throw,base,FC26
238857,Rapid,base,FC26
238862,Aerial Fortress,base,FC26
238862,Block,base,FC26
238862,Jockey,base,FC26
238862,Long Ball Pass,base,FC26
238880,Block,base,FC26
238882,Rapid,base,FC26
238896,First Touch,base,FC26
238896,Quick Step,base,FC26
238896,Technical,base,FC26
238896,Trickster,base,FC26
238900,Finesse Shot,base,FC26
238900,Relentless,base,FC26
238919,Rush Out,base,FC26
238922,Jockey,base,FC26
238922,Technical,base,FC26
238941,Long Ball Pass,base,FC26
238941,Power Shot,base,FC26
238953,Finesse Shot,base,FC26
238953,Precision Header,base,FC26
238963,Anticipate,base,FC26
238963,Intercept,base,FC26
238963,Long Ball Pass,base,FC26
238974,Long Throw,base,FC26
238987,Aerial Fortress,base,FC26
239011,Intercept,base,FC26
239016,Intercept,base,FC26
239016,Press Proven,base,FC26
239016,Relentless,base,FC26
239016,Whipped Pass,base,FC26
239028,Power Shot,base,FC26
239028,Rapid,base,FC26
239048,Rapid,base,FC26
239048,Relentless,base,FC26
239053,Aerial Fortress,base,FC26
239053,Intercept,base,FC26
239053,Long Ball Pass,base,FC26
239053,Power Shot,base,FC26
239053,Rapid,base,FC26
239053,Slide Tackle,base,FC26
239053,Relentless,plus,FC26
239073,Long Throw,base,FC26
239073,Quick Step,base,FC26
239073,Rapid,base,FC26
239084,Bruiser,base,FC26
239085,Acrobatic,base,FC26
239085,Chip Shot,base,FC26
239085,Enforcer,base,FC26
239085,Gamechanger,base,FC26
239085,Power Shot,base,FC26
239085,Precision Header,base,FC26
239085,Low Driven Shot,plus,FC26
239090,Long Ball Pass,base,FC26
239093,Anticipate,base,FC26
239093,Dead Ball,base,FC26
239093,Intercept,base,FC26
239093,Long Throw,base,FC26
239093,Relentless,base,FC26
239093,Whipped Pass,base,FC26
239096,Aerial Fortress,base,FC26
239096,Anticipate,base,FC26
239097,Acrobatic,base,FC26
239097,Finesse Shot,base,FC26
239097,First Touch,base,FC26
239097,Gamechanger,base,FC26
239097,Incisive Pass,base,FC26
239097,Press Proven,base,FC26
239099,Aerial Fortress,base,FC26
239099,Intercept,base,FC26
239099,Relentless,base,FC26
239106,Intercept,base,FC26
239106,Long Ball Pass,base,FC26
239106,Relentless,base,FC26
239106,Whipped Pass,base,FC26
239116,Intercept,base,FC26
239116,Power Shot,base,FC26
239116,Relentless,base,FC26
239119,Dead Ball,base,FC26
239119,Intercept,base,FC26
239119,Long Ball Pass,base,FC26
239119,Long Throw,base,FC26
239119,Whipped Pass,base,FC26
239138,Technical,base,FC26
239148,Incisive Pass,base,FC26
239148,Press Proven,base,FC26
239175,Aerial Fortress,base,FC26
239175,Dead Ball,base,FC26
239175,Intercept,base,FC26
239179,Anticipate,base,FC26
239179,Block,base,FC26
239179,Long Ball Pass,base,FC26
239181,Intercept,base,FC26
239181,Long Ball Pass,base,FC26
239181,Slide Tackle,base,FC26
239215,Long Ball Pass,base,FC26
239231,Block,base,FC26
239231,Jockey,base,FC26
239231,Press Proven,base,FC26
239231,Relentless,base,FC26
239254,Footwork,base,FC26
239259,Bruiser,base,FC26
239267,Gamechanger,base,FC26
239267,Low Driven Shot,base,FC26
239267,Technical,base,FC26
239271,Cross Claimer,base,FC26
239272,Deflector,base,FC26
239301,Bruiser,base,FC26
239301,Intercept,base,FC26
239301,Slide Tackle,base,FC26
239323,Rapid,base,FC26
239329,Enforcer,base,FC26
239333,Rapid,base,FC26
239340,Aerial Fortress,base,FC26
239340,Block,base,FC26
239340,Bruiser,base,FC26
239340,Intercept,base,FC26
239342,Far Throw,base,FC26
239350,First Touch,base,FC26
239350,Quick Step,base,FC26
239350,Trickster,base,FC26
239356,Aerial Fortress,base,FC26
239356,Intercept,base,FC26
239356,Long Ball Pass,base,FC26
239356,Relentless,base,FC26
239356,Slide Tackle,base,FC26
239358,Footwork,base,FC26
239358,Rush Out,base,FC26
239360,Jockey,base,FC26
239361,Aerial Fortress,base,FC26
239361,Bruiser,base,FC26
239361,Precision Header,base,FC26
239361,Relentless,base,FC26
239364,Cross Claimer,base,FC26
239367,Chip Shot,base,FC26
239367,Finesse Shot,base,FC26
239367,Gamechanger,base,FC26
239367,Low Driven Shot,base,FC26
239367,Pinged Pass,base,FC26
239367,Technical,base,FC26
239368,Rapid,base,FC26
239373,Inventive,base,FC26
239373,Long Throw,base,FC26
239373,Precision Header,base,FC26
239379,Technical,base,FC26
239380,First Touch,base,FC26
239380,Gamechanger,base,FC26
239380,Incisive Pass,base,FC26
239380,Quick Step,base,FC26
239380,Technical,base,FC26
239393,Long Throw,base,FC26
239397,Quick Step,base,FC26
239397,Rapid,base,FC26
239403,Aerial Fortress,base,FC26
239403,Anticipate,base,FC26
239403,Intercept,base,FC26
239403,Precision Header,base,FC26
239418,Finesse Shot,base,FC26
239432,Finesse Shot,base,FC26
239439,Gamechanger,base,FC26
239439,Rapid,base,FC26
239443,Slide Tackle,base,FC26
239458,Aerial Fortress,base,FC26
239458,Gamechanger,base,FC26
239458,Long Ball Pass,base,FC26
239458,Precision Header,base,FC26
239458,Whipped Pass,base,FC26
239476,Slide Tackle,base,FC26
239478,Aerial Fortress,base,FC26
239482,First Touch,base,FC26
239482,Quick Step,base,FC26
239482,Rapid,base,FC26
239482,Relentless,base,FC26
239494,Aerial Fortress,base,FC26
239494,Anticipate,base,FC26
239494,Relentless,base,FC26
239494,Slide Tackle,base,FC26
239498,Relentless,base,FC26
239498,Slide Tackle,base,FC26
239504,Relentless,base,FC26
239505,Quick Step,base,FC26
239505,Rapid,base,FC26
239506,Aerial Fortress,base,FC26
239506,Block,base,FC26
239506,Bruiser,base,FC26
239513,Intercept,base,FC26
239513,Jockey,base,FC26
239529,Slide Tackle,base,FC26
239553,Technical,base,FC26
239559,Far Throw,base,FC26
239559,Long Ball Pass,base,FC26
239571,Relentless,base,FC26
239580,Aerial Fortress,base,FC26
239580,Block,base,FC26
239580,Bruiser,base,FC26
239580,Long Ball Pass,base,FC26
239580,Precision Header,base,FC26
239581,Aerial Fortress,base,FC26
239581,Intercept,base,FC26
239581,Jockey,base,FC26
239581,Long Ball Pass,base,FC26
239595,Anticipate,base,FC26
239595,Precision Header,base,FC26
239596,Long Ball Pass,base,FC26
239613,Inventive,base,FC26
239614,Slide Tackle,base,FC26
239627,Low Driven Shot,base,FC26
239634,Aerial Fortress,base,FC26
239634,Quick Step,base,FC26
239641,Aerial Fortress,base,FC26
239641,Anticipate,base,FC26
239661,Quick Step,base,FC26
239661,Technical,base,FC26
239669,Finesse Shot,base,FC26
239671,Aerial Fortress,base,FC26
239686,Anticipate,base,FC26
239686,Long Ball Pass,base,FC26
239696,Finesse Shot,base,FC26
239696,Incisive Pass,base,FC26
239701,Incisive Pass,base,FC26
239704,Intercept,base,FC26
239704,Jockey,base,FC26
239704,Relentless,base,FC26
239740,Finesse Shot,base,FC26
239740,Technical,base,FC26
239744,Inventive,base,FC26
239744,Power Shot,base,FC26
239744,Technical,base,FC26
239747,Enforcer,base,FC26
239755,Rapid,base,FC26
239763,Finesse Shot,base,FC26
239763,First Touch,base,FC26
239763,Gamechanger,base,FC26
239763,Technical,base,FC26
239763,Whipped Pass,base,FC26
239770,Long Ball Pass,base,FC26
239782,Long Ball Pass,base,FC26
239797,Deflector,base,FC26
239807,Technical,base,FC26
239808,Intercept,base,FC26
239808,Long Ball Pass,base,FC26
239808,Technical,base,FC26
239810,Anticipate,base,FC26
239810,Intercept,base,FC26
239810,Jockey,base,FC26
239810,Pinged Pass,base,FC26
239810,Press Proven,base,FC26
239810,Relentless,base,FC26
239810,Tiki Taka,base,FC26
239818,Long Ball Pass,base,FC26
239818,Bruiser,plus,FC26
239837,Block,base,FC26
239837,Dead Ball,base,FC26
239837,Gamechanger,base,FC26
239837,Power Shot,base,FC26
239837,Press Proven,base,FC26
239837,Pinged Pass,plus,FC26
239842,Precision Header,base,FC26
239858,Long Ball Pass,base,FC26
239858,Relentless,base,FC26
239859,Long Ball Pass,base,FC26
239875,Long Throw,base,FC26
239881,Technical,base,FC26
239890,Bruiser,base,FC26
239890,Slide Tackle,base,FC26
239892,Finesse Shot,base,FC26
239892,Gamechanger,base,FC26
239892,Quick Step,base,FC26
239892,Rapid,base,FC26
239894,Pinged Pass,base,FC26
239894,Press Proven,base,FC26
239894,Relentless,base,FC26
239898,Footwork,base,FC26
239903,Aerial Fortress,base,FC26
239903,Block,base,FC26
239903,Long Ball Pass,base,FC26
239903,Precision Header,base,FC26
239909,Aerial Fortress,base,FC26
239909,Press Proven,base,FC26
239919,Jockey,base,FC26
239919,Relentless,base,FC26
239919,Slide Tackle,base,FC26
239925,Inventive,base,FC26
239944,Rapid,base,FC26
239960,Aerial Fortress,base,FC26
239964,Chip Shot,base,FC26
239964,Enforcer,base,FC26
239977,Quick Step,base,FC26
239977,Technical,base,FC26
239978,Quick Step,base,FC26
239978,Rapid,base,FC26
239980,Long Throw,base,FC26
239998,Aerial Fortress,base,FC26
239998,Block,base,FC26
239998,Precision Header,base,FC26
239998,Slide Tackle,base,FC26
240008,Bruiser,base,FC26
240008,Long Ball Pass,base,FC26
240017,Rapid,base,FC26
240035,Aerial Fortress,base,FC26
240035,Low Driven Shot,base,FC26
240040,Inventive,base,FC26
240040,Low Driven Shot,base,FC26
240040,Technical,base,FC26
240040,Whipped Pass,base,FC26
240047,Incisive Pass,base,FC26
240047,Quick Step,base,FC26
240047,Rapid,base,FC26
240060,Rapid,base,FC26
240060,Slide Tackle,base,FC26
240064,Aerial Fortress,base,FC26
240064,Anticipate,base,FC26
240064,Bruiser,base,FC26
240091,Footwork,base,FC26
240100,Anticipate,base,FC26
240100,Dead Ball,base,FC26
240100,Whipped Pass,base,FC26
240130,Aerial Fortress,base,FC26
240130,Block,base,FC26
240130,Intercept,base,FC26
240130,Precision Header,base,FC26
240131,Quick Step,base,FC26
240133,Precision Header,base,FC26
240133,Press Proven,base,FC26
240138,Bruiser,base,FC26
240138,Precision Header,base,FC26
240156,Gamechanger,base,FC26
240156,Low Driven Shot,base,FC26
240156,Technical,base,FC26
240168,Chip Shot,base,FC26
240168,Enforcer,base,FC26
240168,Precision Header,base,FC26
240193,Block,base,FC26
240193,Power Shot,base,FC26
240193,Relentless,base,FC26
240207,Bruiser,base,FC26
240211,Technical,base,FC26
240225,Far Throw,base,FC26
240240,Precision Header,base,FC26
240243,Dead Ball,base,FC26
240243,First Touch,base,FC26
240243,Inventive,base,FC26
240243,Power Shot,base,FC26
240243,Trickster,base,FC26
240248,Long Ball Pass,base,FC26
240248,Long Throw,base,FC26
240248,Whipped Pass,base,FC26
240252,Slide Tackle,base,FC26
240258,Anticipate,base,FC26
240258,Long Ball Pass,base,FC26
240258,Precision Header,base,FC26
240262,Dead Ball,base,FC26
240262,Incisive Pass,base,FC26
240262,Relentless,base,FC26
240271,Technical,base,FC26
240273,Finesse Shot,base,FC26
240273,Technical,base,FC26
240277,Long Ball Pass,base,FC26
240277,Precision Header,base,FC26
240277,Slide Tackle,base,FC26
240280,Inventive,base,FC26
240282,Aerial Fortress,base,FC26
240282,Anticipate,base,FC26
240282,Bruiser,base,FC26
240282,Intercept,base,FC26
240282,Relentless,base,FC26
240289,Bruiser,base,FC26
240311,Far Throw,base,FC26
240311,Footwork,base,FC26
240311,Long Ball Pass,base,FC26
240317,Finesse Shot,base,FC26
240329,Dead Ball,base,FC26
240329,Inventive,base,FC26
240329,Power Shot,base,FC26
240329,Technical,base,FC26
240331,Technical,base,FC26
240333,Aerial Fortress,base,FC26
240335,Anticipate,base,FC26
240345,Rapid,base,FC26
240359,Aerial Fortress,base,FC26
240359,Long Ball Pass,base,FC26
240359,Precision Header,base,FC26
240373,Technical,base,FC26
240384,Technical,base,FC26
240391,Quick Step,base,FC26
240439,Block,base,FC26
240439,Long Ball Pass,base,FC26
240439,Precision Header,base,FC26
240446,Aerial Fortress,base,FC26
240446,Intercept,base,FC26
240451,Block,base,FC26
240451,Dead Ball,base,FC26
240451,Finesse Shot,base,FC26
240451,Whipped Pass,base,FC26
240452,Enforcer,base,FC26
240452,Press Proven,base,FC26
240453,Aerial Fortress,base,FC26
240453,Block,base,FC26
240458,Aerial Fortress,base,FC26
240473,Finesse Shot,base,FC26
240496,Long Ball Pass,base,FC26
240499,Technical,base,FC26
240500,Anticipate,base,FC26
240501,Anticipate,base,FC26
240501,Jockey,base,FC26
240503,Gamechanger,base,FC26
240503,Incisive Pass,base,FC26
240503,Low Driven Shot,base,FC26
240503,Quick Step,base,FC26
240503,Rapid,base,FC26
240503,Trickster,base,FC26
240507,Finesse Shot,base,FC26
240507,Incisive Pass,base,FC26
240507,Inventive,base,FC26
240507,Long Ball Pass,base,FC26
240507,Technical,base,FC26
240513,Power Shot,base,FC26
240580,Low Driven Shot,base,FC26
240580,Technical,base,FC26
240587,Slide Tackle,base,FC26
240589,Enforcer,base,FC26
240595,Far Reach,base,FC26
240595,Footwork,base,FC26
240597,Cross Claimer,base,FC26
240597,Footwork,base,FC26
240604,Jockey,base,FC26
240605,Aerial Fortress,base,FC26
240605,Intercept,base,FC26
240605,Long Ball Pass,base,FC26
240608,Long Throw,base,FC26
240628,Technical,base,FC26
240632,Slide Tackle,base,FC26
240638,Finesse Shot,base,FC26
240638,Incisive Pass,base,FC26
240638,Power Shot,base,FC26
240638,Technical,base,FC26
240638,Tiki Taka,plus,FC26
240640,Block,base,FC26
240640,Intercept,base,FC26
240640,Long Ball Pass,base,FC26
240653,Power Shot,base,FC26
240653,Press Proven,base,FC26
240661,Technical,base,FC26
240663,First Touch,base,FC26
240663,Power Shot,base,FC26
240663,Quick Step,base,FC26
240669,Bruiser,base,FC26
240669,Jockey,base,FC26
240669,Relentless,base,FC26
240673,Gamechanger,base,FC26
240673,Quick Step,base,FC26
240677,Long Ball Pass,base,FC26
240679,Dead Ball,base,FC26
240683,Inventive,base,FC26
240683,Press Proven,base,FC26
240683,Tiki Taka,base,FC26
240685,Aerial Fortress,base,FC26
240690,Aerial Fortress,base,FC26
240690,Finesse Shot,base,FC26
240690,First Touch,base,FC26
240690,Precision Header,base,FC26
240690,Technical,base,FC26
240702,First Touch,base,FC26
240702,Press Proven,base,FC26
240704,Cross Claimer,base,FC26
240709,Rapid,base,FC26
240710,Slide Tackle,base,FC26
240716,Block,base,FC26
240716,Bruiser,base,FC26
240728,Long Ball Pass,base,FC26
240734,Chip Shot,base,FC26
240734,Finesse Shot,base,FC26
240734,First Touch,base,FC26
240734,Incisive Pass,base,FC26
240734,Slide Tackle,base,FC26
240734,Technical,base,FC26
240740,Technical,base,FC26
240744,Gamechanger,base,FC26
240744,Incisive Pass,base,FC26
240744,Inventive,base,FC26
240753,Finesse Shot,base,FC26
240753,Gamechanger,base,FC26
240753,Technical,base,FC26
240777,Intercept,base,FC26
240777,Long Ball Pass,base,FC26
240783,Finesse Shot,base,FC26
240783,Low Driven Shot,base,FC26
240784,Cross Claimer,base,FC26
240785,Footwork,base,FC26
240787,Technical,base,FC26
240796,Deflector,base,FC26
240796,Footwork,base,FC26
240797,Finesse Shot,base,FC26
240797,First Touch,base,FC26
240797,Quick Step,base,FC26
240797,Rapid,base,FC26
240801,Precision Header,base,FC26
240805,Technical,base,FC26
240813,Finesse Shot,base,FC26
240813,Incisive Pass,base,FC26
240813,Technical,base,FC26
240814,Low Driven Shot,base,FC26
240814,Rapid,base,FC26
240826,Jockey,base,FC26
240826,Low Driven Shot,base,FC26
240833,Acrobatic,base,FC26
240833,First Touch,base,FC26
240833,Gamechanger,base,FC26
240833,Technical,base,FC26
240847,Acrobatic,base,FC26
240847,Enforcer,base,FC26
240847,Precision Header,base,FC26
240856,Far Reach,base,FC26
240856,Long Ball Pass,base,FC26
240859,Slide Tackle,base,FC26
240891,Technical,base,FC26
240897,Dead Ball,base,FC26
240897,Intercept,base,FC26
240897,Long Ball Pass,base,FC26
240897,Long Throw,base,FC26
240900,Aerial Fortress,base,FC26
240900,Intercept,base,FC26
240900,Slide Tackle,base,FC26
240912,Jockey,base,FC26
240915,Dead Ball,base,FC26
240915,Finesse Shot,base,FC26
240915,Long Ball Pass,base,FC26
240915,Whipped Pass,base,FC26
240916,Relentless,base,FC26
240917,Long Ball Pass,base,FC26
240925,Inventive,base,FC26
240925,Rapid,base,FC26
240926,Aerial Fortress,base,FC26
240926,Bruiser,base,FC26
240941,Quick Step,base,FC26
240941,Rapid,base,FC26
240943,Technical,base,FC26
240944,Rapid,base,FC26
240947,Anticipate,base,FC26
240947,Block,base,FC26
240947,Jockey,base,FC26
240947,Whipped Pass,base,FC26
240950,Dead Ball,base,FC26
240950,Finesse Shot,base,FC26
240950,Incisive Pass,base,FC26
240950,Inventive,base,FC26
240950,Technical,base,FC26
240950,Tiki Taka,base,FC26
240950,Whipped Pass,base,FC26
240953,Bruiser,base,FC26
240956,Anticipate,base,FC26
240956,Intercept,base,FC26
240956,Pinged Pass,base,FC26
240963,Finesse Shot,base,FC26
240969,Finesse Shot,base,FC26
240969,Gamechanger,base,FC26
240974,Chip Shot,base,FC26
240974,Dead Ball,base,FC26
240974,Technical,base,FC26
240976,Long Throw,base,FC26
240981,Long Ball Pass,base,FC26
240987,Far Throw,base,FC26
240987,Footwork,base,FC26
240987,Long Ball Pass,base,FC26
240988,Aerial Fortress,base,FC26
240988,Anticipate,base,FC26
240988,Jockey,base,FC26
240988,Long Ball Pass,base,FC26
240988,Power Shot,base,FC26
240988,Slide Tackle,base,FC26
241002,Quick Step,base,FC26
241002,Rapid,base,FC26
241038,Technical,base,FC26
241039,Technical,base,FC26
241042,Bruiser,base,FC26
241042,Slide Tackle,base,FC26
241049,Jockey,base,FC26
241050,Long Ball Pass,base,FC26
241052,Cross Claimer,base,FC26
241064,Aerial Fortress,base,FC26
241064,Bruiser,base,FC26
241064,Jockey,base,FC26
241075,Rapid,base,FC26
241084,Inventive,base,FC26
241084,Low Driven Shot,base,FC26
241084,Quick Step,base,FC26
241084,Technical,base,FC26
241094,Whipped Pass,base,FC26
241095,Intercept,base,FC26
241095,Technical,base,FC26
241096,Enforcer,base,FC26
241096,Relentless,base,FC26
241096,Slide Tackle,base,FC26
241130,Rapid,base,FC26
241159,Anticipate,base,FC26
241159,Block,base,FC26
241159,Jockey,base,FC26
241159,Long Ball Pass,base,FC26
241160,Intercept,base,FC26
241162,Rapid,base,FC26
241168,Inventive,base,FC26
241168,Technical,base,FC26
241171,Precision Header,base,FC26
241179,Far Throw,base,FC26
241184,Tiki Taka,base,FC26
241186,Quick Step,base,FC26
241186,Technical,base,FC26
241187,Intercept,base,FC26
241187,Jockey,base,FC26
241187,Pinged Pass,base,FC26
241197,Long Ball Pass,base,FC26
241197,Slide Tackle,base,FC26
241202,Quick Step,base,FC26
241202,Rapid,base,FC26
241236,Aerial Fortress,base,FC26
241236,Enforcer,base,FC26
241236,Long Throw,base,FC26
241236,Low Driven Shot,base,FC26
241239,Quick Step,base,FC26
241239,Technical,base,FC26
241245,Precision Header,base,FC26
241266,Acrobatic,base,FC26
241266,Gamechanger,base,FC26
241266,Low Driven Shot,base,FC26
241266,Rapid,base,FC26
241269,Whipped Pass,base,FC26
241277,Rapid,base,FC26
241318,Bruiser,base,FC26
241318,Long Ball Pass,base,FC26
241332,Dead Ball,base,FC26
241334,Slide Tackle,base,FC26
241341,Long Ball Pass,base,FC26
241379,Technical,base,FC26
241389,Finesse Shot,base,FC26
241389,Quick Step,base,FC26
241389,Rapid,base,FC26
241390,Technical,base,FC26
241397,Long Throw,base,FC26
241409,Aerial Fortress,base,FC26
241409,Intercept,base,FC26
241409,Long Ball Pass,base,FC26
241411,Long Ball Pass,base,FC26
241418,Dead Ball,base,FC26
241418,Pinged Pass,base,FC26
241428,Aerial Fortress,base,FC26
241428,Intercept,base,FC26
241428,Inventive,base,FC26
241428,Relentless,base,FC26
241445,Intercept,base,FC26
241445,Long Throw,base,FC26
241452,Chip Shot,base,FC26
241452,Technical,base,FC26
241461,Finesse Shot,base,FC26
241461,Technical,base,FC26
241463,Incisive Pass,base,FC26
241463,Technical,base,FC26
241464,Pinged Pass,base,FC26
241470,Block,base,FC26
241470,Jockey,base,FC26
241470,Whipped Pass,base,FC26
241474,Rapid,base,FC26
241486,Aerial Fortress,base,FC26
241486,Long Ball Pass,base,FC26
241486,Quick Step,base,FC26
241486,Relentless,base,FC26
241486,Slide Tackle,base,FC26
241486,Jockey,plus,FC26
241489,Aerial Fortress,base,FC26
241489,Bruiser,base,FC26
241489,Precision Header,base,FC26
241489,Slide Tackle,base,FC26
241494,Aerial Fortress,base,FC26
241494,Block,base,FC26
241494,Bruiser,base,FC26
241496,Finesse Shot,base,FC26
241496,Quick Step,base,FC26
241496,Rapid,base,FC26
241507,Anticipate,base,FC26
241507,Jockey,base,FC26
241508,Incisive Pass,base,FC26
241508,Inventive,base,FC26
241508,Pinged Pass,base,FC26
241508,Technical,base,FC26
241508,Whipped Pass,base,FC26
241509,Inventive,base,FC26
241522,Gamechanger,base,FC26
241522,Incisive Pass,base,FC26
241522,Press Proven,base,FC26
241536,Dead Ball,base,FC26
241536,Incisive Pass,base,FC26
241536,Technical,base,FC26
241536,Whipped Pass,base,FC26
241538,Anticipate,base,FC26
241538,Intercept,base,FC26
241538,Jockey,base,FC26
241538,Relentless,base,FC26
241538,Slide Tackle,base,FC26
241568,Pinged Pass,base,FC26
241568,Power Shot,base,FC26
241578,Bruiser,base,FC26
241582,Technical,base,FC26
241585,Bruiser,base,FC26
241585,Jockey,base,FC26
241588,Aerial Fortress,base,FC26
241588,Long Ball Pass,base,FC26
241590,Intercept,base,FC26
241590,Precision Header,base,FC26
241591,Low Driven Shot,base,FC26
241591,Precision Header,base,FC26
241591,Quick Step,base,FC26
241591,Rapid,base,FC26
241601,Rapid,base,FC26
241602,Press Proven,base,FC26
241602,Relentless,base,FC26
241607,Intercept,base,FC26
241607,Relentless,base,FC26
241619,Technical,base,FC26
241628,Quick Step,base,FC26
241628,Rapid,base,FC26
241637,Aerial Fortress,base,FC26
241637,Anticipate,base,FC26
241637,Bruiser,base,FC26
241637,Intercept,base,FC26
241637,Jockey,base,FC26
241637,Precision Header,base,FC26
241637,Relentless,base,FC26
241643,Cross Claimer,base,FC26
241643,Deflector,base,FC26
241643,Long Ball Pass,base,FC26
241651,Acrobatic,base,FC26
241651,Finesse Shot,base,FC26
241651,Low Driven Shot,base,FC26
241651,Power Shot,base,FC26
241651,Press Proven,base,FC26
241651,Quick Step,base,FC26
241651,Enforcer,plus,FC26
241659,Rapid,base,FC26
241671,Far Throw,base,FC26
241671,Footwork,base,FC26
241673,Dead Ball,base,FC26
241673,Whipped Pass,base,FC26
241686,Precision Header,base,FC26
241686,Rapid,base,FC26
241692,Aerial Fortress,base,FC26
241692,Anticipate,base,FC26
241692,Slide Tackle,base,FC26
241693,Slide Tackle,base,FC26
241695,Quick Step,base,FC26
241695,Rapid,base,FC26
241696,Block,base,FC26
241699,Jockey,base,FC26
241707,Aerial Fortress,base,FC26
241708,Jockey,base,FC26
241708,Precision Header,base,FC26
241710,Anticipate,base,FC26
241721,Gamechanger,base,FC26
241721,Incisive Pass,base,FC26
241721,Quick Step,base,FC26
241721,Rapid,base,FC26
241721,Trickster,base,FC26
241726,Low Driven Shot,base,FC26
241726,Rapid,base,FC26
241727,Far Throw,base,FC26
241727,Footwork,base,FC26
241736,Slide Tackle,base,FC26
241737,Anticipate,base,FC26
241737,Jockey,base,FC26
241737,Long Ball Pass,base,FC26
241771,Finesse Shot,base,FC26
241771,First Touch,base,FC26
241771,Gamechanger,base,FC26
241771,Incisive Pass,base,FC26
241771,Inventive,base,FC26
241771,Technical,base,FC26
241775,Aerial Fortress,base,FC26
241775,Anticipate,base,FC26
241775,Intercept,base,FC26
241775,Long Ball Pass,base,FC26
241775,Quick Step,base,FC26
241775,Slide Tackle,base,FC26
241788,First Touch,base,FC26
241793,Aerial Fortress,base,FC26
241793,Anticipate,base,FC26
241811,Dead Ball,base,FC26
241811,Inventive,base,FC26
241812,Block,base,FC26
241821,Finesse Shot,base,FC26
241824,Aerial Fortress,base,FC26
241824,Precision Header,base,FC26
241828,Block,base,FC26
241828,Intercept,base,FC26
241833,Anticipate,base,FC26
241835,Precision Header,base,FC26
241850,Enforcer,base,FC26
241850,First Touch,base,FC26
241850,Low Driven Shot,base,FC26
241850,Precision Header,base,FC26
241852,First Touch,base,FC26
241852,Inventive,base,FC26
241852,Rapid,base,FC26
241852,Quick Step,plus,FC26
241859,Far Throw,base,FC26
241861,Slide Tackle,base,FC26
241861,Technical,base,FC26
241862,Block,base,FC26
241867,Anticipate,base,FC26
241867,Block,base,FC26
241867,Bruiser,base,FC26
241867,Intercept,base,FC26
241867,Quick Step,base,FC26
241875,Long Throw,base,FC26
241900,Aerial Fortress,base,FC26
241900,Block,base,FC26
241900,Pinged Pass,base,FC26
241900,Power Shot,base,FC26
241907,Finesse Shot,base,FC26
241907,Quick Step,base,FC26
241907,Technical,base,FC26
241925,Low Driven Shot,base,FC26
241925,Technical,base,FC26
241927,Long Ball Pass,base,FC26
241928,Aerial Fortress,base,FC26
241930,Slide Tackle,base,FC26
241937,Slide Tackle,base,FC26
241954,Aerial Fortress,base,FC26
241967,Long Ball Pass,base,FC26
241967,Long Throw,base,FC26
241967,Low Driven Shot,base,FC26
241967,Quick Step,base,FC26
241967,Rapid,base,FC26
241967,Whipped Pass,base,FC26
241969,Chip Shot,base,FC26
241969,Gamechanger,base,FC26
241969,Rapid,base,FC26
241982,Incisive Pass,base,FC26
241982,Intercept,base,FC26
241982,Long Ball Pass,base,FC26
241985,Technical,base,FC26
241992,Technical,base,FC26
241993,Long Ball Pass,base,FC26
241995,Long Ball Pass,base,FC26
242000,Bruiser,base,FC26
242003,Aerial Fortress,base,FC26
242003,Long Throw,base,FC26
242004,Acrobatic,base,FC26
242004,Gamechanger,base,FC26
242004,Rapid,base,FC26
242006,Whipped Pass,base,FC26
242041,Long Throw,base,FC26
242054,Rapid,base,FC26
242055,Block,base,FC26
242055,Bruiser,base,FC26
242056,Aerial Fortress,base,FC26
242056,Power Shot,base,FC26
242062,Relentless,base,FC26
242075,Precision Header,base,FC26
242075,Relentless,base,FC26
242082,Press Proven,base,FC26
242084,Cross Claimer,base,FC26
242084,Long Ball Pass,base,FC26
242087,Aerial Fortress,base,FC26
242087,Anticipate,base,FC26
242087,Bruiser,base,FC26
242087,Incisive Pass,base,FC26
242087,Press Proven,base,FC26
242087,Relentless,base,FC26
242092,Rapid,base,FC26
242108,Pinged Pass,base,FC26
242112,Technical,base,FC26
242114,Block,base,FC26
242114,Slide Tackle,base,FC26
242117,Finesse Shot,base,FC26
242117,Technical,base,FC26
242117,Whipped Pass,base,FC26
242156,Low Driven Shot,base,FC26
242160,Block,base,FC26
242160,Long Ball Pass,base,FC26
242162,Inventive,base,FC26
242162,Technical,base,FC26
242162,Trickster,base,FC26
242166,Finesse Shot,base,FC26
242166,Rapid,base,FC26
242166,Whipped Pass,base,FC26
242179,Cross Claimer,base,FC26
242179,Footwork,base,FC26
242181,Jockey,base,FC26
242181,Whipped Pass,base,FC26
242187,First Touch,base,FC26
242187,Technical,base,FC26
242200,Cross Claimer,base,FC26
242201,Aerial Fortress,base,FC26
242201,Long Ball Pass,base,FC26
242201,Press Proven,base,FC26
242201,Relentless,base,FC26
242214,Aerial Fortress,base,FC26
242214,Anticipate,base,FC26
242214,Long Ball Pass,base,FC26
242214,Slide Tackle,base,FC26
242229,Footwork,base,FC26
242229,Long Ball Pass,base,FC26
242230,Aerial Fortress,base,FC26
242230,Intercept,base,FC26
242230,Long Ball Pass,base,FC26
242238,Block,base,FC26
242238,Long Ball Pass,base,FC26
242240,Long Ball Pass,base,FC26
242245,Rapid,base,FC26
242253,Enforcer,base,FC26
242253,Finesse Shot,base,FC26
242264,Block,base,FC26
242276,Rapid,base,FC26
242279,Long Ball Pass,base,FC26
242279,Tiki Taka,base,FC26
242280,Aerial Fortress,base,FC26
242287,Quick Step,base,FC26
242287,Rapid,base,FC26
242288,Cross Claimer,base,FC26
242291,Enforcer,base,FC26
242291,Precision Header,base,FC26
242335,Anticipate,base,FC26
242335,Intercept,base,FC26
242335,Rapid,base,FC26
242335,Whipped Pass,base,FC26
242350,Inventive,base,FC26
242352,Footwork,base,FC26
242359,Long Ball Pass,base,FC26
242369,Inventive,base,FC26
242374,Power Shot,base,FC26
242374,Rapid,base,FC26
242380,Bruiser,base,FC26
242380,Jockey,base,FC26
242380,Press Proven,base,FC26
242381,Intercept,base,FC26
242381,Relentless,base,FC26
242383,Aerial Fortress,base,FC26
242383,Block,base,FC26
242383,Long Ball Pass,base,FC26
242383,Precision Header,base,FC26
242383,Slide Tackle,base,FC26
242386,Block,base,FC26
242386,Long Ball Pass,base,FC26
242389,Technical,base,FC26
242392,Bruiser,base,FC26
242392,Jockey,base,FC26
242411,Aerial Fortress,base,FC26
242411,Anticipate,base,FC26
242411,Jockey,base,FC26
242414,Incisive Pass,base,FC26
242414,Long Ball Pass,base,FC26
242418,Quick Step,base,FC26
242418,Rapid,base,FC26
242426,Quick Step,base,FC26
242426,Rapid,base,FC26
242434,Finesse Shot,base,FC26
242434,Press Proven,base,FC26
242436,Precision Header,base,FC26
242444,Finesse Shot,base,FC26
242444,First Touch,base,FC26
242444,Technical,base,FC26
242453,Block,base,FC26
242482,Intercept,base,FC26
242482,Long Throw,base,FC26
242485,Intercept,base,FC26
242489,Incisive Pass,base,FC26
242489,Power Shot,base,FC26
242489,Quick Step,base,FC26
242489,Technical,base,FC26
242494,Precision Header,base,FC26
242500,Aerial Fortress,base,FC26
242500,Anticipate,base,FC26
242500,Bruiser,base,FC26
242506,Quick Step,base,FC26
242514,Footwork,base,FC26
242514,Long Ball Pass,base,FC26
242516,Finesse Shot,base,FC26
242516,First Touch,base,FC26
242516,Precision Header,base,FC26
242516,Press Proven,base,FC26
242516,Whipped Pass,base,FC26
242525,Aerial Fortress,base,FC26
242525,Anticipate,base,FC26
242525,Intercept,base,FC26
242525,Long Ball Pass,base,FC26
242527,Intercept,base,FC26
242527,Slide Tackle,base,FC26
242530,First Touch,base,FC26
242530,Quick Step,base,FC26
242531,Block,base,FC26
242531,Jockey,base,FC26
242531,Relentless,base,FC26
242532,Aerial Fortress,base,FC26
242534,Intercept,base,FC26
242541,Long Ball Pass,base,FC26
242541,Long Throw,base,FC26
242542,Jockey,base,FC26
242547,Whipped Pass,base,FC26
242548,Dead Ball,base,FC26
242548,Long Ball Pass,base,FC26
242569,Aerial Fortress,base,FC26
242569,Intercept,base,FC26
242569,Long Ball Pass,base,FC26
242577,Incisive Pass,base,FC26
242577,Technical,base,FC26
242578,Bruiser,base,FC26
242578,Long Ball Pass,base,FC26
242596,Precision Header,base,FC26
242602,Long Throw,base,FC26
242602,Rapid,base,FC26
242612,Quick Step,base,FC26
242612,Rapid,base,FC26
242619,Anticipate,base,FC26
242619,Press Proven,base,FC26
242619,Slide Tackle,base,FC26
242623,Aerial Fortress,base,FC26
242628,Jockey,base,FC26
242633,Aerial Fortress,base,FC26
242633,Block,base,FC26
242633,Intercept,base,FC26
242633,Jockey,base,FC26
242633,Relentless,base,FC26
242635,Bruiser,base,FC26
242638,Rapid,base,FC26
242640,Incisive Pass,base,FC26
242641,First Touch,base,FC26
242641,Jockey,base,FC26
242641,Trickster,base,FC26
242643,Long Ball Pass,base,FC26
242648,Anticipate,base,FC26
242648,Jockey,base,FC26
242655,Relentless,base,FC26
242656,Cross Claimer,base,FC26
242656,Far Throw,base,FC26
242656,Footwork,base,FC26
242658,Dead Ball,base,FC26
242660,Slide Tackle,base,FC26
242663,Block,base,FC26
242664,Relentless,base,FC26
242703,Cross Claimer,base,FC26
242712,Quick Step,base,FC26
242712,Rapid,base,FC26
242712,Whipped Pass,base,FC26
242714,Finesse Shot,base,FC26
242714,Rapid,base,FC26
242725,Finesse Shot,base,FC26
242725,Slide Tackle,base,FC26
242744,Bruiser,base,FC26
242744,Slide Tackle,base,FC26
242755,Gamechanger,base,FC26
242759,Jockey,base,FC26
242764,Dead Ball,base,FC26
242769,Anticipate,base,FC26
242794,Dead Ball,base,FC26
242794,Incisive Pass,base,FC26
242794,Long Ball Pass,base,FC26
242794,Pinged Pass,base,FC26
242816,Finesse Shot,base,FC26
242816,First Touch,base,FC26
242816,Incisive Pass,base,FC26
242816,Inventive,base,FC26
242816,Long Ball Pass,base,FC26
242818,Footwork,base,FC26
242821,Quick Step,base,FC26
242835,Aerial Fortress,base,FC26
242835,Anticipate,base,FC26
242835,Intercept,base,FC26
242835,Jockey,base,FC26
242840,Aerial Fortress,base,FC26
242840,Long Ball Pass,base,FC26
242841,Gamechanger,base,FC26
242841,Quick Step,base,FC26
242841,Rapid,base,FC26
242853,Cross Claimer,base,FC26
242853,Far Throw,base,FC26
242853,Footwork,base,FC26
242879,Cross Claimer,base,FC26
242879,Far Throw,base,FC26
242879,Footwork,base,FC26
242879,Long Ball Pass,base,FC26
242907,Incisive Pass,base,FC26
242907,Whipped Pass,base,FC26
242908,Technical,base,FC26
242914,Finesse Shot,base,FC26
242914,First Touch,base,FC26
242914,Gamechanger,base,FC26
242914,Technical,base,FC26
242916,Dead Ball,base,FC26
242916,Long Throw,base,FC26
242916,Whipped Pass,base,FC26
242919,Bruiser,base,FC26
242919,Precision Header,base,FC26
242924,Rapid,base,FC26
242946,Technical,base,FC26
242964,Finesse Shot,base,FC26
242964,Quick Step,base,FC26
242964,Rapid,base,FC26
242964,Whipped Pass,base,FC26
242965,Gamechanger,base,FC26
242971,Inventive,base,FC26
242971,Rapid,base,FC26
242971,Trickster,base,FC26
242974,Technical,base,FC26
242983,Footwork,base,FC26
242984,Quick Step,base,FC26
242997,Quick Step,base,FC26
242997,Rapid,base,FC26
242998,Aerial Fortress,base,FC26
242998,Enforcer,base,FC26
242998,Press Proven,base,FC26
243000,Long Ball Pass,base,FC26
243014,First Touch,base,FC26
243014,Inventive,base,FC26
243014,Quick Step,base,FC26
243014,Rapid,base,FC26
243014,Gamechanger,plus,FC26
243023,Long Ball Pass,base,FC26
243025,Aerial Fortress,base,FC26
243025,Intercept,base,FC26
243025,Jockey,base,FC26
243025,Precision Header,base,FC26
243032,Precision Header,base,FC26
243041,Quick Step,base,FC26
243041,Rapid,base,FC26
243047,Precision Header,base,FC26
243061,Quick Step,base,FC26
243061,Rapid,base,FC26
243061,Trickster,base,FC26
243088,Slide Tackle,base,FC26
243092,Anticipate,base,FC26
243100,Block,base,FC26
243133,Anticipate,base,FC26
243134,Acrobatic,base,FC26
243134,Finesse Shot,base,FC26
243134,Quick Step,base,FC26
243134,Technical,base,FC26
243155,Aerial Fortress,base,FC26
243155,Intercept,base,FC26
243155,Precision Header,base,FC26
243158,Footwork,base,FC26
243163,Technical,base,FC26
243173,Incisive Pass,base,FC26
243175,Press Proven,base,FC26
243185,Block,base,FC26
243200,Chip Shot,base,FC26
243203,Precision Header,base,FC26
243205,Quick Step,base,FC26
243222,Intercept,base,FC26
243222,Relentless,base,FC26
243241,Block,base,FC26
243241,Intercept,base,FC26
243245,Dead Ball,base,FC26
243245,Finesse Shot,base,FC26
243245,Incisive Pass,base,FC26
243245,Power Shot,base,FC26
243252,Long Throw,plus,FC26
243256,Incisive Pass,base,FC26
243275,Aerial Fortress,base,FC26
243275,Bruiser,base,FC26
243275,Long Ball Pass,base,FC26
243276,Technical,base,FC26
243279,Rapid,base,FC26
243282,Incisive Pass,base,FC26
243282,Technical,base,FC26
243282,Whipped Pass,base,FC26
243284,Long Ball Pass,base,FC26
243294,Cross Claimer,base,FC26
243294,Footwork,base,FC26
243294,Long Ball Pass,base,FC26
243311,Cross Claimer,base,FC26
243311,Far Throw,base,FC26
243312,Long Ball Pass,base,FC26
243312,Press Proven,base,FC26
243345,Aerial Fortress,base,FC26
243345,Bruiser,base,FC26
243345,Intercept,base,FC26
243345,Precision Header,base,FC26
243347,Anticipate,base,FC26
243347,Long Ball Pass,base,FC26
243349,Long Ball Pass,base,FC26
243350,Long Throw,base,FC26
243353,Inventive,base,FC26
243353,Quick Step,base,FC26
243353,Technical,base,FC26
243354,Incisive Pass,base,FC26
243360,Long Throw,base,FC26
243373,Far Throw,base,FC26
243373,Footwork,base,FC26
243373,Rush Out,base,FC26
243388,Inventive,base,FC26
243392,Quick Step,base,FC26
243392,Rapid,base,FC26
243412,Intercept,base,FC26
243412,Long Ball Pass,base,FC26
243414,Slide Tackle,base,FC26
243431,Anticipate,base,FC26
243431,Intercept,base,FC26
243431,Precision Header,base,FC26
243442,Block,base,FC26
243442,Slide Tackle,base,FC26
243445,Acrobatic,base,FC26
243445,Gamechanger,base,FC26
243445,Precision Header,base,FC26
243449,Anticipate,base,FC26
243459,Enforcer,base,FC26
243464,Whipped Pass,base,FC26
243478,Press Proven,base,FC26
243481,Rapid,base,FC26
243513,Long Ball Pass,base,FC26
243514,Long Ball Pass,base,FC26
243520,Aerial Fortress,base,FC26
243520,Slide Tackle,base,FC26
243525,Incisive Pass,base,FC26
243525,Slide Tackle,base,FC26
243527,Anticipate,base,FC26
243530,Bruiser,base,FC26
243530,Long Ball Pass,base,FC26
243530,Press Proven,base,FC26
243532,Finesse Shot,base,FC26
243538,Cross Claimer,base,FC26
243538,Far Throw,base,FC26
243538,Footwork,base,FC26
243539,Long Ball Pass,base,FC26
243549,Block,base,FC26
243549,Long Ball Pass,base,FC26
243551,Finesse Shot,base,FC26
243551,Inventive,base,FC26
243551,Technical,base,FC26
243558,Aerial Fortress,base,FC26
243558,Bruiser,base,FC26
243559,First Touch,base,FC26
243559,Quick Step,base,FC26
243571,Bruiser,base,FC26
243573,Cross Claimer,base,FC26
243573,Long Ball Pass,base,FC26
243574,Rapid,base,FC26
243576,Block,base,FC26
243576,Long Ball Pass,base,FC26
243576,Power Shot,base,FC26
243576,Relentless,base,FC26
243576,Tiki Taka,base,FC26
243576,Whipped Pass,base,FC26
243580,Acrobatic,base,FC26
243580,Finesse Shot,base,FC26
243580,Low Driven Shot,base,FC26
243580,Quick Step,base,FC26
243580,Rapid,base,FC26
243585,Far Throw,base,FC26
243585,Footwork,base,FC26
243586,Chip Shot,base,FC26
243586,Finesse Shot,base,FC26
243589,Anticipate,base,FC26
243589,Long Ball Pass,base,FC26
243593,Finesse Shot,base,FC26
243593,Gamechanger,base,FC26
243593,Incisive Pass,base,FC26
243593,Quick Step,base,FC26
243593,Rapid,base,FC26
243593,Trickster,base,FC26
243595,Intercept,base,FC26
243595,Long Ball Pass,base,FC26
243595,Pinged Pass,base,FC26
243596,Aerial Fortress,base,FC26
243596,Intercept,base,FC26
243604,Gamechanger,base,FC26
243604,Inventive,base,FC26
243606,Technical,base,FC26
243608,Anticipate,base,FC26
243608,Rapid,base,FC26
243608,Whipped Pass,base,FC26
243612,Slide Tackle,base,FC26
243618,Dead Ball,base,FC26
243618,Press Proven,base,FC26
243619,Trickster,base,FC26
243627,Long Ball Pass,base,FC26
243628,Aerial Fortress,base,FC26
243628,Bruiser,base,FC26
243628,Intercept,base,FC26
243628,Precision Header,base,FC26
243630,Low Driven Shot,base,FC26
243630,Press Proven,base,FC26
243630,Quick Step,base,FC26
243630,Relentless,base,FC26
243637,Intercept,base,FC26
243637,Relentless,base,FC26
243643,Technical,base,FC26
243646,Low Driven Shot,base,FC26
243657,Intercept,base,FC26
243657,Slide Tackle,base,FC26
243661,Aerial Fortress,base,FC26
243661,Intercept,base,FC26
243664,Technical,base,FC26
243666,Finesse Shot,base,FC26
243666,Power Shot,base,FC26
243669,Dead Ball,base,FC26
243669,Finesse Shot,base,FC26
243669,Technical,base,FC26
243673,Aerial Fortress,base,FC26
243673,Anticipate,base,FC26
243673,Bruiser,base,FC26
243673,Long Ball Pass,base,FC26
243675,Cross Claimer,base,FC26
243675,Far Throw,base,FC26
243686,Pinged Pass,base,FC26
243686,Technical,base,FC26
243688,Long Throw,base,FC26
243702,Rapid,base,FC26
243715,Jockey,base,FC26
243715,Long Ball Pass,base,FC26
243715,Anticipate,plus,FC26
243735,Cross Claimer,base,FC26
243738,Jockey,base,FC26
243756,Anticipate,base,FC26
243756,Intercept,base,FC26
243756,Jockey,base,FC26
243759,Long Ball Pass,base,FC26
243764,Dead Ball,base,FC26
243764,Incisive Pass,base,FC26
243764,Whipped Pass,base,FC26
243765,Aerial Fortress,base,FC26
243765,Anticipate,base,FC26
243780,Dead Ball,base,FC26
243780,Inventive,base,FC26
243780,Technical,base,FC26
243780,Whipped Pass,base,FC26
243787,Jockey,base,FC26
243787,Power Shot,base,FC26
243788,Inventive,base,FC26
243788,Technical,base,FC26
243789,Technical,base,FC26
243792,Dead Ball,base,FC26
243792,Incisive Pass,base,FC26
243792,Inventive,base,FC26
243792,Long Ball Pass,base,FC26
243792,Rapid,base,FC26
243792,Whipped Pass,base,FC26
243795,Finesse Shot,base,FC26
243795,Press Proven,base,FC26
243795,Quick Step,base,FC26
243807,Finesse Shot,base,FC26
243807,Technical,base,FC26
243812,Dead Ball,base,FC26
243812,Finesse Shot,base,FC26
243812,Gamechanger,base,FC26
243812,Inventive,base,FC26
243812,Technical,base,FC26
243824,Finesse Shot,base,FC26
243824,Whipped Pass,base,FC26
243828,Long Ball Pass,base,FC26
243830,Cross Claimer,base,FC26
243830,Far Throw,base,FC26
243830,Footwork,base,FC26
243834,Long Ball Pass,base,FC26
243834,Technical,base,FC26
243838,Rapid,base,FC26
243840,Anticipate,base,FC26
243840,Slide Tackle,base,FC26
243841,Finesse Shot,base,FC26
243842,Rapid,base,FC26
243842,Relentless,base,FC26
243842,Whipped Pass,base,FC26
243849,Jockey,base,FC26
243854,Bruiser,base,FC26
243854,Jockey,base,FC26
243867,Bruiser,base,FC26
243869,Jockey,base,FC26
243870,Aerial Fortress,base,FC26
243870,Enforcer,base,FC26
243870,Precision Header,base,FC26
243870,Relentless,base,FC26
243871,Long Ball Pass,base,FC26
243871,Slide Tackle,base,FC26
243876,Incisive Pass,base,FC26
243876,Inventive,base,FC26
243876,Low Driven Shot,base,FC26
243886,Jockey,base,FC26
243886,Rapid,base,FC26
243886,Slide Tackle,base,FC26
243891,Aerial Fortress,base,FC26
243894,Long Ball Pass,base,FC26
243898,Pinged Pass,base,FC26
243898,Press Proven,base,FC26
243904,First Touch,base,FC26
243904,Incisive Pass,base,FC26
243904,Inventive,base,FC26
243904,Technical,base,FC26
243914,Incisive Pass,base,FC26
243914,Technical,base,FC26
243917,Cross Claimer,base,FC26
243917,Far Throw,base,FC26
243918,Slide Tackle,base,FC26
243923,Long Ball Pass,base,FC26
243932,Finesse Shot,base,FC26
243932,Incisive Pass,base,FC26
243952,Footwork,base,FC26
243953,Gamechanger,base,FC26
243953,Technical,base,FC26
243959,Anticipate,base,FC26
243959,Jockey,base,FC26
243959,Long Throw,base,FC26
243970,Acrobatic,base,FC26
243970,Technical,base,FC26
243970,Trickster,base,FC26
243971,Intercept,base,FC26
243976,Aerial Fortress,base,FC26
243976,Long Ball Pass,base,FC26
243977,Low Driven Shot,base,FC26
244000,Block,base,FC26
244001,Footwork,base,FC26
244014,Technical,base,FC26
244022,Enforcer,base,FC26
244022,Power Shot,base,FC26
244024,Inventive,base,FC26
244024,Technical,base,FC26
244034,Technical,base,FC26
244034,Whipped Pass,base,FC26
244040,Enforcer,base,FC26
244050,Aerial Fortress,base,FC26
244050,Intercept,base,FC26
244050,Slide Tackle,base,FC26
244054,Incisive Pass,base,FC26
244054,Long Ball Pass,base,FC26
244054,Slide Tackle,base,FC26
244067,Jockey,base,FC26
244067,Long Ball Pass,base,FC26
244068,Aerial Fortress,base,FC26
244068,Precision Header,base,FC26
244068,Slide Tackle,base,FC26
244078,Dead Ball,base,FC26
244078,Inventive,base,FC26
244079,Dead Ball,base,FC26
244110,Technical,base,FC26
244112,Acrobatic,base,FC26
244112,Trickster,base,FC26
244114,Aerial Fortress,base,FC26
244114,Press Proven,base,FC26
244133,Long Ball Pass,base,FC26
244135,Block,base,FC26
244135,Intercept,base,FC26
244147,Acrobatic,base,FC26
244147,Technical,base,FC26
244160,Aerial Fortress,base,FC26
244160,Bruiser,base,FC26
244176,Acrobatic,base,FC26
244176,Chip Shot,base,FC26
244176,Finesse Shot,base,FC26
244176,Gamechanger,base,FC26
244176,Incisive Pass,base,FC26
244176,Low Driven Shot,base,FC26
244181,Block,base,FC26
244185,Precision Header,base,FC26
244188,Aerial Fortress,base,FC26
244188,Quick Step,base,FC26
244188,Rapid,base,FC26
244190,Slide Tackle,base,FC26
244192,Block,base,FC26
244192,Bruiser,base,FC26
244192,Enforcer,base,FC26
244192,Slide Tackle,base,FC26
244193,Gamechanger,base,FC26
244193,Power Shot,base,FC26
244193,Rapid,base,FC26
244196,Long Throw,base,FC26
244197,Inventive,base,FC26
244197,Quick Step,base,FC26
244197,Rapid,base,FC26
244204,Aerial Fortress,base,FC26
244204,Anticipate,base,FC26
244204,Precision Header,base,FC26
244204,Slide Tackle,base,FC26
244205,Power Shot,base,FC26
244205,Quick Step,base,FC26
244205,Rapid,base,FC26
244206,Block,base,FC26
244206,Intercept,base,FC26
244206,Jockey,base,FC26
244206,Long Ball Pass,base,FC26
244206,Slide Tackle,base,FC26
244213,Aerial Fortress,base,FC26
244213,Chip Shot,base,FC26
244213,Precision Header,base,FC26
244213,Technical,base,FC26
244218,Far Reach,base,FC26
244233,Enforcer,base,FC26
244234,Rapid,base,FC26
244234,Trickster,base,FC26
244238,Aerial Fortress,base,FC26
244238,Intercept,base,FC26
244238,Long Ball Pass,base,FC26
244250,Enforcer,base,FC26
244257,Finesse Shot,base,FC26
244260,Finesse Shot,base,FC26
244260,First Touch,base,FC26
244260,Gamechanger,base,FC26
244260,Incisive Pass,base,FC26
244260,Technical,base,FC26
244260,Tiki Taka,base,FC26
244261,First Touch,base,FC26
244261,Inventive,base,FC26
244261,Relentless,base,FC26
244261,Technical,base,FC26
244263,Aerial Fortress,base,FC26
244263,Block,base,FC26
244263,Long Ball Pass,base,FC26
244263,Slide Tackle,base,FC26
244269,Aerial Fortress,base,FC26
244269,Long Ball Pass,base,FC26
244269,Slide Tackle,base,FC26
244272,Intercept,base,FC26
244272,Slide Tackle,base,FC26
244274,Far Throw,base,FC26
244287,Gamechanger,base,FC26
244287,Technical,base,FC26
244288,Gamechanger,base,FC26
244288,Press Proven,base,FC26
244305,Aerial Fortress,base,FC26
244309,Inventive,base,FC26
244309,Power Shot,base,FC26
244309,Press Proven,base,FC26
244316,Deflector,base,FC26
244318,Gamechanger,base,FC26
244318,Technical,base,FC26
244318,Whipped Pass,base,FC26
244319,Precision Header,base,FC26
244321,Precision Header,base,FC26
244322,Long Throw,base,FC26
244322,Technical,base,FC26
244349,Aerial Fortress,base,FC26
244349,Block,base,FC26
244349,Intercept,base,FC26
244369,Quick Step,base,FC26
244369,Technical,base,FC26
244374,Rapid,base,FC26
244377,Intercept,base,FC26
244377,Long Ball Pass,base,FC26
244380,Intercept,base,FC26
244390,Rapid,base,FC26
244391,Low Driven Shot,base,FC26
244391,Power Shot,base,FC26
244391,Quick Step,base,FC26
244391,Rapid,base,FC26
244399,Anticipate,base,FC26
244399,Dead Ball,base,FC26
244399,Incisive Pass,base,FC26
244399,Jockey,base,FC26
244399,Long Ball Pass,base,FC26
244399,Press Proven,base,FC26
244399,Relentless,base,FC26
244407,Press Proven,base,FC26
244413,Anticipate,base,FC26
244413,Intercept,base,FC26
244413,Jockey,base,FC26
244413,Slide Tackle,base,FC26
244417,Footwork,base,FC26
244435,Bruiser,base,FC26
244435,Intercept,base,FC26
244435,Long Ball Pass,base,FC26
244435,Long Throw,base,FC26
244435,Slide Tackle,base,FC26
244460,Anticipate,base,FC26
244460,Long Throw,base,FC26
244464,Rapid,base,FC26
244467,Far Throw,base,FC26
244470,Jockey,base,FC26
244470,Long Throw,base,FC26
244470,Whipped Pass,base,FC26
244471,Block,base,FC26
244471,Intercept,base,FC26
244472,Long Throw,base,FC26
244474,Long Ball Pass,base,FC26
244474,Slide Tackle,base,FC26
244480,Press Proven,base,FC26
244486,Intercept,base,FC26
244486,Quick Step,base,FC26
244486,Rapid,base,FC26
244490,Aerial Fortress,base,FC26
244491,Anticipate,base,FC26
244497,Rapid,base,FC26
244513,Rapid,base,FC26
244517,Dead Ball,base,FC26
244517,Gamechanger,base,FC26
244517,Incisive Pass,base,FC26
244517,Inventive,base,FC26
244517,Jockey,base,FC26
244517,Pinged Pass,base,FC26
244517,Press Proven,base,FC26
244542,Aerial Fortress,base,FC26
244542,Jockey,base,FC26
244542,Long Ball Pass,base,FC26
244542,Precision Header,base,FC26
244542,Slide Tackle,base,FC26
244550,Technical,base,FC26
244559,Rapid,base,FC26
244565,Intercept,base,FC26
244565,Long Ball Pass,base,FC26
244565,Press Proven,base,FC26
244576,Block,base,FC26
244591,Technical,base,FC26
244599,Technical,base,FC26
244622,Precision Header,base,FC26
244622,Quick Step,base,FC26
244622,Rapid,base,FC26
244622,Relentless,base,FC26
244634,Incisive Pass,base,FC26
244656,Cross Claimer,base,FC26
244656,Far Throw,base,FC26
244669,Anticipate,base,FC26
244669,Block,base,FC26
244669,Jockey,base,FC26
244669,Relentless,base,FC26
244674,Slide Tackle,base,FC26
244675,Finesse Shot,base,FC26
244675,First Touch,base,FC26
244675,Precision Header,base,FC26
244675,Technical,base,FC26
244680,Technical,base,FC26
244685,Enforcer,base,FC26
244692,Press Proven,base,FC26
244694,Press Proven,base,FC26
244694,Quick Step,base,FC26
244706,Aerial Fortress,base,FC26
244706,Enforcer,base,FC26
244706,Precision Header,base,FC26
244709,Aerial Fortress,base,FC26
244709,Intercept,base,FC26
244709,Precision Header,base,FC26
244717,Long Throw,base,FC26
244723,Aerial Fortress,base,FC26
244723,Bruiser,base,FC26
244723,Enforcer,base,FC26
244723,Precision Header,base,FC26
244723,Press Proven,base,FC26
244728,Acrobatic,base,FC26
244728,Chip Shot,base,FC26
244728,Finesse Shot,base,FC26
244728,Gamechanger,base,FC26
244728,Relentless,base,FC26
244736,Long Ball Pass,base,FC26
244749,Anticipate,base,FC26
244749,Long Ball Pass,base,FC26
244749,Precision Header,base,FC26
244778,Finesse Shot,base,FC26
244778,First Touch,base,FC26
244778,Incisive Pass,base,FC26
244778,Inventive,base,FC26
244778,Low Driven Shot,base,FC26
244778,Technical,base,FC26
244778,Trickster,base,FC26
244788,Inventive,base,FC26
244793,Precision Header,base,FC26
244793,Press Proven,base,FC26
244793,Aerial Fortress,plus,FC26
244795,Long Ball Pass,base,FC26
244795,Whipped Pass,base,FC26
244797,Aerial Fortress,base,FC26
244799,Jockey,base,FC26
244800,Jockey,base,FC26
244800,Relentless,base,FC26
244800,Whipped Pass,base,FC26
244810,Deflector,base,FC26
244810,Footwork,base,FC26
244827,Footwork,base,FC26
244836,Precision Header,base,FC26
244837,Whipped Pass,base,FC26
244842,Incisive Pass,base,FC26
244843,First Touch,base,FC26
244843,Technical,base,FC26
244859,Block,base,FC26
244859,Bruiser,base,FC26
244863,Technical,base,FC26
244869,Long Ball Pass,base,FC26
244870,Relentless,base,FC26
244874,Dead Ball,base,FC26
244874,Finesse Shot,base,FC26
244874,Incisive Pass,base,FC26
244874,Inventive,base,FC26
244874,Relentless,base,FC26
244889,Aerial Fortress,base,FC26
244889,Intercept,base,FC26
244889,Slide Tackle,base,FC26
244891,Block,base,FC26
244891,Intercept,base,FC26
244891,Long Ball Pass,base,FC26
244892,Inventive,base,FC26
244892,Technical,base,FC26
244895,Bruiser,base,FC26
244895,Long Ball Pass,base,FC26
244915,Long Throw,base,FC26
244938,Slide Tackle,base,FC26
244941,Aerial Fortress,base,FC26
244941,Finesse Shot,base,FC26
244941,Relentless,base,FC26
244942,Precision Header,base,FC26
244949,Precision Header,base,FC26
244949,Aerial Fortress,plus,FC26
244950,Block,base,FC26
244950,Long Ball Pass,base,FC26
244950,Precision Header,base,FC26
244963,Aerial Fortress,base,FC26
244984,Bruiser,base,FC26
245017,Aerial Fortress,base,FC26
245017,Long Throw,base,FC26
245021,Long Ball Pass,base,FC26
245021,Precision Header,base,FC26
245024,Long Ball Pass,base,FC26
245035,Anticipate,base,FC26
245035,Jockey,base,FC26
245035,Quick Step,base,FC26
245037,Anticipate,base,FC26
245037,Long Ball Pass,base,FC26
245037,Precision Header,base,FC26
245039,Technical,base,FC26
245040,Block,base,FC26
245041,Block,base,FC26
245041,Bruiser,base,FC26
245041,Long Ball Pass,base,FC26
245042,Whipped Pass,base,FC26
245043,Technical,base,FC26
245054,Gamechanger,base,FC26
245054,Inventive,base,FC26
245054,Low Driven Shot,base,FC26
245054,Pinged Pass,base,FC26
245058,Finesse Shot,base,FC26
245058,First Touch,base,FC26
245058,Incisive Pass,base,FC26
245058,Inventive,base,FC26
245058,Precision Header,base,FC26
245058,Technical,base,FC26
245070,Bruiser,base,FC26
245070,Long Throw,base,FC26
245074,Footwork,base,FC26
245084,Whipped Pass,base,FC26
245091,Block,base,FC26
245097,Press Proven,base,FC26
245122,Finesse Shot,base,FC26
245131,Low Driven Shot,base,FC26
245131,Quick Step,base,FC26
245131,Rapid,base,FC26
245132,Precision Header,base,FC26
245138,Long Ball Pass,base,FC26
245152,Precision Header,base,FC26
245155,First Touch,base,FC26
245157,Finesse Shot,base,FC26
245157,Gamechanger,base,FC26
245157,Power Shot,base,FC26
245158,Chip Shot,base,FC26
245158,Low Driven Shot,base,FC26
245158,Quick Step,base,FC26
245158,Rapid,base,FC26
245164,Far Throw,base,FC26
245164,Long Ball Pass,base,FC26
245165,Aerial Fortress,base,FC26
245165,Intercept,base,FC26
245165,Long Ball Pass,base,FC26
245165,Long Throw,base,FC26
245170,Press Proven,base,FC26
245209,Bruiser,base,FC26
245209,Relentless,base,FC26
245209,Slide Tackle,base,FC26
245211,Anticipate,base,FC26
245211,Block,base,FC26
245212,Aerial Fortress,base,FC26
245212,Enforcer,base,FC26
245212,Precision Header,base,FC26
245215,Enforcer,base,FC26
245235,Anticipate,base,FC26
245235,Bruiser,base,FC26
245235,Jockey,base,FC26
245235,Pinged Pass,base,FC26
245235,Rapid,base,FC26
245235,Relentless,base,FC26
245235,Whipped Pass,base,FC26
245238,Intercept,base,FC26
245238,Slide Tackle,base,FC26
245247,Rapid,base,FC26
245247,Relentless,base,FC26
245252,Aerial Fortress,base,FC26
245252,Block,base,FC26
245252,Bruiser,base,FC26
245252,Long Ball Pass,base,FC26
245253,Block,base,FC26
245253,Relentless,base,FC26
245253,Slide Tackle,base,FC26
245261,Technical,base,FC26
245264,Rapid,base,FC26
245268,Rapid,base,FC26
245276,Cross Claimer,base,FC26
245286,Long Ball Pass,base,FC26
245290,Intercept,base,FC26
245290,Long Ball Pass,base,FC26
245319,Slide Tackle,base,FC26
245336,Aerial Fortress,base,FC26
245336,Block,base,FC26
245336,Intercept,base,FC26
245336,Long Ball Pass,base,FC26
245355,Intercept,base,FC26
245357,Low Driven Shot,base,FC26
245357,Pinged Pass,base,FC26
245357,Power Shot,base,FC26
245364,Technical,base,FC26
245367,Finesse Shot,base,FC26
245367,First Touch,base,FC26
245367,Incisive Pass,base,FC26
245367,Inventive,base,FC26
245367,Technical,base,FC26
245367,Tiki Taka,base,FC26
245370,Cross Claimer,base,FC26
245371,Finesse Shot,base,FC26
245371,First Touch,base,FC26
245371,Incisive Pass,base,FC26
245371,Quick Step,base,FC26
245384,Finesse Shot,base,FC26
245384,Relentless,base,FC26
245388,Anticipate,base,FC26
245388,Jockey,base,FC26
245404,Rapid,base,FC26
245410,Anticipate,base,FC26
245410,Block,base,FC26
245410,Slide Tackle,base,FC26
245414,Intercept,base,FC26
245426,Slide Tackle,base,FC26
245428,Bruiser,base,FC26
245428,Whipped Pass,base,FC26
245439,Precision Header,base,FC26
245461,First Touch,base,FC26
245461,Gamechanger,base,FC26
245461,Low Driven Shot,base,FC26
245491,Relentless,base,FC26
245491,Whipped Pass,base,FC26
245501,Quick Step,base,FC26
245501,Rapid,base,FC26
245531,Aerial Fortress,base,FC26
245531,Intercept,base,FC26
245531,Long Ball Pass,base,FC26
245531,Relentless,base,FC26
245532,Enforcer,base,FC26
245538,Acrobatic,base,FC26
245538,Chip Shot,base,FC26
245538,Finesse Shot,base,FC26
245538,Quick Step,base,FC26
245539,Finesse Shot,base,FC26
245540,Aerial Fortress,base,FC26
245540,Anticipate,base,FC26
245540,Intercept,base,FC26
245540,Long Ball Pass,base,FC26
245541,Finesse Shot,base,FC26
245541,Technical,base,FC26
245563,Enforcer,base,FC26
245563,Precision Header,base,FC26
245565,Finesse Shot,base,FC26
245565,First Touch,base,FC26
245565,Technical,base,FC26
245582,Precision Header,base,FC26
245597,Anticipate,base,FC26
245597,Block,base,FC26
245597,Long Ball Pass,base,FC26
245597,Relentless,base,FC26
245597,Whipped Pass,base,FC26
245598,Anticipate,base,FC26
245622,Long Throw,base,FC26
245628,Anticipate,base,FC26
245630,Anticipate,base,FC26
245630,Incisive Pass,base,FC26
245630,Jockey,base,FC26
245630,Relentless,base,FC26
245637,Enforcer,base,FC26
245637,Incisive Pass,base,FC26
245637,Trickster,base,FC26
245652,Enforcer,base,FC26
245652,Precision Header,base,FC26
245694,Finesse Shot,base,FC26
245694,Rapid,base,FC26
245710,Anticipate,base,FC26
245716,Enforcer,base,FC26
245717,Gamechanger,base,FC26
245717,Quick Step,base,FC26
245717,Rapid,base,FC26
245719,Anticipate,base,FC26
245719,Slide Tackle,base,FC26
245729,Long Throw,base,FC26
245741,Finesse Shot,base,FC26
245741,Quick Step,base,FC26
245741,Technical,base,FC26
245750,Jockey,base,FC26
245750,Long Ball Pass,base,FC26
245751,Anticipate,base,FC26
245751,Jockey,base,FC26
245751,Long Ball Pass,base,FC26
245760,Anticipate,base,FC26
245760,Block,base,FC26
245760,Intercept,base,FC26
245760,Long Ball Pass,base,FC26
245761,Incisive Pass,base,FC26
245761,Inventive,base,FC26
245761,Long Ball Pass,base,FC26
245766,Chip Shot,base,FC26
245766,Finesse Shot,base,FC26
245769,Long Ball Pass,base,FC26
245770,Gamechanger,base,FC26
245770,Press Proven,base,FC26
245812,Acrobatic,base,FC26
245813,Technical,base,FC26
245822,Cross Claimer,base,FC26
245848,Aerial Fortress,base,FC26
245848,Intercept,base,FC26
245848,Precision Header,base,FC26
245855,Long Ball Pass,base,FC26
245863,Anticipate,base,FC26
245863,Whipped Pass,base,FC26
245867,Technical,base,FC26
245870,Quick Step,base,FC26
245893,Finesse Shot,base,FC26
245893,Long Ball Pass,base,FC26
245894,Technical,base,FC26
245902,Finesse Shot,base,FC26
245940,Acrobatic,base,FC26
245940,Quick Step,base,FC26
245940,Trickster,base,FC26
245977,Finesse Shot,base,FC26
245981,Aerial Fortress,base,FC26
245981,Incisive Pass,base,FC26
245981,Intercept,base,FC26
245986,Incisive Pass,base,FC26
245986,Long Ball Pass,base,FC26
245988,Aerial Fortress,base,FC26
245988,Jockey,base,FC26
245988,Long Ball Pass,base,FC26
245999,Rapid,base,FC26
246006,Intercept,base,FC26
246006,Jockey,base,FC26
246006,Press Proven,base,FC26
246006,Relentless,base,FC26
246006,Slide Tackle,base,FC26
246007,Aerial Fortress,base,FC26
246007,Intercept,base,FC26
246007,Press Proven,base,FC26
246009,First Touch,base,FC26
246009,Rapid,base,FC26
246011,Intercept,base,FC26
246011,Technical,base,FC26
246013,Press Proven,base,FC26
246014,Jockey,base,FC26
246015,Slide Tackle,base,FC26
246033,Long Ball Pass,base,FC26
246043,Long Throw,base,FC26
246044,Finesse Shot,base,FC26
246044,Inventive,base,FC26
246044,Low Driven Shot,base,FC26
246044,Rapid,base,FC26
246044,Whipped Pass,base,FC26
246045,Gamechanger,base,FC26
246045,Technical,base,FC26
246048,Precision Header,base,FC26
246048,Slide Tackle,base,FC26
246053,Technical,base,FC26
246055,Rapid,base,FC26
246063,Incisive Pass,base,FC26
246063,Relentless,base,FC26
246074,Technical,base,FC26
246079,Aerial Fortress,base,FC26
246079,Block,base,FC26
246079,Intercept,base,FC26
246079,Long Ball Pass,base,FC26
246079,Precision Header,base,FC26
246093,Enforcer,base,FC26
246093,Precision Header,base,FC26
246097,Intercept,base,FC26
246097,Long Ball Pass,base,FC26
246104,Intercept,base,FC26
246104,Press Proven,base,FC26
246106,Bruiser,base,FC26
246106,Long Throw,base,FC26
246107,Long Ball Pass,base,FC26
246112,Technical,base,FC26
246113,Quick Step,base,FC26
246113,Rapid,base,FC26
246113,Relentless,base,FC26
246118,Long Throw,base,FC26
246127,Intercept,base,FC26
246127,Jockey,base,FC26
246127,Pinged Pass,base,FC26
246136,First Touch,base,FC26
246136,Intercept,base,FC26
246136,Slide Tackle,base,FC26
246139,Footwork,base,FC26
246145,First Touch,base,FC26
246145,Gamechanger,base,FC26
246145,Low Driven Shot,base,FC26
246147,Finesse Shot,base,FC26
246147,Gamechanger,base,FC26
246147,Low Driven Shot,base,FC26
246147,Power Shot,base,FC26
246147,Technical,base,FC26
246155,Long Throw,base,FC26
246157,Block,base,FC26
246158,Deflector,base,FC26
246158,Footwork,base,FC26
246159,Long Throw,base,FC26
246159,Rapid,base,FC26
246159,Slide Tackle,base,FC26
246164,Slide Tackle,base,FC26
246168,Technical,base,FC26
246169,Gamechanger,base,FC26
246169,Incisive Pass,base,FC26
246169,Inventive,base,FC26
246172,Finesse Shot,base,FC26
246172,Quick Step,base,FC26
246172,Rapid,base,FC26
246173,Slide Tackle,base,FC26
246174,Finesse Shot,base,FC26
246175,Rapid,base,FC26
246191,Finesse Shot,base,FC26
246191,Press Proven,plus,FC26
246237,Technical,base,FC26
246240,Far Throw,base,FC26
246240,Long Ball Pass,base,FC26
246242,Low Driven Shot,base,FC26
246258,Press Proven,base,FC26
246263,Slide Tackle,base,FC26
246267,Footwork,base,FC26
246276,Gamechanger,base,FC26
246276,Inventive,base,FC26
246276,Quick Step,base,FC26
246276,Technical,base,FC26
246284,Block,base,FC26
246284,Rapid,base,FC26
246289,Rapid,base,FC26
246297,First Touch,base,FC26
246297,Incisive Pass,base,FC26
246297,Inventive,base,FC26
246297,Long Ball Pass,base,FC26
246297,Relentless,base,FC26
246297,Technical,base,FC26
246298,Aerial Fortress,base,FC26
246321,Acrobatic,base,FC26
246321,Gamechanger,base,FC26
246321,Precision Header,base,FC26
246321,Quick Step,base,FC26
246321,Rapid,base,FC26
246321,Relentless,plus,FC26
246329,Aerial Fortress,base,FC26
246329,Finesse Shot,base,FC26
246335,Rapid,base,FC26
246335,Slide Tackle,base,FC26
246336,Technical,base,FC26
246345,Bruiser,base,FC26
246345,Slide Tackle,base,FC26
246350,First Touch,base,FC26
246350,Incisive Pass,base,FC26
246350,Long Ball Pass,base,FC26
246350,Pinged Pass,base,FC26
246350,Technical,base,FC26
246390,Aerial Fortress,base,FC26
246390,Whipped Pass,base,FC26
246396,Technical,base,FC26
246402,Aerial Fortress,base,FC26
246402,Anticipate,base,FC26
246402,Jockey,base,FC26
246402,Press Proven,base,FC26
246417,Far Reach,base,FC26
246417,Far Throw,base,FC26
246419,Inventive,base,FC26
246419,Technical,base,FC26
246420,Enforcer,base,FC26
246420,Inventive,base,FC26
246420,Quick Step,base,FC26
246420,Trickster,base,FC26
246420,Rapid,plus,FC26
246423,Quick Step,base,FC26
246423,Rapid,base,FC26
246430,Chip Shot,base,FC26
246430,Dead Ball,base,FC26
246430,Enforcer,base,FC26
246430,Finesse Shot,base,FC26
246430,Gamechanger,base,FC26
246430,Low Driven Shot,base,FC26
246430,Press Proven,base,FC26
246434,Aerial Fortress,base,FC26
246434,Intercept,base,FC26
246444,Block,base,FC26
246457,Quick Step,base,FC26
246459,Technical,base,FC26
246459,Trickster,base,FC26
246469,Rapid,base,FC26
246471,Enforcer,base,FC26
246548,Inventive,base,FC26
246548,Quick Step,base,FC26
246548,Technical,base,FC26
246548,Whipped Pass,base,FC26
246550,Aerial Fortress,base,FC26
246550,Long Ball Pass,base,FC26
246550,Press Proven,base,FC26
246560,Enforcer,base,FC26
246560,Relentless,base,FC26
246561,Aerial Fortress,base,FC26
246561,Intercept,base,FC26
246561,Slide Tackle,base,FC26
246562,Rapid,base,FC26
246563,Anticipate,base,FC26
246565,Aerial Fortress,base,FC26
246565,Jockey,base,FC26
246565,Precision Header,base,FC26
246591,Slide Tackle,base,FC26
246594,Technical,base,FC26
246604,Low Driven Shot,base,FC26
246604,Precision Header,base,FC26
246606,Quick Step,base,FC26
246606,Rapid,base,FC26
246606,Whipped Pass,base,FC26
246610,Footwork,base,FC26
246618,Gamechanger,base,FC26
246646,Incisive Pass,base,FC26
246646,Pinged Pass,base,FC26
246646,Press Proven,base,FC26
246646,Relentless,base,FC26
246656,Bruiser,base,FC26
246656,Rapid,base,FC26
246656,Relentless,base,FC26
246657,Cross Claimer,base,FC26
246657,Deflector,base,FC26
246669,Finesse Shot,base,FC26
246669,Technical,base,FC26
246669,Whipped Pass,plus,FC26
246671,Cross Claimer,base,FC26
246671,Far Throw,base,FC26
246672,Technical,base,FC26
246680,Rapid,base,FC26
246680,Slide Tackle,base,FC26
246681,Anticipate,base,FC26
246681,Intercept,base,FC26
246682,Finesse Shot,base,FC26
246683,Aerial Fortress,base,FC26
246685,Dead Ball,base,FC26
246685,Whipped Pass,base,FC26
246688,Long Throw,base,FC26
246688,Quick Step,base,FC26
246688,Rapid,base,FC26
246695,Aerial Fortress,base,FC26
246695,Intercept,base,FC26
246695,Precision Header,base,FC26
246696,Aerial Fortress,base,FC26
246696,Block,base,FC26
246704,Cross Claimer,base,FC26
246723,Slide Tackle,base,FC26
246728,Precision Header,base,FC26
246729,Rapid,base,FC26
246740,Cross Claimer,base,FC26
246740,Deflector,base,FC26
246748,Long Throw,base,FC26
246753,Cross Claimer,base,FC26
246753,Footwork,base,FC26
246762,Chip Shot,base,FC26
246762,Quick Step,base,FC26
246762,Rapid,base,FC26
246770,First Touch,base,FC26
246785,Technical,base,FC26
246787,Technical,base,FC26
246789,Press Proven,base,FC26
246790,Precision Header,base,FC26
246790,Technical,base,FC26
246791,Technical,base,FC26
246800,Quick Step,base,FC26
246800,Rapid,base,FC26
246800,Relentless,base,FC26
246809,Long Ball Pass,base,FC26
246809,Tiki Taka,base,FC26
246814,Incisive Pass,base,FC26
246814,Long Ball Pass,base,FC26
246814,Relentless,base,FC26
246814,Technical,base,FC26
246826,Aerial Fortress,base,FC26
246826,Block,base,FC26
246826,Jockey,base,FC26
246826,Long Ball Pass,base,FC26
246826,Precision Header,base,FC26
246827,Press Proven,base,FC26
246832,Precision Header,base,FC26
246840,Long Throw,base,FC26
246845,Acrobatic,base,FC26
246845,Gamechanger,base,FC26
246845,Power Shot,base,FC26
246845,Quick Step,base,FC26
246845,Rapid,base,FC26
246846,Aerial Fortress,base,FC26
246846,Intercept,base,FC26
246846,Precision Header,base,FC26
246863,Aerial Fortress,base,FC26
246863,Block,base,FC26
246863,Bruiser,base,FC26
246863,Press Proven,base,FC26
246871,Aerial Fortress,base,FC26
246872,Aerial Fortress,base,FC26
246872,Block,base,FC26
246872,Intercept,base,FC26
246885,Relentless,base,FC26
246914,Aerial Fortress,base,FC26
246914,Long Throw,base,FC26
246914,Precision Header,base,FC26
246918,Bruiser,base,FC26
246923,Rapid,base,FC26
246928,Technical,base,FC26
246937,Quick Step,base,FC26
246937,Rapid,base,FC26
246958,Cross Claimer,base,FC26
246958,Footwork,base,FC26
246959,Quick Step,base,FC26
246959,Rapid,base,FC26
246960,Technical,base,FC26
246974,Rapid,base,FC26
246987,Far Throw,base,FC26
246991,Aerial Fortress,base,FC26
246991,Block,base,FC26
247000,Technical,base,FC26
247001,Rapid,base,FC26
247009,Whipped Pass,base,FC26
247019,Aerial Fortress,base,FC26
247019,Bruiser,base,FC26
247019,Precision Header,base,FC26
247022,Cross Claimer,base,FC26
247022,Far Throw,base,FC26
247022,Footwork,base,FC26
247025,Technical,base,FC26
247026,Relentless,base,FC26
247027,Slide Tackle,base,FC26
247030,Long Ball Pass,base,FC26
247030,Technical,base,FC26
247034,Slide Tackle,base,FC26
247038,Slide Tackle,base,FC26
247041,Aerial Fortress,base,FC26
247041,Intercept,base,FC26
247041,Whipped Pass,base,FC26
247050,Technical,base,FC26
247072,Footwork,base,FC26
247077,Deflector,base,FC26
247077,Far Throw,base,FC26
247077,Footwork,base,FC26
247077,Long Ball Pass,base,FC26
247084,Technical,base,FC26
247086,Technical,base,FC26
247089,Block,base,FC26
247089,Jockey,base,FC26
247090,First Touch,base,FC26
247090,Press Proven,base,FC26
247090,Relentless,base,FC26
247090,Long Ball Pass,plus,FC26
247093,Aerial Fortress,base,FC26
247093,Intercept,base,FC26
247098,Long Throw,base,FC26
247103,Anticipate,base,FC26
247103,Jockey,base,FC26
247103,Long Ball Pass,base,FC26
247103,Precision Header,base,FC26
247120,Quick Step,base,FC26
247120,Rapid,base,FC26
247124,Jockey,base,FC26
247131,Bruiser,base,FC26
247138,Finesse Shot,base,FC26
247138,First Touch,base,FC26
247143,Aerial Fortress,base,FC26
247143,Precision Header,base,FC26
247150,Rapid,base,FC26
247172,Precision Header,base,FC26
247180,Anticipate,base,FC26
247180,Slide Tackle,base,FC26
247187,Technical,base,FC26
247197,Quick Step,base,FC26
247197,Whipped Pass,base,FC26
247203,Block,base,FC26
247203,Bruiser,base,FC26
247209,Quick Step,base,FC26
247209,Rapid,base,FC26
247228,Cross Claimer,base,FC26
247229,Long Throw,base,FC26
247229,Rapid,base,FC26
247229,Whipped Pass,base,FC26
247246,Pinged Pass,base,FC26
247246,Press Proven,base,FC26
247246,Relentless,base,FC26
247248,Intercept,base,FC26
247248,Long Ball Pass,base,FC26
247248,Slide Tackle,base,FC26
247249,Finesse Shot,base,FC26
247257,Aerial Fortress,base,FC26
247257,Block,base,FC26
247257,Intercept,base,FC26
247257,Jockey,base,FC26
247257,Long Ball Pass,base,FC26
247257,Precision Header,base,FC26
247257,Slide Tackle,base,FC26
247258,Press Proven,base,FC26
247263,Long Ball Pass,base,FC26
247263,Pinged Pass,base,FC26
247263,Precision Header,base,FC26
247264,Intercept,base,FC26
247279,Enforcer,base,FC26
247308,Block,base,FC26
247310,Technical,base,FC26
247333,Quick Step,base,FC26
247333,Technical,base,FC26
247350,Aerial Fortress,base,FC26
247350,Intercept,base,FC26
247360,Anticipate,base,FC26
247360,Jockey,base,FC26
247360,Pinged Pass,base,FC26
247361,Relentless,base,FC26
247368,Anticipate,base,FC26
247369,Intercept,base,FC26
247385,Slide Tackle,base,FC26
247394,Finesse Shot,base,FC26
247394,Press Proven,base,FC26
247394,Relentless,base,FC26
247394,Whipped Pass,base,FC26
247395,Aerial Fortress,base,FC26
247395,Intercept,base,FC26
247395,Slide Tackle,base,FC26
247407,Block,base,FC26
247412,Jockey,base,FC26
247447,Finesse Shot,base,FC26
247447,Incisive Pass,base,FC26
247447,Inventive,base,FC26
247447,Rapid,base,FC26
247458,Slide Tackle,base,FC26
247458,Technical,base,FC26
247459,Precision Header,base,FC26
247463,Acrobatic,base,FC26
247471,First Touch,base,FC26
247471,Incisive Pass,base,FC26
247471,Relentless,base,FC26
247471,Tiki Taka,base,FC26
247476,Slide Tackle,base,FC26
247494,Far Reach,base,FC26
247494,Far Throw,base,FC26
247495,Slide Tackle,base,FC26
247506,Far Throw,base,FC26
247506,Rush Out,base,FC26
247519,Rapid,base,FC26
247534,Quick Step,base,FC26
247534,Technical,base,FC26
247582,Pinged Pass,base,FC26
247599,Precision Header,base,FC26
247601,Long Throw,base,FC26
247611,Deflector,base,FC26
247611,Footwork,base,FC26
247626,Cross Claimer,base,FC26
247627,Rapid,base,FC26
247635,Finesse Shot,base,FC26
247635,Gamechanger,base,FC26
247635,Incisive Pass,base,FC26
247635,Technical,base,FC26
247635,Trickster,base,FC26
247635,Inventive,plus,FC26
247640,Gamechanger,base,FC26
247640,Technical,base,FC26
247640,Trickster,base,FC26
247641,Technical,base,FC26
247643,Aerial Fortress,base,FC26
247643,Intercept,base,FC26
247643,Long Ball Pass,base,FC26
247643,Pinged Pass,base,FC26
247648,Slide Tackle,base,FC26
247649,Aerial Fortress,base,FC26
247649,Intercept,base,FC26
247649,Slide Tackle,base,FC26
247667,Long Throw,base,FC26
247674,Low Driven Shot,base,FC26
247674,Technical,base,FC26
247677,Anticipate,base,FC26
247677,Relentless,base,FC26
247678,Relentless,base,FC26
247678,Slide Tackle,base,FC26
247679,Aerial Fortress,base,FC26
247679,Enforcer,base,FC26
247679,Power Shot,base,FC26
247686,Aerial Fortress,base,FC26
247686,Power Shot,base,FC26
247686,Precision Header,base,FC26
247689,Slide Tackle,base,FC26
247721,Incisive Pass,base,FC26
247721,Press Proven,base,FC26
247722,Incisive Pass,base,FC26
247722,Technical,base,FC26
247729,Dead Ball,base,FC26
247729,Press Proven,base,FC26
247731,Long Ball Pass,base,FC26
247741,Whipped Pass,base,FC26
247748,Technical,base,FC26
247754,Bruiser,base,FC26
247782,Anticipate,base,FC26
247782,Jockey,base,FC26
247782,Rapid,base,FC26
247782,Whipped Pass,base,FC26
247819,Anticipate,base,FC26
247819,Block,base,FC26
247819,Jockey,base,FC26
247819,Long Ball Pass,base,FC26
247819,Long Throw,base,FC26
247819,Slide Tackle,plus,FC26
247827,Finesse Shot,base,FC26
247827,Inventive,base,FC26
247827,Technical,base,FC26
247827,Whipped Pass,base,FC26
247832,Anticipate,base,FC26
247832,Bruiser,base,FC26
247832,Quick Step,base,FC26
247832,Rapid,base,FC26
247833,Quick Step,base,FC26
247833,Technical,base,FC26
247844,Intercept,base,FC26
247851,Gamechanger,base,FC26
247851,Incisive Pass,base,FC26
247851,Long Ball Pass,base,FC26
247851,Press Proven,base,FC26
247851,Relentless,base,FC26
247861,Relentless,base,FC26
247866,Footwork,base,FC26
247881,Rapid,base,FC26
247882,Footwork,base,FC26
247888,Dead Ball,base,FC26
247888,Incisive Pass,base,FC26
247889,Rapid,base,FC26
247905,Precision Header,base,FC26
247913,Intercept,base,FC26
247913,Long Throw,base,FC26
247913,Precision Header,base,FC26
247913,Slide Tackle,base,FC26
247941,Enforcer,base,FC26
247941,Precision Header,base,FC26
247950,Slide Tackle,base,FC26
247955,Quick Step,base,FC26
247955,Rapid,base,FC26
247963,Anticipate,base,FC26
247963,Intercept,base,FC26
247963,Long Ball Pass,base,FC26
247968,Long Throw,base,FC26
247968,Slide Tackle,base,FC26
247972,Incisive Pass,base,FC26
247972,Inventive,base,FC26
247972,Low Driven Shot,base,FC26
247972,Technical,base,FC26
247974,Intercept,base,FC26
247976,Cross Claimer,base,FC26
247976,Far Throw,base,FC26
247976,Footwork,base,FC26
247976,Long Ball Pass,base,FC26
247978,Bruiser,base,FC26
247978,Intercept,base,FC26
248003,Bruiser,base,FC26
248003,Slide Tackle,base,FC26
248019,Far Throw,base,FC26
248049,Dead Ball,base,FC26
248049,Quick Step,base,FC26
248049,Rapid,base,FC26
248050,Dead Ball,base,FC26
248050,Long Ball Pass,base,FC26
248050,Whipped Pass,base,FC26
248053,Power Shot,base,FC26
248053,Rapid,base,FC26
248054,Footwork,base,FC26
248054,Long Ball Pass,base,FC26
248060,Quick Step,base,FC26
248060,Rapid,base,FC26
248073,Far Throw,base,FC26
248073,Footwork,base,FC26
248073,Long Ball Pass,base,FC26
248095,Anticipate,base,FC26
248095,Intercept,base,FC26
248105,Aerial Fortress,base,FC26
248105,Intercept,base,FC26
248105,Jockey,base,FC26
248105,Long Ball Pass,base,FC26
248105,Precision Header,base,FC26
248107,Slide Tackle,base,FC26
248110,Long Ball Pass,base,FC26
248111,Anticipate,base,FC26
248112,Intercept,base,FC26
248118,Incisive Pass,base,FC26
248118,Technical,base,FC26
248121,Cross Claimer,base,FC26
248126,Enforcer,base,FC26
248131,Rapid,base,FC26
248147,Aerial Fortress,base,FC26
248148,Aerial Fortress,base,FC26
248148,Intercept,base,FC26
248149,Anticipate,base,FC26
248149,Rapid,base,FC26
248150,Far Throw,base,FC26
248165,Block,base,FC26
248165,Long Throw,base,FC26
248165,Quick Step,base,FC26
248165,Rapid,base,FC26
248166,Aerial Fortress,base,FC26
248166,Jockey,base,FC26
248166,Long Ball Pass,base,FC26
248166,Tiki Taka,base,FC26
248167,Press Proven,base,FC26
248174,Trickster,base,FC26
248178,Finesse Shot,base,FC26
248188,Finesse Shot,base,FC26
248191,Intercept,base,FC26
248199,Anticipate,base,FC26
248199,Block,base,FC26
248199,Intercept,base,FC26
248199,Long Ball Pass,base,FC26
248199,Relentless,base,FC26
248207,Intercept,base,FC26
248207,Long Ball Pass,base,FC26
248221,Cross Claimer,base,FC26
248227,Whipped Pass,base,FC26
248231,First Touch,base,FC26
248231,Pinged Pass,base,FC26
248231,Press Proven,base,FC26
248231,Trickster,base,FC26
248237,Intercept,base,FC26
248243,Block,base,FC26
248243,Bruiser,base,FC26
248243,Jockey,base,FC26
248243,Technical,base,FC26
248246,Cross Claimer,base,FC26
248247,Slide Tackle,base,FC26
248252,Technical,base,FC26
248265,Long Ball Pass,base,FC26
248265,Long Throw,base,FC26
248266,Intercept,base,FC26
248266,Jockey,base,FC26
248266,Relentless,base,FC26
248274,Anticipate,base,FC26
248278,Intercept,base,FC26
248278,Long Ball Pass,base,FC26
248280,Incisive Pass,base,FC26
248289,Finesse Shot,base,FC26
248296,Long Throw,base,FC26
248296,Relentless,base,FC26
248298,Incisive Pass,base,FC26
248298,Technical,base,FC26
248300,Aerial Fortress,base,FC26
248300,Intercept,base,FC26
248300,Precision Header,base,FC26
248300,Rapid,base,FC26
248307,Technical,base,FC26
248311,Aerial Fortress,base,FC26
248311,Anticipate,base,FC26
248311,Intercept,base,FC26
248311,Long Ball Pass,base,FC26
248313,Aerial Fortress,base,FC26
248313,Intercept,base,FC26
248319,Technical,base,FC26
248325,Cross Claimer,base,FC26
248325,Far Throw,base,FC26
248328,Dead Ball,base,FC26
248328,Whipped Pass,base,FC26
248337,Long Ball Pass,base,FC26
248342,Anticipate,base,FC26
248356,Finesse Shot,base,FC26
248356,Gamechanger,base,FC26
248356,Quick Step,base,FC26
248356,Technical,base,FC26
248360,Rapid,base,FC26
248385,Enforcer,base,FC26
248385,Precision Header,base,FC26
248405,Aerial Fortress,base,FC26
248405,Block,base,FC26
248465,Rapid,base,FC26
248465,Slide Tackle,base,FC26
248470,Intercept,base,FC26
248470,Long Ball Pass,base,FC26
248471,Dead Ball,base,FC26
248471,Intercept,base,FC26
248477,Intercept,base,FC26
248478,Deflector,base,FC26
248478,Long Ball Pass,base,FC26
248478,Pinged Pass,base,FC26
248484,Aerial Fortress,base,FC26
248484,Anticipate,base,FC26
248484,Block,base,FC26
248484,Intercept,base,FC26
248492,Long Throw,base,FC26
248498,Technical,base,FC26
248508,Long Ball Pass,base,FC26
248550,Intercept,base,FC26
248550,Long Ball Pass,base,FC26
248559,Anticipate,base,FC26
248559,Block,base,FC26
248564,Acrobatic,base,FC26
248564,Gamechanger,base,FC26
248564,Quick Step,base,FC26
248564,Technical,base,FC26
248568,Chip Shot,base,FC26
248573,Aerial Fortress,base,FC26
248575,Low Driven Shot,base,FC26
248575,Quick Step,base,FC26
248575,Rapid,base,FC26
248576,Block,base,FC26
248584,Long Ball Pass,base,FC26
248602,Aerial Fortress,base,FC26
248604,Block,base,FC26
248604,Rapid,base,FC26
248661,Anticipate,base,FC26
248661,Intercept,base,FC26
248661,Slide Tackle,base,FC26
248662,Whipped Pass,base,FC26
248674,Finesse Shot,base,FC26
248674,First Touch,base,FC26
248674,Low Driven Shot,base,FC26
248680,Incisive Pass,base,FC26
248687,Intercept,base,FC26
248695,Jockey,base,FC26
248710,Finesse Shot,base,FC26
248710,Precision Header,base,FC26
248710,Technical,base,FC26
248718,Long Throw,base,FC26
248729,Finesse Shot,base,FC26
248729,Gamechanger,base,FC26
248729,Rapid,base,FC26
248729,Whipped Pass,base,FC26
248752,Long Throw,base,FC26
248765,Quick Step,base,FC26
248765,Rapid,base,FC26
248770,Bruiser,base,FC26
248774,Relentless,base,FC26
248777,Intercept,base,FC26
248777,Rapid,base,FC26
248777,Relentless,base,FC26
248784,Acrobatic,base,FC26
248787,Precision Header,base,FC26
248788,Precision Header,base,FC26
248793,Block,base,FC26
248793,Bruiser,base,FC26
248793,Intercept,base,FC26
248793,Press Proven,base,FC26
248805,Technical,base,FC26
248821,Bruiser,base,FC26
248821,Intercept,base,FC26
248821,Quick Step,base,FC26
248836,Aerial Fortress,base,FC26
248854,Aerial Fortress,base,FC26
248854,Anticipate,base,FC26
248854,Intercept,base,FC26
248854,Jockey,base,FC26
248854,Long Ball Pass,base,FC26
248855,Anticipate,base,FC26
248855,Bruiser,base,FC26
248855,Intercept,base,FC26
248855,Long Ball Pass,base,FC26
248857,Rapid,base,FC26
248872,Block,base,FC26
248878,Block,base,FC26
248880,Long Throw,base,FC26
250723,Pinged Pass,base,FC26
250723,Power Shot,base,FC26
250723,Relentless,base,FC26
250723,Technical,base,FC26
250724,Rapid,base,FC26
250753,Footwork,base,FC26
250758,Jockey,base,FC26
250763,Gamechanger,base,FC26
250764,First Touch,base,FC26
250764,Technical,base,FC26
250766,Technical,base,FC26
250766,Whipped Pass,base,FC26
250780,Long Ball Pass,base,FC26
250780,Slide Tackle,base,FC26
250789,Dead Ball,base,FC26
250789,Gamechanger,base,FC26
250789,Technical,base,FC26
250804,Cross Claimer,base,FC26
250805,Long Throw,base,FC26
250807,Low Driven Shot,base,FC26
250807,Press Proven,base,FC26
250810,Bruiser,base,FC26
250810,Slide Tackle,base,FC26
250811,Long Throw,base,FC26
250812,Gamechanger,base,FC26
250813,Aerial Fortress,base,FC26
250813,Slide Tackle,base,FC26
250815,Rapid,base,FC26
250816,Finesse Shot,base,FC26
250816,Gamechanger,base,FC26
250816,Low Driven Shot,base,FC26
250816,Technical,base,FC26
250822,Technical,base,FC26
250823,Slide Tackle,base,FC26
250841,Cross Claimer,base,FC26
250847,Long Ball Pass,base,FC26
250850,Long Ball Pass,base,FC26
250850,Long Throw,base,FC26
250851,Aerial Fortress,base,FC26
250853,Intercept,base,FC26
250853,Precision Header,base,FC26
250858,Aerial Fortress,base,FC26
250858,Bruiser,base,FC26
250858,Jockey,base,FC26
250881,Long Ball Pass,base,FC26
250884,Precision Header,base,FC26
250896,Jockey,base,FC26
250896,Slide Tackle,base,FC26
250909,Quick Step,base,FC26
250909,Slide Tackle,base,FC26
250913,Anticipate,base,FC26
250913,Bruiser,base,FC26
250916,Cross Claimer,base,FC26
250916,Far Throw,base,FC26
250916,Footwork,base,FC26
250918,Rapid,base,FC26
250926,Anticipate,base,FC26
250926,Jockey,base,FC26
250931,Slide Tackle,base,FC26
250932,Aerial Fortress,base,FC26
250932,Intercept,base,FC26
250932,Long Throw,base,FC26
250932,Precision Header,base,FC26
250932,Whipped Pass,base,FC26
250941,Rapid,base,FC26
250946,Inventive,base,FC26
250946,Technical,base,FC26
250952,Bruiser,base,FC26
250955,Anticipate,base,FC26
250955,Long Ball Pass,base,FC26
250959,Incisive Pass,base,FC26
250959,Long Ball Pass,base,FC26
250959,Press Proven,base,FC26
250959,Tiki Taka,plus,FC26
250960,Long Throw,base,FC26
250960,Rapid,base,FC26
250961,First Touch,base,FC26
250961,Technical,base,FC26
250991,Jockey,base,FC26
250991,Long Throw,base,FC26
250993,Block,base,FC26
250993,Jockey,base,FC26
250997,Aerial Fortress,base,FC26
250997,Slide Tackle,base,FC26
251001,Aerial Fortress,base,FC26
251002,Quick Step,base,FC26
251002,Rapid,base,FC26
251024,Aerial Fortress,base,FC26
251025,Intercept,base,FC26
251025,Jockey,base,FC26
251025,Quick Step,base,FC26
251025,Rapid,base,FC26
251025,Whipped Pass,base,FC26
251028,Low Driven Shot,base,FC26
251028,Quick Step,base,FC26
251028,Technical,base,FC26
251036,Cross Claimer,base,FC26
251036,Far Throw,base,FC26
251036,Footwork,base,FC26
251045,Incisive Pass,base,FC26
251052,Incisive Pass,base,FC26
251076,Intercept,base,FC26
251076,Long Ball Pass,base,FC26
251076,Precision Header,base,FC26
251105,Finesse Shot,base,FC26
251107,Technical,base,FC26
251110,Anticipate,base,FC26
251111,Enforcer,base,FC26
251116,Long Ball Pass,base,FC26
251116,Slide Tackle,base,FC26
251132,Long Ball Pass,base,FC26
251132,Press Proven,base,FC26
251132,Tiki Taka,base,FC26
251138,Aerial Fortress,base,FC26
251138,Block,base,FC26
251138,Long Ball Pass,base,FC26
251138,Slide Tackle,base,FC26
251149,Block,base,FC26
251156,Low Driven Shot,base,FC26
251156,Quick Step,base,FC26
251157,Footwork,base,FC26
251157,Rush Out,base,FC26
251161,Intercept,base,FC26
251167,Block,base,FC26
251167,Bruiser,base,FC26
251167,Jockey,base,FC26
251167,Long Ball Pass,base,FC26
251167,Press Proven,base,FC26
251168,Anticipate,base,FC26
251168,Block,base,FC26
251178,Long Ball Pass,base,FC26
251189,Aerial Fortress,base,FC26
251189,Gamechanger,base,FC26
251189,Precision Header,base,FC26
251189,Rapid,base,FC26
251189,Long Throw,plus,FC26
251191,Rapid,base,FC26
251198,Precision Header,base,FC26
251213,Finesse Shot,base,FC26
251213,Slide Tackle,base,FC26
251219,Technical,base,FC26
251223,Finesse Shot,base,FC26
251223,Gamechanger,base,FC26
251229,Rapid,base,FC26
251236,Rapid,base,FC26
251236,Whipped Pass,base,FC26
251247,Slide Tackle,base,FC26
251257,Technical,base,FC26
251260,Enforcer,base,FC26
251260,Low Driven Shot,base,FC26
251272,Rapid,base,FC26
251281,Long Ball Pass,base,FC26
251283,Jockey,base,FC26
251288,Bruiser,base,FC26
251288,Slide Tackle,base,FC26
251292,Deflector,base,FC26
251292,Far Throw,base,FC26
251292,Footwork,base,FC26
251292,Long Ball Pass,base,FC26
251294,Dead Ball,base,FC26
251294,First Touch,base,FC26
251294,Inventive,base,FC26
251294,Long Ball Pass,base,FC26
251294,Press Proven,base,FC26
251306,Long Ball Pass,base,FC26
251312,Block,base,FC26
251312,Whipped Pass,base,FC26
251342,Aerial Fortress,base,FC26
251343,Block,base,FC26
251343,Slide Tackle,base,FC26
251349,Technical,base,FC26
251352,Rapid,base,FC26
251352,Whipped Pass,base,FC26
251353,Aerial Fortress,base,FC26
251353,Precision Header,base,FC26
251356,Aerial Fortress,base,FC26
251356,First Touch,base,FC26
251356,Incisive Pass,base,FC26
251356,Inventive,base,FC26
251356,Low Driven Shot,base,FC26
251356,Technical,base,FC26
251373,Aerial Fortress,base,FC26
251373,Long Ball Pass,base,FC26
251377,Aerial Fortress,base,FC26
251377,Finesse Shot,base,FC26
251377,Gamechanger,base,FC26
251377,Incisive Pass,base,FC26
251377,Power Shot,base,FC26
251377,Technical,base,FC26
251377,Whipped Pass,base,FC26
251380,Block,base,FC26
251385,Bruiser,base,FC26
251392,Block,base,FC26
251392,Relentless,base,FC26
251392,Slide Tackle,base,FC26
251401,Gamechanger,base,FC26
251401,Technical,base,FC26
251405,Anticipate,base,FC26
251405,Block,base,FC26
251405,Jockey,base,FC26
251416,Aerial Fortress,base,FC26
251416,Intercept,base,FC26
251417,Enforcer,base,FC26
251420,Press Proven,base,FC26
251421,Quick Step,base,FC26
251421,Rapid,base,FC26
251429,Aerial Fortress,base,FC26
251429,Bruiser,base,FC26
251429,Intercept,base,FC26
251429,Slide Tackle,base,FC26
251431,Enforcer,base,FC26
251433,Rush Out,base,FC26
251438,Technical,base,FC26
251439,Aerial Fortress,base,FC26
251439,Precision Header,base,FC26
251446,Aerial Fortress,base,FC26
251446,Intercept,base,FC26
251446,Long Ball Pass,base,FC26
251451,Anticipate,base,FC26
251451,Block,base,FC26
251451,Slide Tackle,base,FC26
251454,Low Driven Shot,base,FC26
251464,Slide Tackle,base,FC26
251470,Aerial Fortress,base,FC26
251470,Incisive Pass,base,FC26
251470,Inventive,base,FC26
251470,Low Driven Shot,base,FC26
251470,Precision Header,base,FC26
251470,Technical,base,FC26
251479,Jockey,base,FC26
251479,Long Ball Pass,base,FC26
251479,Press Proven,base,FC26
251479,Whipped Pass,base,FC26
251482,Low Driven Shot,base,FC26
251482,Rapid,base,FC26
251486,Power Shot,base,FC26
251486,Relentless,base,FC26
251516,Aerial Fortress,base,FC26
251516,Intercept,base,FC26
251516,Press Proven,base,FC26
251516,Slide Tackle,base,FC26
251517,Jockey,base,FC26
251517,Low Driven Shot,base,FC26
251517,Pinged Pass,base,FC26
251517,Block,plus,FC26
251519,Block,base,FC26
251519,Jockey,base,FC26
251522,Cross Claimer,base,FC26
251522,Footwork,base,FC26
251528,Long Throw,base,FC26
251528,Quick Step,base,FC26
251528,Rapid,base,FC26
251530,Anticipate,base,FC26
251530,Long Throw,base,FC26
251530,Quick Step,base,FC26
251530,Rapid,base,FC26
251530,Whipped Pass,base,FC26
251532,Rapid,base,FC26
251537,Intercept,base,FC26
251545,Finesse Shot,base,FC26
251545,Press Proven,base,FC26
251547,Intercept,base,FC26
251547,Long Throw,base,FC26
251547,Rapid,base,FC26
251547,Whipped Pass,base,FC26
251555,Anticipate,base,FC26
251566,Finesse Shot,base,FC26
251566,Inventive,base,FC26
251566,Quick Step,base,FC26
251570,Chip Shot,base,FC26
251570,First Touch,base,FC26
251570,Incisive Pass,base,FC26
251570,Inventive,base,FC26
251570,Low Driven Shot,base,FC26
251570,Technical,base,FC26
251570,Trickster,plus,FC26
251575,Aerial Fortress,base,FC26
251575,Rapid,base,FC26
251580,Technical,base,FC26
251586,Anticipate,base,FC26
251592,Dead Ball,base,FC26
251594,Incisive Pass,base,FC26
251595,Long Throw,base,FC26
251595,Rapid,base,FC26
251596,Rapid,base,FC26
251599,Gamechanger,base,FC26
251599,Inventive,base,FC26
251599,Long Ball Pass,base,FC26
251603,Quick Step,base,FC26
251615,Long Ball Pass,base,FC26
251615,Relentless,base,FC26
251615,Whipped Pass,base,FC26
251616,Aerial Fortress,base,FC26
251616,Anticipate,base,FC26
251616,Jockey,base,FC26
251617,Press Proven,base,FC26
251626,Intercept,base,FC26
251626,Jockey,base,FC26
251626,Long Throw,base,FC26
251626,Quick Step,base,FC26
251633,Finesse Shot,base,FC26
251633,Rapid,base,FC26
251635,Long Throw,base,FC26
251662,Incisive Pass,base,FC26
251662,Intercept,base,FC26
251662,Long Ball Pass,base,FC26
251662,Relentless,base,FC26
251681,Aerial Fortress,base,FC26
251681,Long Ball Pass,base,FC26
251681,Precision Header,base,FC26
251686,Long Ball Pass,base,FC26
251688,Intercept,base,FC26
251688,Jockey,base,FC26
251688,Rapid,base,FC26
251690,Dead Ball,base,FC26
251690,First Touch,base,FC26
251690,Intercept,base,FC26
251690,Precision Header,base,FC26
251690,Technical,base,FC26
251752,Footwork,base,FC26
251752,Rush Out,base,FC26
251756,Technical,base,FC26
251762,Intercept,base,FC26
251762,Rapid,base,FC26
251764,Bruiser,base,FC26
251769,Dead Ball,base,FC26
251769,Finesse Shot,base,FC26
251769,Incisive Pass,base,FC26
251769,Long Ball Pass,base,FC26
251770,Finesse Shot,base,FC26
251770,Technical,base,FC26
251773,Deflector,base,FC26
251781,Block,base,FC26
251781,Long Throw,base,FC26
251804,Inventive,base,FC26
251804,Quick Step,base,FC26
251804,Relentless,base,FC26
251804,Technical,base,FC26
251805,Jockey,base,FC26
251805,Press Proven,base,FC26
251806,Bruiser,base,FC26
251806,Incisive Pass,base,FC26
251806,Power Shot,base,FC26
251806,Technical,base,FC26
251809,Bruiser,base,FC26
251809,Jockey,base,FC26
251809,Long Ball Pass,base,FC26
251810,Enforcer,base,FC26
251812,Slide Tackle,base,FC26
251818,Footwork,base,FC26
251818,Rush Out,base,FC26
251831,Trickster,base,FC26
251834,Long Throw,base,FC26
251834,Slide Tackle,base,FC26
251842,Whipped Pass,base,FC26
251845,Aerial Fortress,base,FC26
251845,Pinged Pass,base,FC26
251845,Power Shot,base,FC26
251845,Technical,base,FC26
251851,Enforcer,base,FC26
251852,Rapid,base,FC26
251852,Quick Step,plus,FC26
251854,Incisive Pass,base,FC26
251854,Long Ball Pass,base,FC26
251854,Relentless,base,FC26
251854,Technical,base,FC26
251854,Tiki Taka,base,FC26
251854,First Touch,plus,FC26
251855,Incisive Pass,base,FC26
251855,Relentless,base,FC26
251873,Technical,base,FC26
251880,Aerial Fortress,base,FC26
251880,Inventive,base,FC26
251880,Precision Header,base,FC26
251880,Rapid,base,FC26
251884,Rapid,base,FC26
251895,Aerial Fortress,base,FC26
251895,Block,base,FC26
251895,Intercept,base,FC26
251905,Intercept,base,FC26
251908,Rapid,base,FC26
251920,Aerial Fortress,base,FC26
251920,Block,base,FC26
251920,Bruiser,base,FC26
251920,Long Ball Pass,base,FC26
251920,Slide Tackle,base,FC26
251942,Anticipate,base,FC26
251942,Bruiser,base,FC26
251951,Dead Ball,base,FC26
251951,Whipped Pass,base,FC26
251954,First Touch,base,FC26
251954,Quick Step,base,FC26
251954,Rapid,base,FC26
251961,Low Driven Shot,base,FC26
251974,Aerial Fortress,base,FC26
251981,Long Throw,base,FC26
251988,Low Driven Shot,base,FC26
251994,Aerial Fortress,base,FC26
251994,Block,base,FC26
251994,Intercept,base,FC26
251994,Long Ball Pass,base,FC26
251994,Long Throw,base,FC26
251995,Footwork,base,FC26
252000,Long Throw,base,FC26
252016,Anticipate,base,FC26
252018,Anticipate,base,FC26
252018,Jockey,base,FC26
252025,Technical,base,FC26
252031,Quick Step,base,FC26
252042,Rapid,base,FC26
252059,Relentless,base,FC26
252064,Bruiser,base,FC26
252064,Pinged Pass,base,FC26
252066,Dead Ball,base,FC26
252066,Incisive Pass,base,FC26
252066,Inventive,base,FC26
252066,Low Driven Shot,base,FC26
252066,Technical,base,FC26
252073,Gamechanger,base,FC26
252073,Low Driven Shot,base,FC26
252073,Precision Header,base,FC26
252073,Technical,base,FC26
252074,Precision Header,base,FC26
252078,Long Throw,base,FC26
252079,Dead Ball,base,FC26
252079,Incisive Pass,base,FC26
252079,Long Ball Pass,base,FC26
252079,Technical,base,FC26
252079,Whipped Pass,base,FC26
252082,Rapid,base,FC26
252083,Gamechanger,base,FC26
252083,Rapid,base,FC26
252084,Chip Shot,base,FC26
252088,Aerial Fortress,base,FC26
252095,Block,base,FC26
252095,Jockey,base,FC26
252108,Technical,base,FC26
252123,Footwork,base,FC26
252134,Dead Ball,base,FC26
252134,First Touch,base,FC26
252134,Incisive Pass,base,FC26
252134,Inventive,base,FC26
252134,Long Ball Pass,base,FC26
252143,Finesse Shot,base,FC26
252143,First Touch,base,FC26
252143,Intercept,base,FC26
252143,Inventive,base,FC26
252143,Technical,base,FC26
252144,Anticipate,base,FC26
252144,Jockey,base,FC26
252144,Slide Tackle,base,FC26
252145,Anticipate,base,FC26
252145,Jockey,base,FC26
252145,Pinged Pass,base,FC26
252145,Rapid,base,FC26
252145,Whipped Pass,base,FC26
252145,Quick Step,plus,FC26
252148,Aerial Fortress,base,FC26
252154,Rush Out,base,FC26
252162,Precision Header,base,FC26
252169,Block,base,FC26
252169,Rapid,base,FC26
252181,Long Ball Pass,base,FC26
252193,Rapid,base,FC26
252208,Quick Step,base,FC26
252208,Rapid,base,FC26
252208,Whipped Pass,base,FC26
252238,Technical,base,FC26
252238,Whipped Pass,base,FC26
252240,Long Ball Pass,base,FC26
252252,Aerial Fortress,base,FC26
252252,Intercept,base,FC26
252252,Long Ball Pass,base,FC26
252254,Dead Ball,base,FC26
252259,First Touch,base,FC26
252259,Incisive Pass,base,FC26
252259,Inventive,base,FC26
252259,Technical,base,FC26
252263,Rapid,base,FC26
252277,Slide Tackle,base,FC26
252290,Anticipate,base,FC26
252290,Dead Ball,base,FC26
252290,Intercept,base,FC26
252290,Inventive,base,FC26
252290,Jockey,base,FC26
252290,Long Ball Pass,base,FC26
252290,Relentless,base,FC26
252293,Long Throw,base,FC26
252293,Rapid,base,FC26
252302,Whipped Pass,base,FC26
252305,Slide Tackle,base,FC26
252308,Bruiser,base,FC26
252308,Intercept,base,FC26
252308,Long Ball Pass,base,FC26
252308,Pinged Pass,base,FC26
252308,Relentless,base,FC26
252313,Anticipate,base,FC26
252313,Incisive Pass,base,FC26
252313,Jockey,base,FC26
252313,Pinged Pass,base,FC26
252315,Whipped Pass,base,FC26
252320,Bruiser,base,FC26
252324,Technical,base,FC26
252327,Block,base,FC26
252339,Bruiser,base,FC26
252349,Finesse Shot,base,FC26
252371,First Touch,base,FC26
252371,Gamechanger,base,FC26
252371,Inventive,base,FC26
252371,Low Driven Shot,base,FC26
252371,Slide Tackle,base,FC26
252371,Technical,base,FC26
252371,Relentless,plus,FC26
252376,Aerial Fortress,base,FC26
252376,Intercept,base,FC26
252376,Precision Header,base,FC26
252376,Relentless,base,FC26
252383,Intercept,base,FC26
252386,Enforcer,base,FC26
252386,Finesse Shot,base,FC26
252386,Low Driven Shot,base,FC26
252386,Precision Header,base,FC26
252410,Dead Ball,base,FC26
252410,Finesse Shot,base,FC26
252416,Low Driven Shot,base,FC26
252435,Aerial Fortress,base,FC26
252442,Anticipate,base,FC26
252442,Block,base,FC26
252442,Bruiser,base,FC26
252448,Technical,base,FC26
252466,Aerial Fortress,base,FC26
252466,Precision Header,base,FC26
252466,Slide Tackle,base,FC26
252468,Rapid,base,FC26
252470,Inventive,base,FC26
252470,Rapid,base,FC26
252477,Footwork,base,FC26
252483,Dead Ball,base,FC26
252483,Whipped Pass,base,FC26
252487,Aerial Fortress,base,FC26
252494,Technical,base,FC26
252495,Rapid,base,FC26
252508,Inventive,base,FC26
252508,Technical,base,FC26
252509,Technical,base,FC26
252512,Anticipate,base,FC26
252512,Block,base,FC26
252526,Rapid,base,FC26
252526,Whipped Pass,base,FC26
252541,Inventive,base,FC26
252541,Long Ball Pass,base,FC26
252544,Bruiser,base,FC26
252544,Jockey,base,FC26
252547,Block,base,FC26
252552,Cross Claimer,base,FC26
252573,Rapid,base,FC26
252573,Whipped Pass,base,FC26
252574,Aerial Fortress,base,FC26
252574,Intercept,base,FC26
252574,Precision Header,base,FC26
252577,Long Ball Pass,base,FC26
252587,Finesse Shot,base,FC26
252590,Enforcer,base,FC26
252598,Dead Ball,base,FC26
252598,Incisive Pass,base,FC26
252599,Intercept,base,FC26
252675,Aerial Fortress,base,FC26
252675,Precision Header,base,FC26
252698,Long Throw,base,FC26
252698,Precision Header,base,FC26
252699,Footwork,base,FC26
252700,Aerial Fortress,base,FC26
252700,Block,base,FC26
252700,Intercept,base,FC26
252700,Jockey,base,FC26
252700,Long Ball Pass,base,FC26
252700,Precision Header,base,FC26
252700,Slide Tackle,base,FC26
252711,Anticipate,base,FC26
252711,Long Throw,base,FC26
252711,Relentless,base,FC26
252711,Whipped Pass,base,FC26
252753,Precision Header,base,FC26
252753,Slide Tackle,base,FC26
252758,Long Ball Pass,base,FC26
252773,Footwork,base,FC26
252793,Block,base,FC26
252793,Long Ball Pass,base,FC26
252794,Finesse Shot,base,FC26
252794,First Touch,base,FC26
252794,Inventive,base,FC26
252794,Long Ball Pass,base,FC26
252796,Gamechanger,base,FC26
252802,Aerial Fortress,base,FC26
252802,Intercept,base,FC26
252802,Precision Header,base,FC26
252802,Rapid,base,FC26
252810,Bruiser,base,FC26
252810,Intercept,base,FC26
252810,Slide Tackle,base,FC26
252835,Anticipate,base,FC26
252837,Finesse Shot,base,FC26
252837,First Touch,base,FC26
252837,Inventive,base,FC26
252837,Low Driven Shot,base,FC26
252837,Technical,base,FC26
252858,Technical,base,FC26
252858,Whipped Pass,base,FC26
252861,Dead Ball,base,FC26
252861,Intercept,base,FC26
252861,Long Ball Pass,base,FC26
252861,Press Proven,base,FC26
252861,Relentless,base,FC26
252861,Slide Tackle,base,FC26
252864,Dead Ball,base,FC26
252864,Incisive Pass,base,FC26
252864,Technical,base,FC26
252864,Whipped Pass,base,FC26
252865,First Touch,base,FC26
252873,Anticipate,base,FC26
252873,Block,base,FC26
252873,Long Ball Pass,base,FC26
252873,Precision Header,base,FC26
252878,Intercept,base,FC26
252883,Aerial Fortress,base,FC26
252883,Long Ball Pass,base,FC26
252883,Precision Header,base,FC26
252902,Intercept,base,FC26
252902,Long Ball Pass,base,FC26
252903,First Touch,base,FC26
252903,Inventive,base,FC26
252903,Technical,base,FC26
252903,Tiki Taka,base,FC26
252911,Footwork,base,FC26
252913,Precision Header,base,FC26
252917,Long Ball Pass,base,FC26
252929,Gamechanger,base,FC26
252929,Low Driven Shot,base,FC26
252929,Technical,base,FC26
252931,Finesse Shot,base,FC26
252931,Incisive Pass,base,FC26
252931,Inventive,base,FC26
252931,Technical,base,FC26
252935,Dead Ball,base,FC26
252935,Gamechanger,base,FC26
252935,Long Ball Pass,base,FC26
252935,Power Shot,base,FC26
252935,Technical,base,FC26
252935,Tiki Taka,base,FC26
252936,Whipped Pass,base,FC26
252937,Incisive Pass,base,FC26
252937,Inventive,base,FC26
252937,Technical,base,FC26
252960,Long Throw,base,FC26
252960,Low Driven Shot,base,FC26
252960,Quick Step,base,FC26
252960,Technical,base,FC26
252961,Anticipate,base,FC26
252961,Jockey,base,FC26
252967,Relentless,base,FC26
252974,Finesse Shot,base,FC26
252974,Inventive,base,FC26
252974,Technical,base,FC26
253002,Gamechanger,base,FC26
253002,Technical,base,FC26
253004,Quick Step,base,FC26
253010,Intercept,base,FC26
253013,Enforcer,base,FC26
253013,Low Driven Shot,base,FC26
253019,Gamechanger,base,FC26
253019,Incisive Pass,base,FC26
253019,Technical,base,FC26
253036,Gamechanger,base,FC26
253039,Aerial Fortress,base,FC26
253052,Rapid,base,FC26
253054,Inventive,base,FC26
253054,Long Ball Pass,base,FC26
253054,Press Proven,base,FC26
253055,Technical,base,FC26
253057,Jockey,base,FC26
253064,Relentless,base,FC26
253072,Quick Step,base,FC26
253072,Rapid,base,FC26
253072,Relentless,base,FC26
253073,Block,base,FC26
253073,Intercept,base,FC26
253073,Long Ball Pass,base,FC26
253074,Quick Step,base,FC26
253074,Technical,base,FC26
253076,Block,base,FC26
253109,Dead Ball,base,FC26
253109,Finesse Shot,base,FC26
253109,First Touch,base,FC26
253109,Incisive Pass,base,FC26
253109,Inventive,base,FC26
253109,Long Ball Pass,base,FC26
253109,Technical,base,FC26
253114,Aerial Fortress,base,FC26
253114,Intercept,base,FC26
253114,Long Ball Pass,base,FC26
253121,Aerial Fortress,base,FC26
253121,Precision Header,base,FC26
253121,Rapid,base,FC26
253122,Intercept,base,FC26
253124,Press Proven,base,FC26
253130,Gamechanger,base,FC26
253130,Technical,base,FC26
253133,Relentless,base,FC26
253136,Long Ball Pass,base,FC26
253136,Slide Tackle,base,FC26
253149,Quick Step,base,FC26
253149,Rapid,base,FC26
253149,Slide Tackle,base,FC26
253150,Whipped Pass,base,FC26
253153,Technical,base,FC26
253157,Technical,base,FC26
253162,Dead Ball,base,FC26
253162,Finesse Shot,base,FC26
253162,Inventive,base,FC26
253162,Relentless,base,FC26
253163,Aerial Fortress,base,FC26
253163,Anticipate,base,FC26
253163,Block,base,FC26
253163,Jockey,base,FC26
253163,Precision Header,base,FC26
253163,Slide Tackle,base,FC26
253167,Technical,base,FC26
253170,Bruiser,base,FC26
253173,Precision Header,base,FC26
253173,Rapid,base,FC26
253177,Rapid,base,FC26
253181,Rapid,base,FC26
253211,Footwork,base,FC26
253223,Rapid,base,FC26
253238,Slide Tackle,base,FC26
253239,Aerial Fortress,base,FC26
253240,Gamechanger,base,FC26
253240,Technical,base,FC26
253242,Chip Shot,base,FC26
253242,Enforcer,base,FC26
253242,Low Driven Shot,base,FC26
253242,Precision Header,base,FC26
253249,Aerial Fortress,base,FC26
253249,Bruiser,base,FC26
253249,Precision Header,base,FC26
253249,Relentless,base,FC26
253250,Dead Ball,base,FC26
253250,Quick Step,base,FC26
253251,Intercept,base,FC26
253275,Long Ball Pass,base,FC26
253276,Jockey,base,FC26
253276,Long Ball Pass,base,FC26
253283,Technical,base,FC26
253293,Gamechanger,base,FC26
253293,Inventive,base,FC26
253293,Technical,base,FC26
253293,Whipped Pass,base,FC26
253294,Long Throw,base,FC26
253294,Rapid,base,FC26
253296,Precision Header,base,FC26
253304,Aerial Fortress,base,FC26
253304,Rapid,base,FC26
253306,Bruiser,base,FC26
253306,Intercept,base,FC26
253306,Slide Tackle,base,FC26
253327,Gamechanger,base,FC26
253327,Quick Step,base,FC26
253327,Rapid,base,FC26
253338,Far Throw,base,FC26
253341,Block,base,FC26
253341,Long Ball Pass,base,FC26
253349,Enforcer,base,FC26
253354,Footwork,base,FC26
253369,Anticipate,base,FC26
253374,Aerial Fortress,base,FC26
253374,Anticipate,base,FC26
253376,Precision Header,base,FC26
253384,Intercept,base,FC26
253385,Precision Header,base,FC26
253386,Block,base,FC26
253386,Long Throw,base,FC26
253396,Rapid,base,FC26
253399,Gamechanger,base,FC26
253399,Rapid,base,FC26
253407,Inventive,base,FC26
253409,Dead Ball,base,FC26
253409,Inventive,base,FC26
253409,Technical,base,FC26
253409,Trickster,base,FC26
253409,Whipped Pass,base,FC26
253416,Technical,base,FC26
253418,Precision Header,base,FC26
253418,Technical,base,FC26
253433,Power Shot,base,FC26
253440,Aerial Fortress,base,FC26
253440,Rapid,base,FC26
253441,Low Driven Shot,base,FC26
253441,Precision Header,base,FC26
253442,Cross Claimer,base,FC26
253444,Low Driven Shot,base,FC26
253463,Block,base,FC26
253463,Slide Tackle,base,FC26
253472,Block,base,FC26
253472,Rapid,base,FC26
253473,Inventive,base,FC26
253473,Jockey,base,FC26
253475,Jockey,base,FC26
253475,Slide Tackle,base,FC26
253476,Bruiser,base,FC26
253479,Power Shot,base,FC26
253479,Technical,base,FC26
253490,Intercept,base,FC26
253490,Jockey,base,FC26
253490,Press Proven,base,FC26
253490,Whipped Pass,base,FC26
253508,Intercept,base,FC26
253518,Long Ball Pass,base,FC26
253537,Rapid,base,FC26
253549,Technical,base,FC26
253551,Long Ball Pass,base,FC26
253619,Anticipate,base,FC26
253619,Long Ball Pass,base,FC26
253619,Press Proven,base,FC26
253619,Tiki Taka,base,FC26
253629,Far Reach,base,FC26
253672,Footwork,base,FC26
253693,Inventive,base,FC26
253693,Press Proven,base,FC26
253704,Anticipate,base,FC26
253708,Technical,base,FC26
253712,Anticipate,base,FC26
253712,Jockey,base,FC26
253727,Power Shot,base,FC26
253727,Press Proven,base,FC26
253771,First Touch,base,FC26
253771,Technical,base,FC26
253867,Long Ball Pass,base,FC26
253867,Press Proven,base,FC26
253895,Technical,base,FC26
253910,Rapid,base,FC26
253932,Enforcer,base,FC26
253943,Anticipate,base,FC26
253943,Jockey,base,FC26
253951,Slide Tackle,base,FC26
253970,Pinged Pass,base,FC26
253970,Power Shot,base,FC26
253970,Relentless,base,FC26
253974,Long Ball Pass,base,FC26
253980,Rapid,base,FC26
254005,Anticipate,base,FC26
254022,Gamechanger,base,FC26
254022,Technical,base,FC26
254039,Tiki Taka,base,FC26
254062,Long Ball Pass,base,FC26
254084,Aerial Fortress,base,FC26
254088,Technical,base,FC26
254094,Aerial Fortress,base,FC26
254094,Long Throw,base,FC26
254094,Precision Header,base,FC26
254094,Relentless,base,FC26
254099,Footwork,base,FC26
254113,Gamechanger,base,FC26
254117,Finesse Shot,base,FC26
254117,Gamechanger,base,FC26
254117,Quick Step,base,FC26
254117,Rapid,base,FC26
254120,Pinged Pass,base,FC26
254121,Aerial Fortress,base,FC26
254121,Block,base,FC26
254121,Precision Header,base,FC26
254121,Slide Tackle,base,FC26
254135,Technical,base,FC26
254136,Technical,base,FC26
254142,Intercept,base,FC26
254142,Press Proven,base,FC26
254142,Relentless,base,FC26
254142,Tiki Taka,base,FC26
254143,Jockey,base,FC26
254148,Finesse Shot,base,FC26
254148,Technical,base,FC26
254173,Slide Tackle,base,FC26
254176,Aerial Fortress,base,FC26
254176,Anticipate,base,FC26
254176,Jockey,base,FC26
254176,Long Ball Pass,base,FC26
254188,Relentless,base,FC26
254198,Footwork,base,FC26
254204,Anticipate,base,FC26
254204,Intercept,base,FC26
254206,Inventive,base,FC26
254206,Quick Step,base,FC26
254206,Whipped Pass,base,FC26
254210,Rapid,base,FC26
254220,Rapid,base,FC26
254225,Acrobatic,base,FC26
254225,Gamechanger,base,FC26
254225,Incisive Pass,base,FC26
254225,Technical,base,FC26
254238,Rapid,base,FC26
254243,Aerial Fortress,base,FC26
254243,Block,base,FC26
254243,Technical,base,FC26
254244,Gamechanger,base,FC26
254244,Technical,base,FC26
254245,Anticipate,base,FC26
254247,Aerial Fortress,base,FC26
254247,Enforcer,base,FC26
254247,Precision Header,base,FC26
254247,Press Proven,base,FC26
254258,Rapid,base,FC26
254262,Long Ball Pass,base,FC26
254273,Long Ball Pass,base,FC26
254289,Long Ball Pass,base,FC26
254289,Slide Tackle,base,FC26
254294,Jockey,base,FC26
254296,Intercept,base,FC26
254296,Long Ball Pass,base,FC26
254297,Cross Claimer,base,FC26
254307,Rapid,base,FC26
254310,Long Ball Pass,base,FC26
254310,Slide Tackle,base,FC26
254333,Inventive,base,FC26
254333,Press Proven,base,FC26
254347,Technical,base,FC26
254373,Slide Tackle,base,FC26
254446,Rapid,base,FC26
254449,Enforcer,base,FC26
254449,Inventive,base,FC26
254482,Low Driven Shot,base,FC26
254482,Rapid,base,FC26
254522,Jockey,base,FC26
254525,Precision Header,base,FC26
254529,Anticipate,base,FC26
254537,Long Throw,base,FC26
254541,Whipped Pass,base,FC26
254548,Intercept,base,FC26
254548,Long Throw,base,FC26
254548,Slide Tackle,base,FC26
254548,Whipped Pass,base,FC26
254551,Finesse Shot,base,FC26
254551,First Touch,base,FC26
254551,Gamechanger,base,FC26
254551,Technical,base,FC26
254556,Rapid,base,FC26
254566,Acrobatic,base,FC26
254566,First Touch,base,FC26
254566,Inventive,base,FC26
254566,Rapid,base,FC26
254566,Relentless,base,FC26
254579,Anticipate,base,FC26
254579,Dead Ball,base,FC26
254579,Finesse Shot,base,FC26
254579,Jockey,base,FC26
254601,Footwork,base,FC26
254628,Whipped Pass,base,FC26
254637,Technical,base,FC26
254638,Anticipate,base,FC26
254638,Block,base,FC26
254638,Jockey,base,FC26
254638,Long Throw,base,FC26
254638,Precision Header,base,FC26
254638,Whipped Pass,base,FC26
254653,Finesse Shot,base,FC26
254653,Technical,base,FC26
254660,Rapid,base,FC26
254680,Bruiser,base,FC26
254685,Intercept,base,FC26
254692,Rapid,base,FC26
254752,Rapid,base,FC26
254774,Bruiser,base,FC26
254786,Aerial Fortress,base,FC26
254786,Intercept,base,FC26
254787,Long Ball Pass,base,FC26
254789,First Touch,base,FC26
254789,Incisive Pass,base,FC26
254789,Inventive,base,FC26
254789,Relentless,base,FC26
254796,Low Driven Shot,base,FC26
254796,Quick Step,base,FC26
254796,Technical,base,FC26
254803,Cross Claimer,base,FC26
254803,Footwork,base,FC26
254817,Aerial Fortress,base,FC26
254817,Long Throw,base,FC26
254817,Rapid,base,FC26
254822,Quick Step,base,FC26
254822,Slide Tackle,base,FC26
254824,Aerial Fortress,base,FC26
254824,Enforcer,base,FC26
254824,Finesse Shot,base,FC26
254824,Press Proven,base,FC26
254831,Technical,base,FC26
254840,Bruiser,base,FC26
254849,Precision Header,base,FC26
254859,Technical,base,FC26
254887,Long Ball Pass,base,FC26
254887,Press Proven,base,FC26
254887,Relentless,base,FC26
254894,Finesse Shot,base,FC26
254894,First Touch,base,FC26
254899,Quick Step,base,FC26
254899,Rapid,base,FC26
254899,Whipped Pass,base,FC26
254909,Anticipate,base,FC26
254909,Technical,base,FC26
254909,Tiki Taka,base,FC26
254910,Inventive,base,FC26
254910,Technical,base,FC26
254910,Whipped Pass,base,FC26
254913,Aerial Fortress,base,FC26
254913,Intercept,base,FC26
254925,Acrobatic,base,FC26
254925,Gamechanger,base,FC26
254928,Intercept,base,FC26
254962,Far Throw,base,FC26
254962,Footwork,base,FC26
254994,Aerial Fortress,base,FC26
254996,Dead Ball,base,FC26
254996,Jockey,base,FC26
254996,Relentless,base,FC26
254996,Whipped Pass,base,FC26
255000,Enforcer,base,FC26
255000,Finesse Shot,base,FC26
255000,Quick Step,base,FC26
255001,Anticipate,base,FC26
255001,Incisive Pass,base,FC26
255001,Intercept,base,FC26
255001,Inventive,base,FC26
255001,Relentless,base,FC26
255002,Technical,base,FC26
255009,Incisive Pass,base,FC26
255009,Pinged Pass,base,FC26
255009,Tiki Taka,base,FC26
255010,Technical,base,FC26
255033,Long Throw,base,FC26
255033,Slide Tackle,base,FC26
255036,Acrobatic,base,FC26
255036,Rapid,base,FC26
255043,Enforcer,base,FC26
255043,Precision Header,base,FC26
255049,Inventive,base,FC26
255049,Quick Step,base,FC26
255049,Rapid,base,FC26
255069,Press Proven,base,FC26
255072,Technical,base,FC26
255074,Long Ball Pass,base,FC26
255074,Pinged Pass,base,FC26
255098,Rapid,base,FC26
255105,Finesse Shot,base,FC26
255105,Precision Header,base,FC26
255106,Aerial Fortress,base,FC26
255106,Anticipate,base,FC26
255106,Intercept,base,FC26
255106,Jockey,base,FC26
255109,Inventive,base,FC26
255109,Technical,base,FC26
255110,Slide Tackle,base,FC26
255125,First Touch,base,FC26
255125,Incisive Pass,base,FC26
255137,Jockey,base,FC26
255137,Relentless,base,FC26
255140,Technical,base,FC26
255145,Long Ball Pass,base,FC26
255150,Rapid,base,FC26
255150,Whipped Pass,base,FC26
255155,Precision Header,base,FC26
255174,First Touch,base,FC26
255174,Technical,base,FC26
255185,Dead Ball,base,FC26
255185,Quick Step,base,FC26
255196,First Touch,base,FC26
255196,Gamechanger,base,FC26
255206,Gamechanger,base,FC26
255211,Aerial Fortress,base,FC26
255223,Gamechanger,base,FC26
255223,Technical,base,FC26
255241,Block,base,FC26
255245,Quick Step,base,FC26
255245,Rapid,base,FC26
255253,Finesse Shot,base,FC26
255253,Incisive Pass,base,FC26
255253,Intercept,base,FC26
255253,Long Ball Pass,base,FC26
255253,Relentless,base,FC26
255253,Tiki Taka,base,FC26
255253,Technical,plus,FC26
255256,Slide Tackle,base,FC26
255268,Technical,base,FC26
255272,Rapid,base,FC26
255273,Slide Tackle,base,FC26
255293,Long Ball Pass,base,FC26
255303,Cross Claimer,base,FC26
255303,Deflector,base,FC26
255303,Far Throw,base,FC26
255307,Rapid,base,FC26
255310,Long Ball Pass,base,FC26
255329,Finesse Shot,base,FC26
255329,Quick Step,base,FC26
255329,Rapid,base,FC26
255339,Rapid,base,FC26
255341,Technical,base,FC26
255343,Anticipate,base,FC26
255343,Jockey,base,FC26
255343,Long Ball Pass,base,FC26
255347,Intercept,base,FC26
255361,Inventive,base,FC26
255361,Rapid,base,FC26
255380,Intercept,base,FC26
255380,Long Ball Pass,base,FC26
255380,Slide Tackle,base,FC26
255398,Chip Shot,base,FC26
255406,Aerial Fortress,base,FC26
255406,Precision Header,base,FC26
255417,Technical,base,FC26
255420,Enforcer,base,FC26
255434,Technical,base,FC26
255436,Dead Ball,base,FC26
255449,Long Throw,base,FC26
255454,Technical,base,FC26
255460,Finesse Shot,base,FC26
255460,Incisive Pass,base,FC26
255460,Rapid,base,FC26
255460,Whipped Pass,base,FC26
255464,Dead Ball,base,FC26
255464,Incisive Pass,base,FC26
255464,Inventive,base,FC26
255464,Technical,base,FC26
255464,Trickster,base,FC26
255471,Aerial Fortress,base,FC26
255471,Slide Tackle,base,FC26
255472,Technical,base,FC26
255475,Finesse Shot,base,FC26
255475,Technical,base,FC26
255475,Trickster,base,FC26
255483,Long Throw,base,FC26
255487,Aerial Fortress,base,FC26
255487,Precision Header,base,FC26
255487,Relentless,base,FC26
255487,Technical,base,FC26
255500,Incisive Pass,base,FC26
255519,First Touch,base,FC26
255523,Whipped Pass,base,FC26
255540,Gamechanger,base,FC26
255558,Aerial Fortress,base,FC26
255558,Intercept,base,FC26
255558,Long Ball Pass,base,FC26
255561,Long Throw,base,FC26
255561,Rapid,base,FC26
255561,Relentless,base,FC26
255561,Whipped Pass,base,FC26
255565,Finesse Shot,base,FC26
255565,First Touch,base,FC26
255565,Quick Step,base,FC26
255565,Technical,base,FC26
255566,Aerial Fortress,base,FC26
255566,Intercept,base,FC26
255566,Press Proven,base,FC26
255580,Quick Step,base,FC26
255580,Whipped Pass,base,FC26
255605,Cross Claimer,base,FC26
255611,Technical,base,FC26
255621,Dead Ball,base,FC26
255621,Intercept,base,FC26
255621,Rapid,base,FC26
255621,Whipped Pass,base,FC26
255628,Dead Ball,base,FC26
255628,Relentless,base,FC26
255632,Bruiser,base,FC26
255654,Block,base,FC26
255687,Jockey,base,FC26
255700,Quick Step,base,FC26
255700,Rapid,base,FC26
255700,Whipped Pass,base,FC26
255703,Bruiser,base,FC26
255742,First Touch,base,FC26
255742,Incisive Pass,base,FC26
255742,Inventive,base,FC26
255742,Low Driven Shot,base,FC26
255742,Pinged Pass,base,FC26
255742,Power Shot,base,FC26
255742,Technical,base,FC26
255754,Far Throw,base,FC26
255754,Rush Out,base,FC26
255767,Enforcer,base,FC26
255767,Rapid,base,FC26
255772,Finesse Shot,base,FC26
255772,Technical,base,FC26
255776,Long Ball Pass,base,FC26
255781,Rapid,base,FC26
255789,Quick Step,base,FC26
255789,Rapid,base,FC26
255835,Anticipate,base,FC26
255835,Technical,base,FC26
255837,Intercept,base,FC26
255838,Block,base,FC26
255838,Jockey,base,FC26
255839,Technical,base,FC26
255850,Rapid,base,FC26
255855,Press Proven,base,FC26
255868,Rapid,base,FC26
255876,Quick Step,base,FC26
255876,Rapid,base,FC26
255886,Long Throw,base,FC26
255891,Anticipate,base,FC26
255900,Deflector,base,FC26
255900,Footwork,base,FC26
255917,Technical,base,FC26
255919,Rush Out,base,FC26
255928,Long Ball Pass,base,FC26
255928,Power Shot,base,FC26
255928,Press Proven,base,FC26
255930,Aerial Fortress,base,FC26
255930,Relentless,base,FC26
255934,Enforcer,base,FC26
255956,Long Ball Pass,base,FC26
255963,Relentless,base,FC26
255963,Tiki Taka,base,FC26
255971,Intercept,base,FC26
255971,Jockey,base,FC26
255971,Relentless,base,FC26
255981,Cross Claimer,base,FC26
255981,Long Ball Pass,base,FC26
256008,Bruiser,base,FC26
256018,Enforcer,base,FC26
256018,Finesse Shot,base,FC26
256024,Long Ball Pass,base,FC26
256024,Slide Tackle,base,FC26
256033,Bruiser,base,FC26
256033,Intercept,base,FC26
256033,Precision Header,base,FC26
256035,Finesse Shot,base,FC26
256035,Rapid,base,FC26
256040,Bruiser,base,FC26
256044,Long Ball Pass,base,FC26
256051,Incisive Pass,base,FC26
256051,Inventive,base,FC26
256051,Long Ball Pass,base,FC26
256079,Anticipate,base,FC26
256079,Intercept,base,FC26
256079,Pinged Pass,base,FC26
256079,Press Proven,base,FC26
256079,Relentless,base,FC26
256079,Tiki Taka,base,FC26
256079,Slide Tackle,plus,FC26
256080,Anticipate,base,FC26
256080,Block,base,FC26
256082,Anticipate,base,FC26
256082,Jockey,base,FC26
256104,Anticipate,base,FC26
256104,Incisive Pass,base,FC26
256104,Long Ball Pass,base,FC26
256104,Slide Tackle,base,FC26
256107,Anticipate,base,FC26
256107,Bruiser,base,FC26
256107,Jockey,base,FC26
256107,Relentless,base,FC26
256115,Technical,base,FC26
256115,Tiki Taka,base,FC26
256119,Aerial Fortress,base,FC26
256127,Long Ball Pass,base,FC26
256127,Technical,base,FC26
256149,Intercept,base,FC26
256149,Relentless,base,FC26
256149,Slide Tackle,base,FC26
256156,Deflector,base,FC26
256164,Enforcer,base,FC26
256196,Anticipate,base,FC26
256196,Block,base,FC26
256196,Jockey,base,FC26
256196,Bruiser,plus,FC26
256197,Block,base,FC26
256197,Jockey,base,FC26
256197,Slide Tackle,plus,FC26
256199,Gamechanger,base,FC26
256216,Rapid,base,FC26
256222,Aerial Fortress,base,FC26
256222,Precision Header,base,FC26
256232,Bruiser,base,FC26
256252,Long Ball Pass,base,FC26
256261,Slide Tackle,base,FC26
256271,Slide Tackle,base,FC26
256282,Dead Ball,base,FC26
256282,Incisive Pass,base,FC26
256282,Inventive,base,FC26
256282,Long Ball Pass,base,FC26
256282,Technical,base,FC26
256287,Finesse Shot,base,FC26
256287,First Touch,base,FC26
256287,Press Proven,base,FC26
256287,Trickster,base,FC26
256292,Aerial Fortress,base,FC26
256292,Anticipate,base,FC26
256292,Intercept,base,FC26
256292,Precision Header,base,FC26
256292,Relentless,base,FC26
256296,Jockey,base,FC26
256296,Long Ball Pass,base,FC26
256325,Anticipate,base,FC26
256325,Intercept,base,FC26
256326,Gamechanger,base,FC26
256326,Technical,base,FC26
256331,Quick Step,base,FC26
256331,Rapid,base,FC26
256341,Press Proven,base,FC26
256370,Aerial Fortress,base,FC26
256370,Finesse Shot,base,FC26
256370,Rapid,base,FC26
256397,Rapid,base,FC26
256402,Quick Step,base,FC26
256402,Technical,base,FC26
256407,Footwork,base,FC26
256407,Long Ball Pass,base,FC26
256407,Rush Out,base,FC26
256417,Relentless,base,FC26
256420,Gamechanger,base,FC26
256420,Technical,base,FC26
256421,Rapid,base,FC26
256426,Technical,base,FC26
256435,Bruiser,base,FC26
256435,Precision Header,base,FC26
256441,Bruiser,base,FC26
256476,Rapid,base,FC26
256500,Slide Tackle,base,FC26
256502,Incisive Pass,base,FC26
256516,Finesse Shot,base,FC26
256516,Gamechanger,base,FC26
256516,Inventive,base,FC26
256516,Quick Step,base,FC26
256516,Relentless,base,FC26
256516,Rapid,plus,FC26
256548,Finesse Shot,base,FC26
256548,Power Shot,base,FC26
256548,Whipped Pass,base,FC26
256555,Bruiser,base,FC26
256555,Long Throw,base,FC26
256578,Technical,base,FC26
256598,Technical,base,FC26
256611,Aerial Fortress,base,FC26
256611,Precision Header,base,FC26
256630,Chip Shot,base,FC26
256630,Finesse Shot,base,FC26
256630,First Touch,base,FC26
256630,Inventive,base,FC26
256630,Low Driven Shot,base,FC26
256630,Technical,base,FC26
256630,Incisive Pass,plus,FC26
256632,Quick Step,base,FC26
256632,Rapid,base,FC26
256634,Incisive Pass,base,FC26
256634,Inventive,base,FC26
256634,Jockey,base,FC26
256658,Acrobatic,base,FC26
256658,Rapid,base,FC26
256669,Rapid,base,FC26
256674,Incisive Pass,base,FC26
256674,Inventive,base,FC26
256674,Low Driven Shot,base,FC26
256674,Technical,base,FC26
256675,Dead Ball,base,FC26
256675,Finesse Shot,base,FC26
256675,Technical,base,FC26
256688,Dead Ball,base,FC26
256688,Inventive,base,FC26
256688,Rapid,base,FC26
256689,Rapid,base,FC26
256705,Aerial Fortress,base,FC26
256711,Technical,base,FC26
256725,Technical,base,FC26
256731,Enforcer,base,FC26
256731,Incisive Pass,base,FC26
256731,Press Proven,base,FC26
256738,Low Driven Shot,base,FC26
256738,Precision Header,base,FC26
256741,Long Ball Pass,base,FC26
256742,Rush Out,base,FC26
256746,Power Shot,base,FC26
256746,Precision Header,base,FC26
256746,Technical,base,FC26
256748,Technical,base,FC26
256769,Whipped Pass,base,FC26
256776,Jockey,base,FC26
256776,Rapid,base,FC26
256780,Block,base,FC26
256780,Intercept,base,FC26
256780,Long Ball Pass,base,FC26
256781,Long Throw,base,FC26
256782,Inventive,base,FC26
256782,Technical,base,FC26
256786,Precision Header,base,FC26
256788,Intercept,base,FC26
256790,Gamechanger,base,FC26
256790,Incisive Pass,base,FC26
256790,Inventive,base,FC26
256790,Low Driven Shot,base,FC26
256790,Precision Header,base,FC26
256790,Trickster,base,FC26
256790,Technical,plus,FC26
256791,Press Proven,base,FC26
256791,Relentless,base,FC26
256800,Relentless,base,FC26
256849,Finesse Shot,base,FC26
256853,First Touch,base,FC26
256853,Incisive Pass,base,FC26
256853,Inventive,base,FC26
256853,Power Shot,base,FC26
256853,Technical,base,FC26
256856,Slide Tackle,base,FC26
256874,Aerial Fortress,base,FC26
256874,Enforcer,base,FC26
256874,Intercept,base,FC26
256885,Power Shot,base,FC26
256887,Whipped Pass,base,FC26
256890,Technical,base,FC26
256892,Intercept,base,FC26
256892,Long Ball Pass,base,FC26
256898,Slide Tackle,base,FC26
256902,Finesse Shot,base,FC26
256903,Aerial Fortress,base,FC26
256903,Finesse Shot,base,FC26
256903,Low Driven Shot,base,FC26
256903,Precision Header,base,FC26
256903,Press Proven,base,FC26
256933,Finesse Shot,base,FC26
256933,Inventive,base,FC26
256933,Long Ball Pass,base,FC26
256933,Quick Step,base,FC26
256933,Technical,base,FC26
256933,Trickster,base,FC26
256934,Slide Tackle,base,FC26
256938,Far Reach,base,FC26
256938,Footwork,base,FC26
256938,Long Ball Pass,base,FC26
256942,Aerial Fortress,base,FC26
256942,Block,base,FC26
256942,Bruiser,base,FC26
256942,Relentless,base,FC26
256948,Finesse Shot,base,FC26
256948,Incisive Pass,base,FC26
256948,Low Driven Shot,base,FC26
256948,Quick Step,base,FC26
256948,Rapid,base,FC26
256949,Incisive Pass,base,FC26
256949,Technical,base,FC26
256952,Long Throw,base,FC26
256953,Cross Claimer,base,FC26
256953,Footwork,base,FC26
256958,Dead Ball,base,FC26
256958,Tiki Taka,base,FC26
256970,Technical,base,FC26
256980,First Touch,base,FC26
256980,Low Driven Shot,base,FC26
256980,Technical,base,FC26
257005,Block,base,FC26
257005,Jockey,base,FC26
257007,Finesse Shot,base,FC26
257007,Gamechanger,base,FC26
257009,Quick Step,base,FC26
257009,Rapid,base,FC26
257025,Rapid,base,FC26
257054,Slide Tackle,base,FC26
257057,Aerial Fortress,base,FC26
257057,Enforcer,base,FC26
257057,Precision Header,base,FC26
257057,Press Proven,base,FC26
257057,Slide Tackle,base,FC26
257063,Trickster,base,FC26
257067,Long Ball Pass,base,FC26
257068,Rapid,base,FC26
257072,Intercept,base,FC26
257072,Jockey,base,FC26
257073,Rapid,base,FC26
257075,Incisive Pass,base,FC26
257075,Low Driven Shot,base,FC26
257075,Relentless,base,FC26
257075,Technical,base,FC26
257084,Press Proven,base,FC26
257091,Press Proven,base,FC26
257104,Finesse Shot,base,FC26
257111,Precision Header,base,FC26
257111,Technical,base,FC26
257112,Intercept,base,FC26
257112,Low Driven Shot,base,FC26
257112,Quick Step,base,FC26
257112,Rapid,base,FC26
257118,Incisive Pass,base,FC26
257118,Inventive,base,FC26
257118,Long Ball Pass,base,FC26
257118,Quick Step,base,FC26
257118,Relentless,base,FC26
257118,Technical,base,FC26
257136,Rapid,base,FC26
257144,Acrobatic,base,FC26
257144,Low Driven Shot,base,FC26
257144,Precision Header,base,FC26
257147,Aerial Fortress,base,FC26
257147,Block,base,FC26
257147,Bruiser,base,FC26
257147,Jockey,base,FC26
257147,Long Ball Pass,base,FC26
257147,Precision Header,base,FC26
257147,Long Throw,plus,FC26
257153,Rapid,base,FC26
257167,Precision Header,base,FC26
257167,Slide Tackle,base,FC26
257179,Jockey,base,FC26
257179,Long Ball Pass,base,FC26
257179,Pinged Pass,base,FC26
257183,Anticipate,base,FC26
257185,Long Ball Pass,base,FC26
257185,Whipped Pass,base,FC26
257186,Long Ball Pass,base,FC26
257186,Relentless,base,FC26
257188,Technical,base,FC26
257191,Aerial Fortress,base,FC26
257191,Bruiser,base,FC26
257191,Intercept,base,FC26
257191,Power Shot,base,FC26
257191,Relentless,base,FC26
257191,Slide Tackle,base,FC26
257194,Precision Header,base,FC26
257204,Anticipate,base,FC26
257208,Inventive,base,FC26
257208,Technical,base,FC26
257236,Aerial Fortress,base,FC26
257236,Enforcer,base,FC26
257236,Precision Header,base,FC26
257253,Aerial Fortress,base,FC26
257253,Block,base,FC26
257253,Intercept,base,FC26
257253,Precision Header,base,FC26
257259,Incisive Pass,base,FC26
257259,Tiki Taka,base,FC26
257264,Chip Shot,base,FC26
257265,Rapid,base,FC26
257265,Slide Tackle,base,FC26
257273,Footwork,base,FC26
257278,Aerial Fortress,base,FC26
257278,Precision Header,base,FC26
257279,Dead Ball,base,FC26
257279,First Touch,base,FC26
257279,Incisive Pass,base,FC26
257279,Inventive,base,FC26
257279,Long Ball Pass,base,FC26
257279,Technical,base,FC26
257279,Tiki Taka,base,FC26
257283,Block,base,FC26
257283,Jockey,base,FC26
257283,Slide Tackle,base,FC26
257289,Chip Shot,base,FC26
257289,Finesse Shot,base,FC26
257289,Technical,base,FC26
257290,Rapid,base,FC26
257290,Whipped Pass,base,FC26
257291,Precision Header,base,FC26
257306,Whipped Pass,base,FC26
257307,Inventive,base,FC26
257314,Gamechanger,base,FC26
257314,Rapid,base,FC26
257319,Quick Step,base,FC26
257319,Rapid,base,FC26
257320,Precision Header,base,FC26
257326,Precision Header,base,FC26
257326,Technical,base,FC26
257330,Low Driven Shot,base,FC26
257332,Long Throw,base,FC26
257332,Rapid,base,FC26
257338,Finesse Shot,base,FC26
257339,Aerial Fortress,base,FC26
257345,Technical,base,FC26
257346,Anticipate,base,FC26
257348,Aerial Fortress,base,FC26
257353,Jockey,base,FC26
257353,Technical,base,FC26
257368,Jockey,base,FC26
257400,Incisive Pass,base,FC26
257437,Long Ball Pass,base,FC26
257438,Gamechanger,base,FC26
257470,Enforcer,base,FC26
257470,Low Driven Shot,base,FC26
257470,Quick Step,base,FC26
257470,Rapid,base,FC26
257473,Gamechanger,base,FC26
257473,Quick Step,base,FC26
257490,Slide Tackle,base,FC26
257490,Whipped Pass,base,FC26
257502,Anticipate,base,FC26
257502,Long Ball Pass,base,FC26
257502,Slide Tackle,base,FC26
257502,Whipped Pass,base,FC26
257504,Inventive,base,FC26
257504,Long Ball Pass,base,FC26
257504,Technical,base,FC26
257508,Intercept,base,FC26
257508,Long Ball Pass,base,FC26
257508,Long Throw,base,FC26
257518,Quick Step,base,FC26
257518,Rapid,base,FC26
257533,Anticipate,base,FC26
257534,Finesse Shot,base,FC26
257534,First Touch,base,FC26
257534,Gamechanger,base,FC26
257534,Incisive Pass,base,FC26
257534,Low Driven Shot,base,FC26
257534,Technical,base,FC26
257534,Inventive,plus,FC26
257536,Bruiser,base,FC26
257540,Quick Step,base,FC26
257540,Rapid,base,FC26
257568,Cross Claimer,base,FC26
257568,Footwork,base,FC26
257611,Rapid,base,FC26
257649,Aerial Fortress,base,FC26
257649,Block,base,FC26
257649,Intercept,base,FC26
257649,Long Ball Pass,base,FC26
257649,Precision Header,base,FC26
257692,Power Shot,base,FC26
257692,Technical,base,FC26
257703,Precision Header,base,FC26
257711,Long Ball Pass,base,FC26
257713,Whipped Pass,base,FC26
257722,Long Throw,base,FC26
257725,Jockey,base,FC26
257725,Long Throw,base,FC26
257771,Anticipate,base,FC26
257771,Dead Ball,base,FC26
257771,Relentless,base,FC26
257771,Whipped Pass,base,FC26
257776,Intercept,base,FC26
257776,Rapid,base,FC26
257779,Block,base,FC26
257779,Jockey,base,FC26
257803,Precision Header,base,FC26
257803,Technical,base,FC26
257804,Slide Tackle,base,FC26
257809,Technical,base,FC26
257821,Rapid,base,FC26
257831,Technical,base,FC26
257866,Technical,base,FC26
257872,Dead Ball,base,FC26
257873,Block,base,FC26
257873,Jockey,base,FC26
257876,Anticipate,base,FC26
257876,Press Proven,base,FC26
257877,Rapid,base,FC26
257886,Technical,base,FC26
257889,Bruiser,base,FC26
257890,Relentless,base,FC26
257896,Slide Tackle,base,FC26
257899,First Touch,base,FC26
257899,Incisive Pass,base,FC26
257899,Inventive,base,FC26
257914,Footwork,base,FC26
257917,Slide Tackle,base,FC26
257919,Incisive Pass,base,FC26
257919,Intercept,base,FC26
257919,Jockey,base,FC26
257919,Press Proven,base,FC26
257919,Relentless,base,FC26
257946,Anticipate,base,FC26
257946,Block,base,FC26
257946,Long Throw,base,FC26
257956,Dead Ball,base,FC26
257972,Aerial Fortress,base,FC26
257978,Press Proven,base,FC26
257980,Gamechanger,base,FC26
257980,Incisive Pass,base,FC26
257980,Quick Step,base,FC26
257980,Rapid,base,FC26
258015,Chip Shot,base,FC26
258015,Finesse Shot,base,FC26
258015,First Touch,base,FC26
258015,Technical,base,FC26
258036,Long Throw,base,FC26
258041,Rapid,base,FC26
258050,Aerial Fortress,base,FC26
258050,Intercept,base,FC26
258090,Rapid,base,FC26
258093,Inventive,base,FC26
258093,Rapid,base,FC26
258122,Jockey,base,FC26
258139,Inventive,base,FC26
258139,Technical,base,FC26
258165,Rapid,base,FC26
258167,Long Ball Pass,base,FC26
258168,Anticipate,base,FC26
258196,Technical,base,FC26
258227,Rapid,base,FC26
258230,Bruiser,base,FC26
258230,Technical,base,FC26
258239,Rush Out,base,FC26
258271,Technical,base,FC26
258276,Long Ball Pass,base,FC26
258276,Slide Tackle,base,FC26
258276,Whipped Pass,base,FC26
258308,Quick Step,base,FC26
258315,Jockey,base,FC26
258316,Finesse Shot,base,FC26
258316,Rapid,base,FC26
258325,Jockey,base,FC26
258360,Bruiser,base,FC26
258371,Quick Step,base,FC26
258371,Relentless,base,FC26
258378,Technical,base,FC26
258389,Rapid,base,FC26
258396,Jockey,base,FC26
258410,Slide Tackle,base,FC26
258412,Anticipate,base,FC26
258412,Intercept,base,FC26
258437,Enforcer,base,FC26
258437,Gamechanger,base,FC26
258437,Low Driven Shot,base,FC26
258444,Low Driven Shot,base,FC26
258444,Precision Header,base,FC26
258444,Rapid,base,FC26
258464,Block,base,FC26
258464,Slide Tackle,base,FC26
258466,Cross Claimer,base,FC26
258468,Jockey,base,FC26
258475,Incisive Pass,base,FC26
258477,Block,base,FC26
258477,Slide Tackle,base,FC26
258483,Press Proven,base,FC26
258485,Far Throw,base,FC26
258485,Footwork,base,FC26
258494,Finesse Shot,base,FC26
258494,Inventive,base,FC26
258498,Footwork,base,FC26
258517,Block,base,FC26
258528,Intercept,base,FC26
258528,Rapid,base,FC26
258528,Relentless,base,FC26
258528,Slide Tackle,base,FC26
258534,Footwork,base,FC26
258536,Rapid,base,FC26
258547,Chip Shot,base,FC26
258547,Enforcer,base,FC26
258547,Precision Header,base,FC26
258575,Block,base,FC26
258575,Bruiser,base,FC26
258575,Jockey,base,FC26
258575,Precision Header,base,FC26
258580,Finesse Shot,base,FC26
258580,Gamechanger,base,FC26
258580,Incisive Pass,base,FC26
258580,Quick Step,base,FC26
258580,Rapid,base,FC26
258580,Relentless,base,FC26
258585,Cross Claimer,base,FC26
258601,Gamechanger,base,FC26
258601,Intercept,base,FC26
258601,Inventive,base,FC26
258601,Long Ball Pass,base,FC26
258601,Relentless,base,FC26
258601,Slide Tackle,base,FC26
258601,Technical,base,FC26
258602,Rapid,base,FC26
258602,Whipped Pass,base,FC26
258604,Anticipate,base,FC26
258604,Technical,base,FC26
258608,Technical,base,FC26
258620,Enforcer,base,FC26
258648,Aerial Fortress,base,FC26
258648,Relentless,base,FC26
258667,Whipped Pass,base,FC26
258685,Finesse Shot,base,FC26
258687,Aerial Fortress,base,FC26
258687,Precision Header,base,FC26
258698,First Touch,base,FC26
258698,Gamechanger,base,FC26
258698,Inventive,base,FC26
258698,Technical,base,FC26
258710,Enforcer,base,FC26
258713,Whipped Pass,base,FC26
258714,Anticipate,base,FC26
258714,Block,base,FC26
258714,Long Throw,base,FC26
258715,Quick Step,base,FC26
258715,Rapid,base,FC26
258715,Relentless,base,FC26
258722,Quick Step,base,FC26
258722,Rapid,base,FC26
258725,Slide Tackle,base,FC26
258728,Long Ball Pass,base,FC26
258729,First Touch,base,FC26
258729,Gamechanger,base,FC26
258729,Low Driven Shot,base,FC26
258731,Technical,base,FC26
258746,Aerial Fortress,base,FC26
258746,Anticipate,base,FC26
258746,Long Throw,base,FC26
258746,Slide Tackle,base,FC26
258749,Enforcer,base,FC26
258749,Low Driven Shot,base,FC26
258749,Quick Step,base,FC26
258753,Rapid,base,FC26
258753,Whipped Pass,base,FC26
258758,Enforcer,base,FC26
258758,Technical,base,FC26
258763,Footwork,base,FC26
258766,Relentless,base,FC26
258769,Long Ball Pass,base,FC26
258771,Finesse Shot,base,FC26
258775,Incisive Pass,base,FC26
258775,Power Shot,base,FC26
258775,Technical,base,FC26
258777,Aerial Fortress,base,FC26
258777,Block,base,FC26
258777,Jockey,base,FC26
258781,Aerial Fortress,base,FC26
258781,Intercept,base,FC26
258781,Jockey,base,FC26
258781,Long Ball Pass,base,FC26
258782,Bruiser,base,FC26
258782,Intercept,base,FC26
258782,Slide Tackle,base,FC26
258786,Block,base,FC26
258786,Intercept,base,FC26
258786,Jockey,base,FC26
258806,Anticipate,base,FC26
258806,Long Ball Pass,base,FC26
258813,Whipped Pass,base,FC26
258822,Long Ball Pass,base,FC26
258822,Long Throw,base,FC26
258826,Intercept,base,FC26
258826,Jockey,base,FC26
258826,Slide Tackle,base,FC26
258843,Quick Step,base,FC26
258846,Precision Header,base,FC26
258864,Far Throw,base,FC26
258864,Rush Out,base,FC26
258880,Block,base,FC26
258880,Intercept,base,FC26
258880,Jockey,base,FC26
258880,Long Throw,base,FC26
258885,Cross Claimer,base,FC26
258885,Deflector,base,FC26
258885,Far Throw,base,FC26
258890,Power Shot,base,FC26
258890,Rapid,base,FC26
258892,Anticipate,base,FC26
258892,Incisive Pass,base,FC26
258906,Quick Step,base,FC26
258906,Rapid,base,FC26
258908,Aerial Fortress,base,FC26
258908,Long Ball Pass,base,FC26
258911,Enforcer,base,FC26
258911,Low Driven Shot,base,FC26
258911,Power Shot,base,FC26
258911,Precision Header,base,FC26
258922,Rapid,base,FC26
258923,Pinged Pass,base,FC26
258923,Power Shot,base,FC26
258924,Quick Step,base,FC26
258924,Relentless,base,FC26
258925,Rapid,base,FC26
258928,Footwork,base,FC26
258930,Rapid,base,FC26
258932,Finesse Shot,base,FC26
258932,Quick Step,base,FC26
258932,Technical,base,FC26
258942,Finesse Shot,base,FC26
258942,Technical,base,FC26
258949,Rapid,base,FC26
258966,Anticipate,base,FC26
258966,Jockey,base,FC26
258966,Relentless,base,FC26
258972,Slide Tackle,base,FC26
258976,Bruiser,base,FC26
258977,Rapid,base,FC26
258984,Incisive Pass,base,FC26
258984,Relentless,base,FC26
258984,Slide Tackle,base,FC26
259011,Quick Step,base,FC26
259027,Quick Step,base,FC26
259031,Enforcer,base,FC26
259031,Power Shot,base,FC26
259043,Long Ball Pass,base,FC26
259043,Rapid,base,FC26
259043,Slide Tackle,base,FC26
259053,Bruiser,base,FC26
259066,Long Ball Pass,base,FC26
259074,Block,base,FC26
259074,Bruiser,base,FC26
259074,Intercept,base,FC26
259074,Long Ball Pass,base,FC26
259075,Inventive,base,FC26
259075,Quick Step,base,FC26
259075,Technical,base,FC26
259075,Whipped Pass,base,FC26
259082,Aerial Fortress,base,FC26
259082,Anticipate,base,FC26
259082,Block,base,FC26
259082,Bruiser,base,FC26
259082,Jockey,base,FC26
259082,Long Ball Pass,base,FC26
259091,Relentless,base,FC26
259101,Anticipate,base,FC26
259101,Jockey,base,FC26
259101,Relentless,base,FC26
259103,Bruiser,base,FC26
259105,Precision Header,base,FC26
259107,Enforcer,base,FC26
259107,Precision Header,base,FC26
259114,Power Shot,base,FC26
259119,Bruiser,base,FC26
259128,Rapid,base,FC26
259128,Relentless,base,FC26
259128,Slide Tackle,base,FC26
259130,Low Driven Shot,base,FC26
259134,Aerial Fortress,base,FC26
259139,Technical,base,FC26
259147,Long Throw,base,FC26
259150,Jockey,base,FC26
259150,Slide Tackle,base,FC26
259163,Intercept,base,FC26
259163,Jockey,base,FC26
259163,Slide Tackle,base,FC26
259173,Long Ball Pass,base,FC26
259175,Aerial Fortress,base,FC26
259175,Intercept,base,FC26
259176,Rapid,base,FC26
259185,Finesse Shot,base,FC26
259185,Precision Header,base,FC26
259190,Aerial Fortress,base,FC26
259190,Bruiser,base,FC26
259190,Long Ball Pass,base,FC26
259190,Press Proven,base,FC26
259191,Finesse Shot,base,FC26
259191,Gamechanger,base,FC26
259191,Technical,base,FC26
259192,Enforcer,base,FC26
259192,Precision Header,base,FC26
259197,Gamechanger,base,FC26
259197,Low Driven Shot,base,FC26
259197,Technical,base,FC26
259209,Chip Shot,base,FC26
259209,Finesse Shot,base,FC26
259215,Intercept,base,FC26
259233,Technical,base,FC26
259234,Aerial Fortress,base,FC26
259240,First Touch,base,FC26
259240,Press Proven,base,FC26
259240,Slide Tackle,base,FC26
259245,Anticipate,base,FC26
259245,Relentless,base,FC26
259245,Technical,base,FC26
259249,Technical,base,FC26
259251,Bruiser,base,FC26
259251,Precision Header,base,FC26
259261,Slide Tackle,base,FC26
259268,Rapid,base,FC26
259272,Long Throw,base,FC26
259273,Footwork,base,FC26
259288,Chip Shot,base,FC26
259288,Rapid,base,FC26
259290,Press Proven,base,FC26
259292,Aerial Fortress,base,FC26
259298,Block,base,FC26
259298,Long Ball Pass,base,FC26
259298,Slide Tackle,base,FC26
259299,Bruiser,base,FC26
259299,Jockey,base,FC26
259300,Block,base,FC26
259306,Dead Ball,base,FC26
259306,First Touch,base,FC26
259306,Incisive Pass,base,FC26
259306,Long Ball Pass,base,FC26
259306,Whipped Pass,base,FC26
259307,Block,base,FC26
259307,Jockey,base,FC26
259307,Rapid,base,FC26
259307,Slide Tackle,base,FC26
259316,Tiki Taka,base,FC26
259331,Precision Header,base,FC26
259340,Intercept,base,FC26
259340,Relentless,base,FC26
259349,Intercept,base,FC26
259356,First Touch,base,FC26
259356,Incisive Pass,base,FC26
259356,Technical,base,FC26
259362,Footwork,base,FC26
259377,Rapid,base,FC26
259389,Slide Tackle,base,FC26
259399,Quick Step,base,FC26
259399,Rapid,base,FC26
259410,Jockey,base,FC26
259410,Relentless,base,FC26
259410,Slide Tackle,base,FC26
259422,Gamechanger,base,FC26
259422,Technical,base,FC26
259423,Precision Header,base,FC26
259423,Press Proven,base,FC26
259426,Finesse Shot,base,FC26
259426,Rapid,base,FC26
259427,Precision Header,base,FC26
259442,Intercept,base,FC26
259453,Anticipate,base,FC26
259453,Jockey,base,FC26
259453,Long Ball Pass,base,FC26
259453,Relentless,base,FC26
259475,Technical,base,FC26
259478,Intercept,base,FC26
259480,Gamechanger,base,FC26
259480,Press Proven,base,FC26
259500,Rapid,base,FC26
259507,Finesse Shot,base,FC26
259516,Aerial Fortress,base,FC26
259516,Intercept,base,FC26
259516,Precision Header,base,FC26
259524,Precision Header,base,FC26
259532,Cross Claimer,base,FC26
259563,Incisive Pass,base,FC26
259563,Inventive,base,FC26
259563,Rapid,base,FC26
259565,Finesse Shot,base,FC26
259565,Gamechanger,base,FC26
259569,Anticipate,base,FC26
259569,Slide Tackle,base,FC26
259579,Precision Header,base,FC26
259581,Slide Tackle,base,FC26
259582,Press Proven,base,FC26
259583,Block,base,FC26
259583,Quick Step,base,FC26
259583,Whipped Pass,base,FC26
259584,Aerial Fortress,base,FC26
259584,Whipped Pass,base,FC26
259586,Aerial Fortress,base,FC26
259586,Long Throw,base,FC26
259596,Footwork,base,FC26
259608,Finesse Shot,base,FC26
259627,Quick Step,base,FC26
259627,Rapid,base,FC26
259629,Finesse Shot,base,FC26
259633,First Touch,base,FC26
259633,Incisive Pass,base,FC26
259633,Trickster,base,FC26
259643,Technical,base,FC26
259646,Far Throw,base,FC26
259655,Block,base,FC26
259657,Anticipate,base,FC26
259657,Jockey,base,FC26
259657,Long Ball Pass,base,FC26
259673,Block,base,FC26
259675,Relentless,base,FC26
259677,Dead Ball,base,FC26
259677,First Touch,base,FC26
259677,Pinged Pass,base,FC26
259690,Aerial Fortress,base,FC26
259690,Intercept,base,FC26
259694,Bruiser,base,FC26
259694,Long Ball Pass,base,FC26
259694,Long Throw,base,FC26
259714,Rapid,base,FC26
259714,Slide Tackle,base,FC26
259716,Relentless,base,FC26
259718,Far Throw,base,FC26
259718,Footwork,base,FC26
259723,Bruiser,base,FC26
259723,Jockey,base,FC26
259723,Slide Tackle,base,FC26
259726,Gamechanger,base,FC26
259727,Precision Header,base,FC26
259730,Long Ball Pass,base,FC26
259748,Intercept,base,FC26
259750,Enforcer,base,FC26
259752,Chip Shot,base,FC26
259752,Enforcer,base,FC26
259754,Intercept,base,FC26
259754,Jockey,base,FC26
259754,Rapid,base,FC26
259762,Block,base,FC26
259762,Power Shot,base,FC26
259763,Block,base,FC26
259763,Long Ball Pass,base,FC26
259767,Intercept,base,FC26
259786,Rapid,base,FC26
259788,Block,base,FC26
259788,Bruiser,base,FC26
259788,Slide Tackle,base,FC26
259789,Inventive,base,FC26
259789,Technical,base,FC26
259790,First Touch,base,FC26
259790,Quick Step,base,FC26
259790,Rapid,base,FC26
259790,Trickster,base,FC26
259797,Dead Ball,base,FC26
259816,Rapid,base,FC26
259834,Power Shot,base,FC26
259843,Aerial Fortress,base,FC26
259843,Precision Header,base,FC26
259854,Anticipate,base,FC26
259855,Gamechanger,base,FC26
259869,Long Throw,base,FC26
259874,Long Ball Pass,base,FC26
259904,Deflector,base,FC26
259904,Far Reach,base,FC26
259913,First Touch,base,FC26
259913,Incisive Pass,base,FC26
259913,Quick Step,base,FC26
259916,Anticipate,base,FC26
259916,Block,base,FC26
259920,Jockey,base,FC26
259921,Bruiser,base,FC26
259921,Enforcer,base,FC26
259921,Relentless,base,FC26
259923,Aerial Fortress,base,FC26
259923,Bruiser,base,FC26
259923,Relentless,base,FC26
259930,Far Throw,base,FC26
259930,Footwork,base,FC26
260001,Intercept,base,FC26
260004,Rapid,base,FC26
260014,Press Proven,base,FC26
260020,Power Shot,base,FC26
260020,Rapid,base,FC26
260030,Low Driven Shot,base,FC26
260030,Precision Header,base,FC26
260076,Anticipate,base,FC26
260076,Bruiser,base,FC26
260076,Dead Ball,base,FC26
260076,Intercept,base,FC26
260076,Press Proven,base,FC26
260076,Relentless,base,FC26
260078,Jockey,base,FC26
260078,Slide Tackle,base,FC26
260078,Whipped Pass,base,FC26
260099,Block,base,FC26
260135,Anticipate,base,FC26
260135,Jockey,base,FC26
260141,Inventive,base,FC26
260141,Relentless,base,FC26
260142,Slide Tackle,base,FC26
260144,Slide Tackle,base,FC26
260145,Gamechanger,base,FC26
260145,Low Driven Shot,base,FC26
260147,Anticipate,base,FC26
260147,Intercept,base,FC26
260156,Footwork,base,FC26
260159,Bruiser,base,FC26
260162,Incisive Pass,base,FC26
260162,Technical,base,FC26
260178,Block,base,FC26
260178,Intercept,base,FC26
260178,Long Throw,base,FC26
260186,Long Ball Pass,base,FC26
260193,Low Driven Shot,base,FC26
260194,Far Reach,base,FC26
260204,Intercept,base,FC26
260228,Quick Step,base,FC26
260228,Rapid,base,FC26
260236,Quick Step,base,FC26
260247,Enforcer,base,FC26
260247,Incisive Pass,base,FC26
260247,Technical,base,FC26
260264,Rapid,base,FC26
260272,Anticipate,base,FC26
260272,First Touch,base,FC26
260272,Inventive,base,FC26
260272,Press Proven,base,FC26
260290,Acrobatic,base,FC26
260290,Aerial Fortress,base,FC26
260336,Rapid,base,FC26
260344,Finesse Shot,base,FC26
260344,Gamechanger,base,FC26
260344,Inventive,base,FC26
260369,Press Proven,base,FC26
260379,Technical,base,FC26
260383,Anticipate,base,FC26
260386,Enforcer,base,FC26
260395,Incisive Pass,base,FC26
260396,Precision Header,base,FC26
260397,Technical,base,FC26
260404,Block,base,FC26
260404,Intercept,base,FC26
260404,Jockey,base,FC26
260405,Aerial Fortress,base,FC26
260405,Slide Tackle,base,FC26
260407,Acrobatic,base,FC26
260407,Quick Step,base,FC26
260407,Technical,base,FC26
260436,Long Ball Pass,base,FC26
260436,Power Shot,base,FC26
260443,Rapid,base,FC26
260463,Rapid,base,FC26
260466,Aerial Fortress,base,FC26
260466,Jockey,base,FC26
260466,Slide Tackle,base,FC26
260473,Rapid,base,FC26
260474,Bruiser,base,FC26
260474,Incisive Pass,base,FC26
260474,Jockey,base,FC26
260474,Long Ball Pass,base,FC26
260474,Relentless,base,FC26
260478,Inventive,base,FC26
260478,Technical,base,FC26
260478,Whipped Pass,base,FC26
260485,Rapid,base,FC26
260492,Finesse Shot,base,FC26
260492,Quick Step,base,FC26
260492,Rapid,base,FC26
260501,Relentless,base,FC26
260520,Rapid,base,FC26
260521,Rapid,base,FC26
260558,Technical,base,FC26
260561,Long Ball Pass,base,FC26
260570,Dead Ball,base,FC26
260570,Long Ball Pass,base,FC26
260570,Press Proven,base,FC26
260586,Long Ball Pass,base,FC26
260592,Acrobatic,base,FC26
260592,Aerial Fortress,base,FC26
260592,Gamechanger,base,FC26
260592,Power Shot,base,FC26
260592,Precision Header,base,FC26
260592,Technical,base,FC26
260593,Aerial Fortress,base,FC26
260593,Bruiser,base,FC26
260593,Technical,base,FC26
260599,Aerial Fortress,base,FC26
260599,Block,base,FC26
260599,Dead Ball,base,FC26
260599,Incisive Pass,base,FC26
260599,Press Proven,base,FC26
260599,Slide Tackle,base,FC26
260601,Technical,base,FC26
260601,Trickster,base,FC26
260617,Jockey,base,FC26
260617,Long Ball Pass,base,FC26
260638,Long Ball Pass,base,FC26
260645,Technical,base,FC26
260651,Gamechanger,base,FC26
260651,Low Driven Shot,base,FC26
260651,Quick Step,base,FC26
260651,Technical,base,FC26
260683,Anticipate,base,FC26
260683,Long Throw,base,FC26
260692,Long Ball Pass,base,FC26
260697,Anticipate,base,FC26
260697,Long Ball Pass,base,FC26
260723,Precision Header,base,FC26
260728,Enforcer,base,FC26
260739,Rapid,base,FC26
260772,Rapid,base,FC26
260779,Technical,base,FC26
260813,Dead Ball,base,FC26
260813,Long Ball Pass,base,FC26
260813,Relentless,base,FC26
260815,Jockey,base,FC26
260815,Whipped Pass,base,FC26
260818,Anticipate,base,FC26
260818,Bruiser,base,FC26
260818,Long Throw,base,FC26
260823,Inventive,base,FC26
260823,Press Proven,base,FC26
260825,Finesse Shot,base,FC26
260826,Technical,base,FC26
260843,Precision Header,base,FC26
260843,Technical,base,FC26
260876,Aerial Fortress,base,FC26
260876,Pinged Pass,base,FC26
260876,Power Shot,base,FC26
260876,Whipped Pass,base,FC26
260877,Low Driven Shot,base,FC26
260881,Slide Tackle,base,FC26
260896,Enforcer,base,FC26
260908,Rapid,base,FC26
260908,Slide Tackle,base,FC26
260908,Whipped Pass,base,FC26
260910,Technical,base,FC26
260918,Cross Claimer,base,FC26
260925,Gamechanger,base,FC26
260925,Inventive,base,FC26
260925,Technical,base,FC26
260926,Aerial Fortress,base,FC26
260926,Chip Shot,base,FC26
260926,Long Throw,base,FC26
260926,Precision Header,base,FC26
260926,Quick Step,base,FC26
260926,Rapid,base,FC26
260930,Long Throw,base,FC26
260931,Intercept,base,FC26
260931,Long Ball Pass,base,FC26
260931,Press Proven,base,FC26
260933,Cross Claimer,base,FC26
260941,Finesse Shot,base,FC26
260952,Finesse Shot,base,FC26
260952,Technical,base,FC26
260972,Inventive,base,FC26
260972,Quick Step,base,FC26
260972,Technical,base,FC26
260972,Trickster,base,FC26
260982,Footwork,base,FC26
260990,Technical,base,FC26
261004,Finesse Shot,base,FC26
261004,Rapid,base,FC26
261004,Whipped Pass,base,FC26
261011,Technical,base,FC26
261014,Rush Out,base,FC26
261015,Gamechanger,base,FC26
261015,Inventive,base,FC26
261015,Low Driven Shot,base,FC26
261015,Quick Step,base,FC26
261025,Technical,base,FC26
261028,Precision Header,base,FC26
261035,Quick Step,base,FC26
261035,Technical,base,FC26
261050,Finesse Shot,base,FC26
261050,Quick Step,base,FC26
261050,Technical,base,FC26
261062,Aerial Fortress,base,FC26
261062,Anticipate,base,FC26
261062,Block,base,FC26
261062,Precision Header,base,FC26
261063,Tiki Taka,base,FC26
261063,Whipped Pass,base,FC26
261082,First Touch,base,FC26
261082,Technical,base,FC26
261084,Rapid,base,FC26
261097,Block,base,FC26
261097,Bruiser,base,FC26
261097,Slide Tackle,base,FC26
261098,Slide Tackle,base,FC26
261105,Acrobatic,base,FC26
261105,Power Shot,base,FC26
261108,Incisive Pass,base,FC26
261108,Relentless,base,FC26
261115,Enforcer,base,FC26
261115,Power Shot,base,FC26
261115,Precision Header,base,FC26
261115,Press Proven,base,FC26
261122,Whipped Pass,base,FC26
261128,Aerial Fortress,base,FC26
261128,Intercept,base,FC26
261128,Long Ball Pass,base,FC26
261143,Dead Ball,base,FC26
261143,Power Shot,base,FC26
261143,Whipped Pass,base,FC26
261144,Footwork,base,FC26
261145,Rapid,base,FC26
261153,Whipped Pass,base,FC26
261161,Precision Header,base,FC26
261182,Intercept,base,FC26
261188,Technical,base,FC26
261195,First Touch,base,FC26
261204,Gamechanger,base,FC26
261204,Technical,base,FC26
261224,Whipped Pass,base,FC26
261244,Inventive,base,FC26
261245,Rapid,base,FC26
261249,Technical,base,FC26
261262,Anticipate,base,FC26
261262,Jockey,base,FC26
261276,Intercept,base,FC26
261276,Rapid,base,FC26
261281,Bruiser,base,FC26
261283,Low Driven Shot,base,FC26
261283,Rapid,base,FC26
261295,Aerial Fortress,base,FC26
261298,Intercept,base,FC26
261304,Technical,base,FC26
261307,Finesse Shot,base,FC26
261307,Technical,base,FC26
261312,Aerial Fortress,base,FC26
261312,Block,base,FC26
261312,Bruiser,base,FC26
261312,Whipped Pass,base,FC26
261313,Block,base,FC26
261313,Quick Step,base,FC26
261313,Rapid,base,FC26
261313,Whipped Pass,base,FC26
261335,Technical,base,FC26
261336,Gamechanger,base,FC26
261336,Technical,base,FC26
261374,Long Ball Pass,base,FC26
261386,Long Ball Pass,base,FC26
261386,Pinged Pass,base,FC26
261390,Inventive,base,FC26
261400,Slide Tackle,base,FC26
261422,Block,base,FC26
261422,Jockey,base,FC26
261422,Long Ball Pass,base,FC26
261432,Enforcer,base,FC26
261438,Aerial Fortress,base,FC26
261444,Quick Step,base,FC26
261478,Acrobatic,base,FC26
261490,Aerial Fortress,base,FC26
261490,Enforcer,base,FC26
261504,Slide Tackle,base,FC26
261512,Intercept,base,FC26
261528,Technical,base,FC26
261530,Block,base,FC26
261530,Bruiser,base,FC26
261582,Enforcer,base,FC26
261614,Aerial Fortress,base,FC26
261616,Whipped Pass,base,FC26
261639,Rapid,base,FC26
261648,Dead Ball,base,FC26
261648,Incisive Pass,base,FC26
261648,Power Shot,base,FC26
261648,Press Proven,base,FC26
261652,Slide Tackle,base,FC26
261653,Enforcer,base,FC26
261659,Bruiser,base,FC26
261659,Intercept,base,FC26
261677,Technical,base,FC26
261687,Cross Claimer,base,FC26
261732,Rapid,base,FC26
261737,Aerial Fortress,base,FC26
261737,Intercept,base,FC26
261737,Long Ball Pass,base,FC26
261753,Rapid,base,FC26
261758,Gamechanger,base,FC26
261758,Precision Header,base,FC26
261758,Press Proven,base,FC26
261769,Long Throw,base,FC26
261776,Intercept,base,FC26
261776,Relentless,base,FC26
261815,Technical,base,FC26
261865,Low Driven Shot,base,FC26
261872,Technical,base,FC26
261875,Relentless,base,FC26
261875,Slide Tackle,base,FC26
261880,Technical,base,FC26
261946,Technical,base,FC26
261987,Intercept,base,FC26
261991,Relentless,base,FC26
262024,Anticipate,base,FC26
262024,Quick Step,base,FC26
262025,Slide Tackle,base,FC26
262027,Block,base,FC26
262039,Low Driven Shot,base,FC26
262039,Quick Step,base,FC26
262042,Anticipate,base,FC26
262042,Jockey,base,FC26
262048,Block,base,FC26
262056,Cross Claimer,base,FC26
262057,Rapid,base,FC26
262072,Inventive,base,FC26
262082,Press Proven,base,FC26
262088,Incisive Pass,base,FC26
262088,Technical,base,FC26
262091,Jockey,base,FC26
262100,Anticipate,base,FC26
262105,Quick Step,base,FC26
262105,Technical,base,FC26
262105,Trickster,base,FC26
262109,Slide Tackle,base,FC26
262113,Rapid,base,FC26
262117,Rapid,base,FC26
262118,Jockey,base,FC26
262119,Anticipate,base,FC26
262119,Precision Header,base,FC26
262135,Rapid,base,FC26
262135,Relentless,base,FC26
262137,Press Proven,base,FC26
262151,Anticipate,base,FC26
262151,Bruiser,base,FC26
262151,Long Ball Pass,base,FC26
262151,Press Proven,base,FC26
262160,Bruiser,base,FC26
262170,Enforcer,base,FC26
262171,Relentless,base,FC26
262171,Slide Tackle,base,FC26
262216,Whipped Pass,base,FC26
262217,Quick Step,base,FC26
262217,Rapid,base,FC26
262218,First Touch,base,FC26
262218,Tiki Taka,base,FC26
262221,Inventive,base,FC26
262224,Anticipate,base,FC26
262224,Jockey,base,FC26
262236,Long Ball Pass,base,FC26
262237,Intercept,base,FC26
262240,Technical,base,FC26
262255,Rapid,base,FC26
262265,Far Reach,base,FC26
262265,Footwork,base,FC26
262295,Footwork,base,FC26
262298,Far Throw,base,FC26
262298,Footwork,base,FC26
262298,Long Ball Pass,base,FC26
262311,Block,base,FC26
262311,Long Throw,base,FC26
262311,Whipped Pass,base,FC26
262314,Enforcer,base,FC26
262314,Gamechanger,base,FC26
262314,Low Driven Shot,base,FC26
262334,Anticipate,base,FC26
262334,Press Proven,base,FC26
262335,Quick Step,base,FC26
262339,Aerial Fortress,base,FC26
262361,Tiki Taka,base,FC26
262383,Dead Ball,base,FC26
262394,Block,base,FC26
262394,Long Ball Pass,base,FC26
262396,Block,base,FC26
262402,Anticipate,base,FC26
262402,Intercept,base,FC26
262403,Dead Ball,base,FC26
262403,Finesse Shot,base,FC26
262403,Long Ball Pass,base,FC26
262404,Long Ball Pass,base,FC26
262411,Relentless,base,FC26
262411,Slide Tackle,base,FC26
262414,Technical,base,FC26
262416,Rapid,base,FC26
262423,Aerial Fortress,base,FC26
262423,Intercept,base,FC26
262430,Technical,base,FC26
262434,Cross Claimer,base,FC26
262443,Long Ball Pass,base,FC26
262447,Enforcer,base,FC26
262465,Bruiser,base,FC26
262473,Whipped Pass,base,FC26
262474,Bruiser,base,FC26
262479,Anticipate,base,FC26
262479,Jockey,base,FC26
262479,Rapid,base,FC26
262479,Relentless,base,FC26
262480,Finesse Shot,base,FC26
262480,Technical,base,FC26
262498,Long Throw,base,FC26
262498,Whipped Pass,base,FC26
262501,Aerial Fortress,base,FC26
262501,Intercept,base,FC26
262513,Precision Header,base,FC26
262514,Acrobatic,base,FC26
262514,Precision Header,base,FC26
262525,Technical,base,FC26
262534,Bruiser,base,FC26
262537,Technical,base,FC26
262538,Incisive Pass,base,FC26
262538,Low Driven Shot,base,FC26
262538,Technical,base,FC26
262539,Finesse Shot,base,FC26
262539,Technical,base,FC26
262566,Intercept,base,FC26
262581,Aerial Fortress,base,FC26
262585,Technical,base,FC26
262593,Technical,base,FC26
262593,Whipped Pass,base,FC26
262597,Block,base,FC26
262604,Finesse Shot,base,FC26
262604,Gamechanger,base,FC26
262607,Long Throw,base,FC26
262607,Slide Tackle,base,FC26
262620,Technical,base,FC26
262621,Cross Claimer,base,FC26
262621,Far Throw,base,FC26
262621,Footwork,base,FC26
262635,Aerial Fortress,base,FC26
262635,Block,base,FC26
262635,Intercept,base,FC26
262642,Incisive Pass,base,FC26
262642,Technical,base,FC26
262644,Rapid,base,FC26
262657,Gamechanger,base,FC26
262659,Far Reach,base,FC26
262659,Footwork,base,FC26
262664,Aerial Fortress,base,FC26
262664,Anticipate,base,FC26
262664,Jockey,base,FC26
262664,Long Ball Pass,base,FC26
262666,Anticipate,base,FC26
262667,Anticipate,base,FC26
262667,Incisive Pass,base,FC26
262667,Press Proven,base,FC26
262668,Rapid,base,FC26
262669,Long Ball Pass,base,FC26
262669,Press Proven,base,FC26
262669,Relentless,base,FC26
262681,Aerial Fortress,base,FC26
262685,Power Shot,base,FC26
262713,Relentless,base,FC26
262713,Whipped Pass,base,FC26
262721,Finesse Shot,base,FC26
262721,Power Shot,base,FC26
262721,Rapid,base,FC26
262728,Finesse Shot,base,FC26
262738,Long Ball Pass,base,FC26
262740,Technical,base,FC26
262744,Enforcer,base,FC26
262745,Aerial Fortress,base,FC26
262745,Intercept,base,FC26
262748,Gamechanger,base,FC26
262754,Precision Header,base,FC26
262790,Block,base,FC26
262790,Long Ball Pass,base,FC26
262790,Relentless,base,FC26
262794,Jockey,base,FC26
262800,Finesse Shot,base,FC26
262815,Rapid,base,FC26
262825,Long Throw,base,FC26
262831,Chip Shot,base,FC26
262840,Bruiser,base,FC26
262842,Finesse Shot,base,FC26
262842,First Touch,base,FC26
262842,Incisive Pass,base,FC26
262842,Inventive,base,FC26
262842,Technical,base,FC26
262844,Technical,base,FC26
262859,Block,base,FC26
262860,Finesse Shot,base,FC26
262860,Power Shot,base,FC26
262860,Rapid,base,FC26
262862,Cross Claimer,base,FC26
262862,Far Throw,base,FC26
262862,Footwork,base,FC26
262862,Long Ball Pass,base,FC26
262863,Inventive,base,FC26
262863,Quick Step,base,FC26
262863,Technical,base,FC26
262865,Footwork,base,FC26
262869,Aerial Fortress,base,FC26
262869,Block,base,FC26
262869,Intercept,base,FC26
262869,Slide Tackle,base,FC26
262879,Technical,base,FC26
262880,Bruiser,base,FC26
262881,Block,base,FC26
262881,Enforcer,base,FC26
262881,First Touch,base,FC26
262881,Press Proven,base,FC26
262881,Relentless,base,FC26
262889,Block,base,FC26
262898,Technical,base,FC26
262902,Bruiser,base,FC26
262902,Incisive Pass,base,FC26
262902,Relentless,base,FC26
262902,Slide Tackle,base,FC26
262903,Block,base,FC26
262925,Anticipate,base,FC26
262925,Inventive,base,FC26
262925,Long Ball Pass,base,FC26
262925,Press Proven,base,FC26
262925,Relentless,base,FC26
262925,Tiki Taka,base,FC26
262925,Whipped Pass,base,FC26
262929,Aerial Fortress,base,FC26
262929,Press Proven,base,FC26
262929,Slide Tackle,base,FC26
262930,Technical,base,FC26
262937,Anticipate,base,FC26
262937,Jockey,base,FC26
262937,Rapid,base,FC26
262937,Whipped Pass,base,FC26
262938,Intercept,base,FC26
262938,Long Ball Pass,base,FC26
262940,Slide Tackle,base,FC26
262954,Technical,base,FC26
262955,Aerial Fortress,base,FC26
262955,Anticipate,base,FC26
262955,Block,base,FC26
262955,Intercept,base,FC26
262955,Long Ball Pass,base,FC26
262956,Footwork,base,FC26
262968,Quick Step,base,FC26
262968,Long Throw,plus,FC26
262978,Technical,base,FC26
262984,Rapid,base,FC26
262989,Cross Claimer,base,FC26
263006,Intercept,base,FC26
263020,Block,base,FC26
263020,Bruiser,base,FC26
263020,Long Ball Pass,base,FC26
263021,Aerial Fortress,base,FC26
263022,Anticipate,base,FC26
263025,Incisive Pass,base,FC26
263029,Aerial Fortress,base,FC26
263029,Long Ball Pass,base,FC26
263029,Precision Header,base,FC26
263034,Aerial Fortress,base,FC26
263034,Bruiser,base,FC26
263041,Incisive Pass,base,FC26
263041,Power Shot,base,FC26
263056,Quick Step,base,FC26
263056,Rapid,base,FC26
263059,Aerial Fortress,base,FC26
263059,Intercept,base,FC26
263061,Long Throw,base,FC26
263061,Quick Step,base,FC26
263061,Slide Tackle,base,FC26
263063,Cross Claimer,base,FC26
263063,Far Throw,base,FC26
263063,Footwork,base,FC26
263063,Long Ball Pass,base,FC26
263065,Bruiser,base,FC26
263065,Dead Ball,base,FC26
263065,Incisive Pass,base,FC26
263068,Rapid,base,FC26
263077,Block,base,FC26
263077,Long Ball Pass,base,FC26
263098,Technical,base,FC26
263099,Slide Tackle,base,FC26
263107,Finesse Shot,base,FC26
263110,Low Driven Shot,base,FC26
263116,Far Throw,base,FC26
263131,Aerial Fortress,base,FC26
263131,Anticipate,base,FC26
263133,Rapid,base,FC26
263139,Far Throw,base,FC26
263147,Technical,base,FC26
263153,Rapid,base,FC26
263192,Low Driven Shot,base,FC26
263192,Precision Header,base,FC26
263193,Pinged Pass,base,FC26
263194,Gamechanger,base,FC26
263194,Inventive,base,FC26
263194,Technical,base,FC26
263204,Cross Claimer,base,FC26
263204,Far Throw,base,FC26
263205,Aerial Fortress,base,FC26
263205,Bruiser,base,FC26
263205,Enforcer,base,FC26
263205,Low Driven Shot,base,FC26
263205,Quick Step,base,FC26
263205,Rapid,base,FC26
263205,Relentless,base,FC26
263208,Gamechanger,base,FC26
263208,Rapid,base,FC26
263214,Cross Claimer,base,FC26
263214,Footwork,base,FC26
263224,Quick Step,base,FC26
263228,Rapid,base,FC26
263229,Enforcer,base,FC26
263229,Precision Header,base,FC26
263230,Enforcer,base,FC26
263245,Technical,base,FC26
263255,Intercept,base,FC26
263255,Whipped Pass,base,FC26
263262,Long Ball Pass,base,FC26
263268,Technical,base,FC26
263268,Whipped Pass,base,FC26
263273,Anticipate,base,FC26
263273,Long Ball Pass,base,FC26
263279,Dead Ball,base,FC26
263310,Technical,base,FC26
263312,Technical,base,FC26
263339,Far Throw,base,FC26
263343,Dead Ball,base,FC26
263343,Inventive,base,FC26
263343,Low Driven Shot,base,FC26
263343,Technical,base,FC26
263344,Block,base,FC26
263364,Incisive Pass,base,FC26
263364,Long Ball Pass,base,FC26
263370,Slide Tackle,base,FC26
263370,Technical,base,FC26
263371,Finesse Shot,base,FC26
263371,Long Throw,base,FC26
263377,Acrobatic,base,FC26
263377,Quick Step,base,FC26
263377,Rapid,base,FC26
263389,Rapid,base,FC26
263393,Intercept,base,FC26
263396,Block,base,FC26
263397,Gamechanger,base,FC26
263397,Low Driven Shot,base,FC26
263397,Whipped Pass,base,FC26
263404,Rapid,base,FC26
263411,Technical,base,FC26
263421,Rapid,base,FC26
263434,Aerial Fortress,base,FC26
263439,Technical,base,FC26
263453,Long Throw,base,FC26
263486,Enforcer,base,FC26
263504,Aerial Fortress,base,FC26
263509,Aerial Fortress,base,FC26
263518,Slide Tackle,base,FC26
263549,Aerial Fortress,base,FC26
263556,Aerial Fortress,base,FC26
263556,Block,base,FC26
263556,Long Ball Pass,base,FC26
263563,Rapid,base,FC26
263571,Rapid,base,FC26
263575,Slide Tackle,base,FC26
263578,Anticipate,base,FC26
263578,Jockey,base,FC26
263578,Quick Step,base,FC26
263582,Press Proven,base,FC26
263583,Aerial Fortress,base,FC26
263617,Aerial Fortress,base,FC26
263617,Long Ball Pass,base,FC26
263617,Slide Tackle,base,FC26
263620,Technical,base,FC26
263640,First Touch,base,FC26
263647,Aerial Fortress,base,FC26
263647,Block,base,FC26
263647,Bruiser,base,FC26
263647,Precision Header,base,FC26
263647,Slide Tackle,base,FC26
263649,Intercept,base,FC26
263653,Anticipate,base,FC26
263653,Block,base,FC26
263658,Aerial Fortress,base,FC26
263658,Bruiser,base,FC26
263672,Inventive,base,FC26
263672,Technical,base,FC26
263672,Trickster,base,FC26
263673,Deflector,base,FC26
263673,Footwork,base,FC26
263673,Pinged Pass,base,FC26
263676,Gamechanger,base,FC26
263677,Slide Tackle,base,FC26
263683,Aerial Fortress,base,FC26
263683,Precision Header,base,FC26
263685,Aerial Fortress,base,FC26
263685,Block,base,FC26
263693,Incisive Pass,base,FC26
263701,Technical,base,FC26
263702,Enforcer,base,FC26
263702,Precision Header,base,FC26
263725,Aerial Fortress,base,FC26
263725,Block,base,FC26
263725,Bruiser,base,FC26
263725,Slide Tackle,base,FC26
263745,Finesse Shot,base,FC26
263745,Technical,base,FC26
263761,Power Shot,base,FC26
263763,Footwork,base,FC26
263765,Press Proven,base,FC26
263773,Aerial Fortress,base,FC26
263775,Enforcer,base,FC26
263781,Intercept,base,FC26
263781,Jockey,base,FC26
263781,Technical,base,FC26
263784,Anticipate,base,FC26
263784,Intercept,base,FC26
263784,Jockey,base,FC26
263786,Aerial Fortress,base,FC26
263787,Aerial Fortress,base,FC26
263787,Pinged Pass,base,FC26
263789,Incisive Pass,base,FC26
263790,Rapid,base,FC26
263796,Slide Tackle,base,FC26
263798,Far Reach,base,FC26
263798,Footwork,base,FC26
263808,Intercept,base,FC26
263808,Whipped Pass,base,FC26
263815,Whipped Pass,base,FC26
263828,Finesse Shot,base,FC26
263828,Quick Step,base,FC26
263828,Rapid,base,FC26
263837,Rapid,base,FC26
263840,Technical,base,FC26
263841,Anticipate,base,FC26
263844,Precision Header,base,FC26
263845,Jockey,base,FC26
263845,Long Ball Pass,base,FC26
263851,Long Ball Pass,base,FC26
263853,Precision Header,base,FC26
263853,Relentless,base,FC26
263854,Rapid,base,FC26
263861,Gamechanger,base,FC26
263861,Technical,base,FC26
263874,Long Ball Pass,base,FC26
263880,Cross Claimer,base,FC26
263883,Precision Header,base,FC26
263883,Technical,base,FC26
263884,Slide Tackle,base,FC26
263887,Cross Claimer,base,FC26
263887,Footwork,base,FC26
263897,Aerial Fortress,base,FC26
263897,Anticipate,base,FC26
263897,Intercept,base,FC26
263914,Aerial Fortress,base,FC26
263914,Block,base,FC26
263914,Bruiser,base,FC26
263914,Intercept,base,FC26
263914,Long Ball Pass,base,FC26
263914,Slide Tackle,base,FC26
263920,Cross Claimer,base,FC26
263920,Footwork,base,FC26
263923,Block,base,FC26
263941,Precision Header,base,FC26
263941,Rapid,base,FC26
263947,Technical,base,FC26
263951,Slide Tackle,base,FC26
263955,Technical,base,FC26
263968,Aerial Fortress,base,FC26
263975,Low Driven Shot,base,FC26
263975,Technical,base,FC26
263976,Footwork,base,FC26
264000,Aerial Fortress,base,FC26
264000,Intercept,base,FC26
264001,Finesse Shot,base,FC26
264001,Gamechanger,base,FC26
264001,Technical,base,FC26
264001,Whipped Pass,base,FC26
264009,Press Proven,base,FC26
264009,Quick Step,base,FC26
264009,Whipped Pass,base,FC26
264010,Quick Step,base,FC26
264010,Rapid,base,FC26
264033,Anticipate,base,FC26
264039,Technical,base,FC26
264044,Bruiser,base,FC26
264044,Intercept,base,FC26
264070,Block,base,FC26
264070,Long Ball Pass,base,FC26
264072,Gamechanger,base,FC26
264072,Technical,base,FC26
264103,Aerial Fortress,base,FC26
264103,Long Ball Pass,base,FC26
264139,Anticipate,base,FC26
264139,Intercept,base,FC26
264139,Long Ball Pass,base,FC26
264159,Inventive,base,FC26
264159,Technical,base,FC26
264160,Aerial Fortress,base,FC26
264168,Press Proven,base,FC26
264172,Intercept,base,FC26
264176,Finesse Shot,base,FC26
264176,Inventive,base,FC26
264191,Aerial Fortress,base,FC26
264191,Long Ball Pass,base,FC26
264194,Rapid,base,FC26
264196,Rapid,base,FC26
264200,Incisive Pass,base,FC26
264201,Finesse Shot,base,FC26
264201,Technical,base,FC26
264205,Rapid,base,FC26
264214,Incisive Pass,base,FC26
264214,Long Ball Pass,base,FC26
264215,Aerial Fortress,base,FC26
264219,Quick Step,base,FC26
264219,Rapid,base,FC26
264219,Slide Tackle,base,FC26
264220,Intercept,base,FC26
264238,Low Driven Shot,base,FC26
264238,Rapid,base,FC26
264240,Press Proven,base,FC26
264240,Relentless,base,FC26
264240,Slide Tackle,base,FC26
264240,Tiki Taka,base,FC26
264248,Rapid,base,FC26
264263,Quick Step,base,FC26
264269,Block,base,FC26
264269,Long Throw,base,FC26
264272,Technical,base,FC26
264280,Rapid,base,FC26
264284,Precision Header,base,FC26
264286,Rapid,base,FC26
264286,Relentless,base,FC26
264288,Anticipate,base,FC26
264288,Block,base,FC26
264293,Technical,base,FC26
264297,Jockey,base,FC26
264297,Whipped Pass,base,FC26
264298,Relentless,base,FC26
264299,Jockey,base,FC26
264309,Finesse Shot,base,FC26
264309,Incisive Pass,base,FC26
264309,Inventive,base,FC26
264309,Technical,base,FC26
264309,Whipped Pass,base,FC26
264323,Aerial Fortress,base,FC26
264323,Precision Header,base,FC26
264324,Dead Ball,base,FC26
264330,Long Ball Pass,base,FC26
264330,Technical,base,FC26
264337,Acrobatic,plus,FC26
264348,Power Shot,base,FC26
264348,Quick Step,base,FC26
264348,Rapid,base,FC26
264349,First Touch,base,FC26
264349,Technical,base,FC26
264362,Intercept,base,FC26
264362,Precision Header,base,FC26
264365,Aerial Fortress,base,FC26
264365,Intercept,base,FC26
264377,Anticipate,base,FC26
264377,Jockey,base,FC26
264388,First Touch,base,FC26
264388,Incisive Pass,base,FC26
264388,Technical,base,FC26
264408,Slide Tackle,base,FC26
264409,Quick Step,base,FC26
264409,Rapid,base,FC26
264412,Jockey,base,FC26
264416,Rapid,base,FC26
264416,Slide Tackle,base,FC26
264422,Gamechanger,base,FC26
264432,Gamechanger,base,FC26
264432,Inventive,base,FC26
264432,Technical,base,FC26
264436,Technical,base,FC26
264437,Block,base,FC26
264437,Intercept,base,FC26
264437,Long Throw,base,FC26
264437,Slide Tackle,base,FC26
264440,First Touch,base,FC26
264440,Jockey,base,FC26
264440,Technical,base,FC26
264442,Long Ball Pass,base,FC26
264449,Intercept,base,FC26
264450,Technical,base,FC26
264452,First Touch,base,FC26
264452,Relentless,base,FC26
264452,Technical,base,FC26
264453,Block,base,FC26
264453,Slide Tackle,base,FC26
264480,Aerial Fortress,base,FC26
264480,Long Ball Pass,base,FC26
264486,Block,base,FC26
264486,Long Throw,base,FC26
264492,Inventive,base,FC26
264492,Low Driven Shot,base,FC26
264492,Press Proven,base,FC26
264492,Whipped Pass,base,FC26
264493,Long Throw,base,FC26
264502,Anticipate,base,FC26
264502,Bruiser,base,FC26
264502,Jockey,base,FC26
264516,Rapid,base,FC26
264579,Aerial Fortress,base,FC26
264579,Slide Tackle,base,FC26
264584,Quick Step,base,FC26
264599,Technical,base,FC26
264633,Quick Step,base,FC26
264633,Technical,base,FC26
264652,Finesse Shot,base,FC26
264652,Gamechanger,base,FC26
264652,Rapid,base,FC26
264677,Finesse Shot,base,FC26
264695,Aerial Fortress,base,FC26
264695,Intercept,base,FC26
264697,Acrobatic,base,FC26
264697,Chip Shot,base,FC26
264697,Gamechanger,base,FC26
264697,Quick Step,base,FC26
264697,Rapid,base,FC26
264699,Incisive Pass,base,FC26
264699,Tiki Taka,base,FC26
264701,Finesse Shot,base,FC26
264705,Precision Header,base,FC26
264711,Anticipate,base,FC26
264711,Slide Tackle,base,FC26
264721,Technical,base,FC26
264721,Tiki Taka,base,FC26
264734,Slide Tackle,base,FC26
264749,Gamechanger,base,FC26
264749,Technical,base,FC26
264796,Inventive,base,FC26
264796,Press Proven,base,FC26
264796,Tiki Taka,base,FC26
264828,Aerial Fortress,base,FC26
264846,Intercept,base,FC26
264862,Inventive,base,FC26
264862,Low Driven Shot,base,FC26
264869,Inventive,base,FC26
265188,Anticipate,base,FC26
265188,Block,base,FC26
265188,Bruiser,base,FC26
265188,Intercept,base,FC26
265195,Anticipate,base,FC26
265195,Rapid,base,FC26
265390,First Touch,base,FC26
265390,Tiki Taka,base,FC26
265407,Technical,base,FC26
265422,Bruiser,base,FC26
265422,Intercept,base,FC26
265446,Anticipate,base,FC26
265446,Intercept,base,FC26
265447,Intercept,base,FC26
265447,Slide Tackle,base,FC26
265450,Finesse Shot,base,FC26
265450,Gamechanger,base,FC26
265450,Quick Step,base,FC26
265450,Technical,base,FC26
265450,Whipped Pass,base,FC26
265465,Aerial Fortress,base,FC26
265465,Bruiser,base,FC26
265465,Power Shot,base,FC26
265468,Precision Header,base,FC26
265514,Pinged Pass,base,FC26
265526,Footwork,base,FC26
265552,Precision Header,base,FC26
265552,Quick Step,base,FC26
265552,Rapid,base,FC26
265576,Long Ball Pass,base,FC26
265577,Finesse Shot,base,FC26
265600,Gamechanger,base,FC26
265600,Technical,base,FC26
265600,Trickster,base,FC26
265609,Jockey,base,FC26
265617,Rapid,base,FC26
265650,Block,base,FC26
265671,Intercept,base,FC26
265689,Finesse Shot,base,FC26
265693,Block,base,FC26
265694,Chip Shot,base,FC26
265695,Dead Ball,base,FC26
265695,Finesse Shot,base,FC26
265695,Incisive Pass,base,FC26
265695,Technical,base,FC26
265728,Enforcer,base,FC26
265735,Power Shot,base,FC26
265738,Incisive Pass,base,FC26
265738,Relentless,base,FC26
265738,Technical,base,FC26
265749,Enforcer,base,FC26
265761,Incisive Pass,base,FC26
265766,Relentless,base,FC26
265782,Cross Claimer,base,FC26
265788,Technical,base,FC26
265789,Press Proven,base,FC26
265800,Finesse Shot,base,FC26
265800,Gamechanger,base,FC26
265800,Low Driven Shot,base,FC26
265801,Precision Header,base,FC26
265812,Finesse Shot,base,FC26
265812,Inventive,base,FC26
265812,Technical,base,FC26
265829,Dead Ball,base,FC26
265829,Long Throw,base,FC26
265999,Inventive,base,FC26
265999,Technical,base,FC26
266011,Rapid,base,FC26
266032,Quick Step,base,FC26
266032,Rapid,base,FC26
266033,Slide Tackle,base,FC26
266039,Aerial Fortress,base,FC26
266039,Block,base,FC26
266039,Bruiser,base,FC26
266039,Relentless,base,FC26
266041,Quick Step,base,FC26
266041,Rapid,base,FC26
266049,Technical,base,FC26
266050,Aerial Fortress,base,FC26
266061,Relentless,base,FC26
266069,Aerial Fortress,base,FC26
266069,Anticipate,base,FC26
266069,Intercept,base,FC26
266069,Tiki Taka,base,FC26
266071,Jockey,base,FC26
266096,Jockey,base,FC26
266096,Long Ball Pass,base,FC26
266097,Finesse Shot,base,FC26
266097,Gamechanger,base,FC26
266097,Inventive,base,FC26
266097,Low Driven Shot,base,FC26
266097,Rapid,base,FC26
266099,Dead Ball,base,FC26
266100,Press Proven,base,FC26
266125,Aerial Fortress,base,FC26
266127,Block,base,FC26
266127,Press Proven,base,FC26
266127,Whipped Pass,base,FC26
266145,Rapid,base,FC26
266150,Slide Tackle,base,FC26
266158,Trickster,base,FC26
266159,Block,base,FC26
266159,Jockey,base,FC26
266159,Slide Tackle,base,FC26
266160,Intercept,base,FC26
266161,Finesse Shot,base,FC26
266170,Relentless,base,FC26
266171,Long Ball Pass,base,FC26
266180,Long Ball Pass,base,FC26
266180,Slide Tackle,base,FC26
266183,Quick Step,base,FC26
266183,Rapid,base,FC26
266209,Technical,base,FC26
266235,Low Driven Shot,base,FC26
266237,Finesse Shot,base,FC26
266237,Inventive,base,FC26
266237,Technical,base,FC26
266245,Power Shot,base,FC26
266245,Quick Step,base,FC26
266245,Rapid,base,FC26
266253,Block,base,FC26
266253,First Touch,base,FC26
266256,Enforcer,base,FC26
266256,Finesse Shot,base,FC26
266272,Technical,base,FC26
266277,Incisive Pass,base,FC26
266282,Far Throw,base,FC26
266323,Far Throw,base,FC26
266323,Long Ball Pass,base,FC26
266334,Intercept,base,FC26
266334,Long Ball Pass,base,FC26
266337,Aerial Fortress,base,FC26
266337,Block,base,FC26
266337,Bruiser,base,FC26
266337,Intercept,base,FC26
266343,Precision Header,base,FC26
266363,Dead Ball,base,FC26
266363,Whipped Pass,base,FC26
266374,Power Shot,base,FC26
266389,Deflector,base,FC26
266389,Far Throw,base,FC26
266395,Acrobatic,base,FC26
266395,Precision Header,base,FC26
266395,Rapid,base,FC26
266400,Block,base,FC26
266400,Long Ball Pass,base,FC26
266400,Slide Tackle,base,FC26
266422,First Touch,base,FC26
266422,Inventive,base,FC26
266422,Press Proven,base,FC26
266430,Technical,base,FC26
266433,Aerial Fortress,base,FC26
266433,Block,base,FC26
266433,Intercept,base,FC26
266433,Jockey,base,FC26
266436,Incisive Pass,base,FC26
266436,Inventive,base,FC26
266446,Incisive Pass,base,FC26
266448,Technical,base,FC26
266453,Technical,base,FC26
266462,Finesse Shot,base,FC26
266462,Technical,base,FC26
266486,Rapid,base,FC26
266496,Technical,base,FC26
266500,Quick Step,base,FC26
266500,Rapid,base,FC26
266502,Quick Step,base,FC26
266502,Rapid,base,FC26
266518,Technical,base,FC26
266541,Long Ball Pass,base,FC26
266543,Block,base,FC26
266554,Aerial Fortress,base,FC26
266554,Intercept,base,FC26
266554,Long Ball Pass,base,FC26
266554,Precision Header,base,FC26
266567,Aerial Fortress,base,FC26
266567,Jockey,base,FC26
266567,Long Ball Pass,base,FC26
266585,Press Proven,base,FC26
266586,Low Driven Shot,base,FC26
266606,Intercept,base,FC26
266606,Long Throw,base,FC26
266615,Technical,base,FC26
266616,Gamechanger,base,FC26
266616,Rapid,base,FC26
266624,Power Shot,base,FC26
266624,Technical,base,FC26
266629,Aerial Fortress,base,FC26
266629,Precision Header,base,FC26
266653,Slide Tackle,base,FC26
266659,Aerial Fortress,base,FC26
266659,Bruiser,base,FC26
266659,Intercept,base,FC26
266660,Long Ball Pass,base,FC26
266667,Rapid,base,FC26
266681,Intercept,base,FC26
266681,Long Ball Pass,base,FC26
266699,Aerial Fortress,base,FC26
266725,Precision Header,base,FC26
266728,Low Driven Shot,base,FC26
266728,Precision Header,base,FC26
266740,Slide Tackle,base,FC26
266751,Intercept,base,FC26
266751,Long Ball Pass,base,FC26
266751,Relentless,base,FC26
266751,Tiki Taka,base,FC26
266756,Inventive,base,FC26
266756,Technical,base,FC26
266774,Technical,base,FC26
266789,Anticipate,base,FC26
266789,Intercept,base,FC26
266789,Long Ball Pass,base,FC26
266792,Aerial Fortress,base,FC26
266792,Intercept,base,FC26
266792,Precision Header,base,FC26
266797,Bruiser,base,FC26
266797,Jockey,base,FC26
266803,Cross Claimer,base,FC26
266805,Aerial Fortress,base,FC26
266805,Intercept,base,FC26
266815,Quick Step,base,FC26
266828,Rapid,base,FC26
266852,Rapid,base,FC26
266866,Aerial Fortress,base,FC26
266866,Anticipate,base,FC26
266866,Incisive Pass,base,FC26
266866,Intercept,base,FC26
266866,Long Ball Pass,base,FC26
266866,Precision Header,base,FC26
266866,Relentless,base,FC26
266867,Dead Ball,base,FC26
266867,Finesse Shot,base,FC26
266867,Relentless,base,FC26
266867,Whipped Pass,base,FC26
266872,Bruiser,base,FC26
266872,Slide Tackle,base,FC26
266895,Acrobatic,base,FC26
266895,Precision Header,base,FC26
266897,Gamechanger,base,FC26
266897,Incisive Pass,base,FC26
266897,Quick Step,base,FC26
266905,Finesse Shot,base,FC26
266906,Cross Claimer,base,FC26
267430,Anticipate,base,FC26
267430,Relentless,base,FC26
267446,Quick Step,base,FC26
267465,Technical,base,FC26
267467,Press Proven,base,FC26
267476,Quick Step,base,FC26
267481,Aerial Fortress,base,FC26
267481,Press Proven,base,FC26
267485,Long Throw,base,FC26
267593,Enforcer,base,FC26
267594,Long Ball Pass,base,FC26
267594,Pinged Pass,base,FC26
267594,Press Proven,base,FC26
267594,Whipped Pass,base,FC26
267628,Rapid,base,FC26
267632,Rapid,base,FC26
267680,Gamechanger,base,FC26
267680,Power Shot,base,FC26
267680,Technical,base,FC26
267681,Aerial Fortress,base,FC26
267685,Aerial Fortress,base,FC26
267685,Precision Header,base,FC26
267702,Intercept,base,FC26
267720,Bruiser,base,FC26
267720,Slide Tackle,base,FC26
267736,Cross Claimer,base,FC26
267784,Rapid,base,FC26
267787,Cross Claimer,base,FC26
267787,Far Throw,base,FC26
267796,Technical,base,FC26
267825,Precision Header,base,FC26
267831,Bruiser,base,FC26
267831,Intercept,base,FC26
267831,Slide Tackle,base,FC26
267847,Rapid,base,FC26
267860,Aerial Fortress,base,FC26
267860,Block,base,FC26
267860,Intercept,base,FC26
267860,Long Ball Pass,base,FC26
267862,Jockey,base,FC26
267866,Technical,base,FC26
267894,Block,base,FC26
267894,Intercept,base,FC26
267899,Trickster,base,FC26
267931,Aerial Fortress,base,FC26
267942,Rapid,base,FC26
267973,Dead Ball,base,FC26
267973,Incisive Pass,base,FC26
267973,Inventive,base,FC26
267974,Acrobatic,base,FC26
267974,Enforcer,base,FC26
267974,First Touch,base,FC26
267974,Gamechanger,base,FC26
267974,Power Shot,base,FC26
267974,Precision Header,base,FC26
268067,Long Throw,base,FC26
268081,Incisive Pass,base,FC26
268116,Long Throw,base,FC26
268116,Whipped Pass,base,FC26
268131,Jockey,base,FC26
268131,Long Ball Pass,base,FC26
268286,Incisive Pass,base,FC26
268286,Pinged Pass,base,FC26
268286,Press Proven,base,FC26
268300,Enforcer,base,FC26
268313,Aerial Fortress,base,FC26
268313,Enforcer,base,FC26
268313,Gamechanger,base,FC26
268313,Precision Header,base,FC26
268313,Rapid,base,FC26
268330,Rapid,base,FC26
268375,Long Ball Pass,base,FC26
268401,Anticipate,base,FC26
268421,Finesse Shot,base,FC26
268428,Cross Claimer,base,FC26
268429,Intercept,base,FC26
268435,Chip Shot,base,FC26
268436,Technical,base,FC26
268438,Acrobatic,base,FC26
268438,Finesse Shot,base,FC26
268438,Quick Step,base,FC26
268438,Technical,base,FC26
268443,Technical,base,FC26
268450,Slide Tackle,base,FC26
268462,Jockey,base,FC26
268462,Relentless,base,FC26
268464,Precision Header,base,FC26
268468,Long Ball Pass,base,FC26
268474,Aerial Fortress,base,FC26
268474,Power Shot,base,FC26
268474,Precision Header,base,FC26
268474,Press Proven,base,FC26
268483,Enforcer,base,FC26
268504,Technical,base,FC26
268506,Long Throw,base,FC26
268527,Precision Header,base,FC26
268529,Technical,base,FC26
268534,Rapid,base,FC26
268536,Aerial Fortress,base,FC26
268536,Long Throw,base,FC26
268544,Deflector,base,FC26
268544,Far Reach,base,FC26
268561,Technical,base,FC26
268573,Aerial Fortress,base,FC26
268573,Long Ball Pass,base,FC26
268573,Precision Header,base,FC26
268581,Finesse Shot,base,FC26
268581,Power Shot,base,FC26
268583,Footwork,base,FC26
268597,Enforcer,base,FC26
268597,Precision Header,base,FC26
268621,Jockey,base,FC26
268656,Whipped Pass,base,FC26
268683,Precision Header,base,FC26
268728,First Touch,base,FC26
268732,Slide Tackle,base,FC26
268737,Inventive,base,FC26
268747,Enforcer,base,FC26
268751,Slide Tackle,base,FC26
268753,Aerial Fortress,base,FC26
268754,Aerial Fortress,base,FC26
268754,Anticipate,base,FC26
268754,Block,base,FC26
268754,Bruiser,base,FC26
268754,Intercept,base,FC26
268754,Long Ball Pass,base,FC26
268754,Precision Header,base,FC26
268756,Dead Ball,base,FC26
268756,Finesse Shot,base,FC26
268756,Incisive Pass,base,FC26
268756,Whipped Pass,base,FC26
268759,Aerial Fortress,base,FC26
268759,Precision Header,base,FC26
268760,Aerial Fortress,base,FC26
268760,Finesse Shot,base,FC26
268760,Incisive Pass,base,FC26
268762,Block,base,FC26
268763,Gamechanger,base,FC26
268763,Quick Step,base,FC26
268763,Rapid,base,FC26
268790,Jockey,base,FC26
268804,Jockey,base,FC26
268804,Long Ball Pass,base,FC26
268868,Technical,base,FC26
268875,Footwork,base,FC26
268886,Chip Shot,base,FC26
268889,Long Ball Pass,base,FC26
268889,Relentless,base,FC26
268895,Pinged Pass,base,FC26
268895,Relentless,base,FC26
268896,Intercept,base,FC26
268896,Pinged Pass,base,FC26
268896,Press Proven,base,FC26
268896,Relentless,base,FC26
268896,Tiki Taka,base,FC26
268913,Aerial Fortress,base,FC26
268916,Inventive,base,FC26
268916,Technical,base,FC26
268927,Technical,base,FC26
269003,Precision Header,base,FC26
269005,Technical,base,FC26
269027,Quick Step,base,FC26
269027,Rapid,base,FC26
269089,Intercept,base,FC26
269093,Block,base,FC26
269096,Footwork,base,FC26
269116,Incisive Pass,base,FC26
269120,Block,base,FC26
269120,Jockey,base,FC26
269127,Cross Claimer,base,FC26
269136,Finesse Shot,base,FC26
269136,Press Proven,base,FC26
269153,Whipped Pass,base,FC26
269156,Anticipate,base,FC26
269156,Dead Ball,base,FC26
269156,Long Ball Pass,base,FC26
269156,Relentless,base,FC26
269156,Slide Tackle,base,FC26
269159,Technical,base,FC26
269181,Aerial Fortress,base,FC26
269181,Intercept,base,FC26
269182,Technical,base,FC26
269228,Long Ball Pass,base,FC26
269246,Aerial Fortress,base,FC26
269246,Long Ball Pass,base,FC26
269248,Intercept,base,FC26
269256,Gamechanger,base,FC26
269256,Power Shot,base,FC26
269264,Low Driven Shot,base,FC26
269269,Far Throw,base,FC26
269269,Footwork,base,FC26
269276,Gamechanger,base,FC26
269292,Inventive,base,FC26
269292,Quick Step,base,FC26
269292,Technical,base,FC26
269292,Trickster,base,FC26
269301,Footwork,base,FC26
269305,Aerial Fortress,base,FC26
269305,Anticipate,base,FC26
269305,Intercept,base,FC26
269307,Intercept,base,FC26
269307,Long Ball Pass,base,FC26
269310,Technical,base,FC26
269314,Aerial Fortress,base,FC26
269314,Block,base,FC26
269314,Intercept,base,FC26
269314,Jockey,base,FC26
269314,Long Ball Pass,base,FC26
269314,Long Throw,base,FC26
269314,Precision Header,base,FC26
269315,Aerial Fortress,base,FC26
269315,Anticipate,base,FC26
269315,Block,base,FC26
269315,Intercept,base,FC26
269315,Long Ball Pass,base,FC26
269318,Incisive Pass,base,FC26
269318,Low Driven Shot,base,FC26
269329,Precision Header,base,FC26
269385,Rapid,base,FC26
269400,Dead Ball,base,FC26
269402,Precision Header,base,FC26
269411,Aerial Fortress,base,FC26
269411,Bruiser,base,FC26
269411,Long Ball Pass,base,FC26
269412,Whipped Pass,base,FC26
269414,Precision Header,base,FC26
269420,Dead Ball,base,FC26
269420,Relentless,base,FC26
269429,Long Throw,base,FC26
269434,Far Throw,base,FC26
269434,Footwork,base,FC26
269456,Finesse Shot,base,FC26
269471,Dead Ball,base,FC26
269471,Relentless,base,FC26
269472,Enforcer,base,FC26
269476,Quick Step,base,FC26
269484,Technical,base,FC26
269493,Aerial Fortress,base,FC26
269493,Anticipate,base,FC26
269493,Block,base,FC26
269493,Intercept,base,FC26
269495,Technical,base,FC26
269506,Relentless,base,FC26
269507,Aerial Fortress,base,FC26
269507,Bruiser,base,FC26
269509,Rapid,base,FC26
269509,Relentless,base,FC26
269509,Whipped Pass,base,FC26
269511,Deflector,base,FC26
269512,Technical,base,FC26
269513,Aerial Fortress,base,FC26
269520,Slide Tackle,base,FC26
269530,Long Ball Pass,base,FC26
269562,Rapid,base,FC26
269565,Block,base,FC26
269565,Jockey,base,FC26
269579,Intercept,base,FC26
269579,Jockey,base,FC26
269599,Technical,base,FC26
269604,Bruiser,base,FC26
269604,Dead Ball,base,FC26
269604,Intercept,base,FC26
269604,Jockey,base,FC26
269616,Aerial Fortress,base,FC26
269622,Long Ball Pass,base,FC26
269622,Press Proven,base,FC26
269626,Footwork,base,FC26
269632,Dead Ball,base,FC26
269632,Power Shot,base,FC26
269638,Press Proven,base,FC26
269638,Tiki Taka,base,FC26
269639,Chip Shot,base,FC26
269639,Low Driven Shot,base,FC26
269641,Far Throw,base,FC26
269682,Block,base,FC26
269683,Long Throw,base,FC26
269694,Cross Claimer,base,FC26
269694,Footwork,base,FC26
269701,Anticipate,base,FC26
269701,Inventive,base,FC26
269701,Slide Tackle,base,FC26
269705,Gamechanger,base,FC26
269705,Technical,base,FC26
269728,Technical,base,FC26
269739,Long Throw,base,FC26
269744,Rapid,base,FC26
269752,Footwork,base,FC26
269752,Rush Out,base,FC26
269758,Technical,base,FC26
269795,Far Throw,base,FC26
269823,Technical,base,FC26
269825,Long Throw,base,FC26
269836,Bruiser,base,FC26
269836,Slide Tackle,base,FC26
269859,Anticipate,base,FC26
269859,Block,base,FC26
269866,Anticipate,base,FC26
269866,Jockey,base,FC26
269866,Long Ball Pass,base,FC26
269888,Rapid,base,FC26
269899,Precision Header,base,FC26
269912,Anticipate,base,FC26
269912,Block,base,FC26
269912,Jockey,base,FC26
269915,Technical,base,FC26
269940,Jockey,base,FC26
269950,Technical,base,FC26
269953,Finesse Shot,base,FC26
269955,Footwork,base,FC26
269956,Whipped Pass,base,FC26
269962,Intercept,base,FC26
269962,Long Ball Pass,base,FC26
269964,Gamechanger,base,FC26
269964,Technical,base,FC26
269964,Whipped Pass,base,FC26
269996,Anticipate,base,FC26
270008,Dead Ball,base,FC26
270008,Inventive,base,FC26
270008,Trickster,base,FC26
270013,Dead Ball,base,FC26
270013,Whipped Pass,base,FC26
270014,Aerial Fortress,base,FC26
270014,Dead Ball,base,FC26
270014,Inventive,base,FC26
270014,Long Ball Pass,base,FC26
270014,Technical,base,FC26
270017,Dead Ball,base,FC26
270017,Technical,base,FC26
270034,Long Ball Pass,base,FC26
270037,Incisive Pass,base,FC26
270038,Footwork,base,FC26
270038,Long Ball Pass,base,FC26
270038,Rush Out,base,FC26
270039,Gamechanger,base,FC26
270039,Rapid,base,FC26
270039,Relentless,base,FC26
270046,Long Throw,base,FC26
270046,Relentless,base,FC26
270060,Far Throw,base,FC26
270068,Technical,base,FC26
270068,Whipped Pass,base,FC26
270072,Rapid,base,FC26
270072,Relentless,base,FC26
270073,Inventive,base,FC26
270073,Technical,base,FC26
270077,Jockey,base,FC26
270084,Anticipate,base,FC26
270084,Jockey,base,FC26
270084,Whipped Pass,base,FC26
270086,Block,base,FC26
270086,Long Ball Pass,base,FC26
270107,Quick Step,base,FC26
270107,Rapid,base,FC26
270107,Whipped Pass,base,FC26
270109,Technical,base,FC26
270111,Aerial Fortress,base,FC26
270111,Press Proven,base,FC26
270116,Aerial Fortress,base,FC26
270116,Block,base,FC26
270116,Long Ball Pass,base,FC26
270133,Press Proven,base,FC26
270136,Anticipate,base,FC26
270203,Aerial Fortress,base,FC26
270203,Low Driven Shot,base,FC26
270209,Press Proven,base,FC26
270328,Finesse Shot,base,FC26
270338,Block,base,FC26
270355,Long Ball Pass,base,FC26
270363,Aerial Fortress,base,FC26
270363,Intercept,base,FC26
270363,Long Ball Pass,base,FC26
270368,Aerial Fortress,base,FC26
270368,Quick Step,base,FC26
270379,Finesse Shot,base,FC26
270379,Quick Step,base,FC26
270379,Technical,base,FC26
270398,Enforcer,base,FC26
270399,Press Proven,base,FC26
270403,Finesse Shot,base,FC26
270403,First Touch,base,FC26
270403,Intercept,base,FC26
270409,First Touch,base,FC26
270409,Inventive,base,FC26
270409,Technical,base,FC26
270409,Whipped Pass,base,FC26
270415,Long Throw,base,FC26
270461,Anticipate,base,FC26
270463,Far Throw,base,FC26
270465,Inventive,base,FC26
270465,Technical,base,FC26
270491,Long Ball Pass,base,FC26
270512,Aerial Fortress,base,FC26
270512,Anticipate,base,FC26
270512,Intercept,base,FC26
270512,Long Ball Pass,base,FC26
270512,Pinged Pass,base,FC26
270517,Technical,base,FC26
270529,Footwork,base,FC26
270531,Aerial Fortress,base,FC26
270531,Block,base,FC26
270531,Bruiser,base,FC26
270531,Jockey,base,FC26
270531,Long Ball Pass,base,FC26
270531,Precision Header,base,FC26
270535,Technical,base,FC26
270538,Press Proven,base,FC26
270554,Long Ball Pass,base,FC26
270571,Dead Ball,base,FC26
270571,Incisive Pass,base,FC26
270571,Inventive,base,FC26
270571,Long Ball Pass,base,FC26
270571,Power Shot,base,FC26
270578,Relentless,base,FC26
270579,Technical,base,FC26
270597,Inventive,base,FC26
270611,Finesse Shot,base,FC26
270611,Gamechanger,base,FC26
270611,Quick Step,base,FC26
270633,Aerial Fortress,base,FC26
270633,Anticipate,base,FC26
270633,Bruiser,base,FC26
270633,Intercept,base,FC26
270633,Long Ball Pass,base,FC26
270633,Precision Header,base,FC26
270658,Dead Ball,base,FC26
270658,Whipped Pass,base,FC26
270670,Finesse Shot,base,FC26
270670,Technical,base,FC26
270673,First Touch,base,FC26
270673,Press Proven,base,FC26
270673,Quick Step,base,FC26
270673,Relentless,base,FC26
270673,Tiki Taka,base,FC26
270679,Quick Step,base,FC26
270704,Rapid,base,FC26
270728,Anticipate,base,FC26
270728,Jockey,base,FC26
270729,Technical,base,FC26
270741,Low Driven Shot,base,FC26
270741,Rapid,base,FC26
270756,Footwork,base,FC26
270764,Long Ball Pass,base,FC26
270812,Incisive Pass,base,FC26
270820,Rapid,base,FC26
270846,Aerial Fortress,base,FC26
270846,Bruiser,base,FC26
270846,Long Ball Pass,base,FC26
270854,Intercept,base,FC26
270857,First Touch,base,FC26
270857,Inventive,base,FC26
270863,Incisive Pass,base,FC26
270863,Pinged Pass,base,FC26
270863,Rapid,base,FC26
270877,Technical,base,FC26
270894,Intercept,base,FC26
270894,Relentless,base,FC26
270900,Aerial Fortress,base,FC26
270900,Slide Tackle,base,FC26
270901,First Touch,base,FC26
270901,Inventive,base,FC26
270901,Press Proven,base,FC26
270913,Relentless,base,FC26
270913,Technical,base,FC26
270919,Dead Ball,base,FC26
270928,Long Throw,base,FC26
270955,Technical,base,FC26
270956,Aerial Fortress,base,FC26
270964,Finesse Shot,base,FC26
270964,Press Proven,base,FC26
270964,Slide Tackle,base,FC26
270983,Power Shot,base,FC26
270983,Press Proven,base,FC26
270996,Footwork,base,FC26
270997,Long Ball Pass,base,FC26
270999,Technical,base,FC26
271006,Slide Tackle,base,FC26
271010,Intercept,base,FC26
271028,Long Throw,base,FC26
271032,Anticipate,base,FC26
271032,Bruiser,base,FC26
271032,Intercept,base,FC26
271032,Long Ball Pass,base,FC26
271032,Press Proven,base,FC26
271032,Slide Tackle,base,FC26
271037,Technical,base,FC26
271050,Aerial Fortress,base,FC26
271050,Precision Header,base,FC26
271057,Aerial Fortress,base,FC26
271057,Incisive Pass,base,FC26
271057,Low Driven Shot,base,FC26
271066,Enforcer,base,FC26
271075,Anticipate,base,FC26
271092,Finesse Shot,base,FC26
271092,Quick Step,base,FC26
271092,Technical,base,FC26
271099,Rapid,base,FC26
271112,Cross Claimer,base,FC26
271116,Rapid,base,FC26
271118,Relentless,base,FC26
271121,Bruiser,base,FC26
271121,Incisive Pass,base,FC26
271121,Slide Tackle,base,FC26
271132,Dead Ball,base,FC26
271132,Gamechanger,base,FC26
271132,Technical,base,FC26
271132,Quick Step,plus,FC26
271139,Quick Step,base,FC26
271143,Block,base,FC26
271145,Block,base,FC26
271145,Bruiser,base,FC26
271145,Whipped Pass,base,FC26
271169,Technical,base,FC26
271172,Technical,base,FC26
271191,Far Throw,base,FC26
271191,Footwork,base,FC26
271195,Finesse Shot,base,FC26
271195,Rapid,base,FC26
271201,Aerial Fortress,base,FC26
271201,Rapid,base,FC26
271246,Inventive,base,FC26
271246,Low Driven Shot,base,FC26
271265,Technical,base,FC26
271266,Quick Step,base,FC26
271266,Whipped Pass,base,FC26
271267,Gamechanger,base,FC26
271267,Inventive,base,FC26
271272,Block,base,FC26
271272,Jockey,base,FC26
271272,Whipped Pass,base,FC26
271292,Technical,base,FC26
271293,Enforcer,base,FC26
271296,Finesse Shot,base,FC26
271296,Technical,base,FC26
271300,Block,base,FC26
271300,Pinged Pass,base,FC26
271306,Inventive,base,FC26
271320,Dead Ball,base,FC26
271320,Finesse Shot,base,FC26
271320,Low Driven Shot,base,FC26
271326,Quick Step,base,FC26
271326,Rapid,base,FC26
271333,Footwork,base,FC26
271344,Bruiser,base,FC26
271362,Bruiser,base,FC26
271362,Intercept,base,FC26
271362,Slide Tackle,base,FC26
271384,Press Proven,base,FC26
271395,Acrobatic,base,FC26
271395,Precision Header,base,FC26
271399,Aerial Fortress,base,FC26
271400,Gamechanger,base,FC26
271400,Technical,base,FC26
271400,Whipped Pass,base,FC26
271414,Jockey,base,FC26
271414,Slide Tackle,base,FC26
271417,Quick Step,base,FC26
271417,Rapid,base,FC26
271421,First Touch,base,FC26
271421,Gamechanger,base,FC26
271421,Inventive,base,FC26
271421,Press Proven,base,FC26
271421,Quick Step,base,FC26
271421,Trickster,plus,FC26
271438,Slide Tackle,base,FC26
271461,Anticipate,base,FC26
271461,Jockey,base,FC26
271464,Incisive Pass,base,FC26
271475,Intercept,base,FC26
271477,Long Ball Pass,base,FC26
271482,Technical,base,FC26
271491,Far Throw,base,FC26
271491,Footwork,base,FC26
271511,Technical,base,FC26
271522,Enforcer,base,FC26
271525,Technical,base,FC26
271526,Jockey,base,FC26
271532,Footwork,base,FC26
271533,Technical,base,FC26
271540,Slide Tackle,base,FC26
271572,Slide Tackle,base,FC26
271573,Bruiser,base,FC26
271573,Jockey,base,FC26
271573,Low Driven Shot,base,FC26
271573,Press Proven,base,FC26
271574,Block,base,FC26
271575,Finesse Shot,base,FC26
271575,Technical,base,FC26
271620,Aerial Fortress,base,FC26
271620,Precision Header,base,FC26
271626,Finesse Shot,base,FC26
271638,Intercept,base,FC26
271638,Slide Tackle,base,FC26
271658,Aerial Fortress,base,FC26
271658,Block,base,FC26
271658,Bruiser,base,FC26
271664,Rapid,base,FC26
271682,Enforcer,base,FC26
271682,Precision Header,base,FC26
271683,Aerial Fortress,base,FC26
271683,Enforcer,base,FC26
271688,Gamechanger,base,FC26
271688,Inventive,base,FC26
271688,Technical,base,FC26
271689,Finesse Shot,base,FC26
271689,Quick Step,base,FC26
271689,Rapid,base,FC26
271691,Aerial Fortress,base,FC26
271691,Block,base,FC26
271693,Rapid,base,FC26
271716,Low Driven Shot,base,FC26
271716,Technical,base,FC26
271746,Technical,base,FC26
271754,Block,base,FC26
271755,Aerial Fortress,base,FC26
271755,Precision Header,base,FC26
271800,Rapid,base,FC26
271800,Quick Step,plus,FC26
271805,Anticipate,base,FC26
271805,Block,base,FC26
271807,Finesse Shot,base,FC26
271807,Technical,base,FC26
271876,Anticipate,base,FC26
271876,Intercept,base,FC26
271916,Technical,base,FC26
271917,Long Ball Pass,base,FC26
271922,Aerial Fortress,base,FC26
271922,First Touch,base,FC26
271923,Rapid,base,FC26
271953,Gamechanger,base,FC26
271963,Slide Tackle,base,FC26
271969,Long Ball Pass,base,FC26
271969,Long Throw,base,FC26
271980,Press Proven,base,FC26
271988,Rapid,base,FC26
271993,Precision Header,base,FC26
271993,Quick Step,base,FC26
272317,Trickster,base,FC26
272322,Technical,base,FC26
272324,Bruiser,base,FC26
272324,Slide Tackle,base,FC26
272346,Precision Header,base,FC26
272357,Anticipate,base,FC26
272357,Block,base,FC26
272365,Chip Shot,base,FC26
272365,Low Driven Shot,base,FC26
272379,Technical,base,FC26
272417,Far Throw,base,FC26
272449,Aerial Fortress,base,FC26
272449,Relentless,base,FC26
272497,Long Throw,base,FC26
272500,Aerial Fortress,base,FC26
272500,Power Shot,base,FC26
272500,Technical,base,FC26
272505,Gamechanger,base,FC26
272505,Power Shot,base,FC26
272505,Quick Step,base,FC26
272505,Rapid,base,FC26
272540,Press Proven,base,FC26
272545,Low Driven Shot,base,FC26
272562,Quick Step,base,FC26
272562,Rapid,base,FC26
272566,Finesse Shot,base,FC26
272569,Gamechanger,base,FC26
272569,Trickster,base,FC26
272600,First Touch,base,FC26
272600,Press Proven,base,FC26
272603,Slide Tackle,base,FC26
272611,Technical,base,FC26
272612,First Touch,base,FC26
272612,Long Throw,base,FC26
272612,Pinged Pass,base,FC26
272612,Technical,base,FC26
272646,Cross Claimer,base,FC26
272656,Technical,base,FC26
272659,Technical,base,FC26
272668,Precision Header,base,FC26
272708,Rapid,base,FC26
272712,Dead Ball,base,FC26
272712,Low Driven Shot,base,FC26
272712,Power Shot,base,FC26
272712,Press Proven,base,FC26
272712,Whipped Pass,base,FC26
272733,Aerial Fortress,base,FC26
272733,Anticipate,base,FC26
272733,Incisive Pass,base,FC26
272733,Intercept,base,FC26
272733,Long Ball Pass,base,FC26
272733,Press Proven,base,FC26
272733,Relentless,base,FC26
272734,Quick Step,base,FC26
272734,Rapid,base,FC26
272756,Technical,base,FC26
272781,Technical,base,FC26
272808,Intercept,base,FC26
272813,Technical,base,FC26
272825,Long Ball Pass,base,FC26
272829,Technical,base,FC26
272832,Inventive,base,FC26
272832,Technical,base,FC26
272834,Aerial Fortress,base,FC26
272834,Long Ball Pass,base,FC26
272834,Relentless,base,FC26
272834,Tiki Taka,base,FC26
272834,Press Proven,plus,FC26
272835,Gamechanger,base,FC26
272835,Relentless,base,FC26
272839,Press Proven,base,FC26
272874,Dead Ball,base,FC26
272891,Long Throw,base,FC26
272895,Long Ball Pass,base,FC26
272909,Enforcer,base,FC26
272916,Acrobatic,base,FC26
272916,Aerial Fortress,base,FC26
272916,Enforcer,base,FC26
272920,Press Proven,base,FC26
272926,Press Proven,base,FC26
272927,Quick Step,base,FC26
272927,Rapid,base,FC26
272930,Slide Tackle,base,FC26
272931,Technical,base,FC26
272932,Dead Ball,base,FC26
272951,Anticipate,base,FC26
272951,First Touch,base,FC26
272951,Long Ball Pass,base,FC26
272951,Press Proven,base,FC26
272951,Relentless,base,FC26
272951,Tiki Taka,base,FC26
272957,Precision Header,base,FC26
272958,Cross Claimer,base,FC26
272958,Far Reach,base,FC26
272959,Aerial Fortress,base,FC26
272959,Intercept,base,FC26
272959,Press Proven,base,FC26
272962,Rapid,base,FC26
272967,Technical,base,FC26
272967,Whipped Pass,base,FC26
272968,Long Ball Pass,base,FC26
272968,Relentless,base,FC26
272978,Intercept,base,FC26
272978,Jockey,base,FC26
272978,Pinged Pass,base,FC26
272978,Quick Step,base,FC26
272990,Incisive Pass,base,FC26
272990,Quick Step,base,FC26
272990,Technical,base,FC26
272992,Enforcer,base,FC26
272992,Precision Header,base,FC26
273012,Long Ball Pass,base,FC26
273018,Aerial Fortress,base,FC26
273018,Precision Header,base,FC26
273018,Slide Tackle,base,FC26
273018,Tiki Taka,base,FC26
273020,Bruiser,base,FC26
273020,Precision Header,base,FC26
273027,Aerial Fortress,base,FC26
273027,Block,base,FC26
273027,Bruiser,base,FC26
273027,Precision Header,base,FC26
273028,Rapid,base,FC26
273047,Cross Claimer,base,FC26
273051,Rapid,base,FC26
273081,Anticipate,base,FC26
273082,Power Shot,base,FC26
273090,Precision Header,base,FC26
273114,Press Proven,base,FC26
273114,Whipped Pass,base,FC26
273124,Technical,base,FC26
273127,Long Throw,base,FC26
273128,Aerial Fortress,base,FC26
273128,Finesse Shot,base,FC26
273128,Rapid,base,FC26
273463,Press Proven,base,FC26
273463,Slide Tackle,base,FC26
273464,Precision Header,base,FC26
273529,Long Ball Pass,base,FC26
273530,Gamechanger,base,FC26
273533,Intercept,base,FC26
273560,Slide Tackle,base,FC26
273564,First Touch,base,FC26
273564,Power Shot,base,FC26
273593,Long Throw,base,FC26
273602,Long Ball Pass,base,FC26
273616,Inventive,base,FC26
273616,Technical,base,FC26
273621,Cross Claimer,base,FC26
273621,Footwork,base,FC26
273628,Block,base,FC26
273633,Block,base,FC26
273651,Slide Tackle,base,FC26
273652,Press Proven,base,FC26
273666,Finesse Shot,base,FC26
273666,Technical,base,FC26
273692,Long Throw,base,FC26
273694,Anticipate,base,FC26
273694,Block,base,FC26
273694,Incisive Pass,base,FC26
273694,Intercept,base,FC26
273694,Jockey,base,FC26
273694,Relentless,base,FC26
273694,Whipped Pass,base,FC26
273707,Slide Tackle,base,FC26
273731,Cross Claimer,base,FC26
273748,Precision Header,base,FC26
273748,Press Proven,base,FC26
273752,Anticipate,base,FC26
273752,Jockey,base,FC26
273764,Rapid,base,FC26
273768,Slide Tackle,base,FC26
273787,Pinged Pass,base,FC26
273787,Press Proven,base,FC26
273800,Tiki Taka,base,FC26
273840,Press Proven,base,FC26
273843,Aerial Fortress,base,FC26
273843,Precision Header,base,FC26
273843,Press Proven,base,FC26
273863,Jockey,base,FC26
273866,Rapid,base,FC26
273870,Rapid,base,FC26
273883,Aerial Fortress,base,FC26
273884,Aerial Fortress,base,FC26
273893,Anticipate,base,FC26
273893,Block,base,FC26
273906,Block,base,FC26
273913,Technical,base,FC26
273917,Rapid,base,FC26
273921,Long Ball Pass,base,FC26
273933,Long Throw,base,FC26
273952,Intercept,base,FC26
273952,Jockey,base,FC26
273962,Press Proven,base,FC26
273964,Rapid,base,FC26
273978,Quick Step,base,FC26
273978,Technical,base,FC26
273998,Cross Claimer,base,FC26
274000,Finesse Shot,base,FC26
274000,Inventive,base,FC26
274000,Tiki Taka,base,FC26
274000,Trickster,base,FC26
274010,Technical,base,FC26
274011,Anticipate,base,FC26
274011,Intercept,base,FC26
274022,Technical,base,FC26
274024,Long Ball Pass,base,FC26
274024,Slide Tackle,base,FC26
274055,Precision Header,base,FC26
274055,Slide Tackle,base,FC26
274057,Intercept,base,FC26
274057,Relentless,base,FC26
274065,Rapid,base,FC26
274093,Anticipate,base,FC26
274093,Relentless,base,FC26
274126,Technical,base,FC26
274130,Aerial Fortress,base,FC26
274130,Block,base,FC26
274130,Bruiser,base,FC26
274134,Anticipate,base,FC26
274145,Technical,base,FC26
274187,Long Ball Pass,base,FC26
274188,Enforcer,base,FC26
274191,Technical,base,FC26
274231,Quick Step,base,FC26
274264,Rapid,base,FC26
274270,Slide Tackle,base,FC26
274288,First Touch,base,FC26
274288,Gamechanger,base,FC26
274288,Incisive Pass,base,FC26
274288,Inventive,base,FC26
274288,Low Driven Shot,base,FC26
274288,Technical,base,FC26
274355,Aerial Fortress,base,FC26
274369,Slide Tackle,base,FC26
274377,Trickster,base,FC26
274390,Long Ball Pass,base,FC26
274397,Gamechanger,base,FC26
274397,Quick Step,base,FC26
274397,Rapid,base,FC26
274401,Rapid,base,FC26
274422,Block,base,FC26
274437,Enforcer,base,FC26
274439,Jockey,base,FC26
274445,Low Driven Shot,base,FC26
274445,Rapid,base,FC26
274452,Dead Ball,base,FC26
274452,Incisive Pass,base,FC26
274452,Technical,base,FC26
274463,Rapid,base,FC26
274463,Whipped Pass,base,FC26
274465,Technical,base,FC26
274472,First Touch,base,FC26
274474,Aerial Fortress,base,FC26
274516,Quick Step,base,FC26
274516,Rapid,base,FC26
274536,Block,base,FC26
274537,Anticipate,base,FC26
274554,Technical,base,FC26
274559,First Touch,base,FC26
274559,Pinged Pass,base,FC26
274559,Technical,base,FC26
274559,Trickster,base,FC26
274564,Tiki Taka,base,FC26
274665,Technical,base,FC26
274722,Anticipate,base,FC26
274722,Jockey,base,FC26
274726,Quick Step,base,FC26
274726,Rapid,base,FC26
274735,Aerial Fortress,base,FC26
274828,Gamechanger,base,FC26
274828,Incisive Pass,base,FC26
274828,Technical,base,FC26
274834,Quick Step,base,FC26
274845,Block,base,FC26
274845,Jockey,base,FC26
274845,Slide Tackle,base,FC26
274896,Technical,base,FC26
274912,Block,base,FC26
274913,Technical,base,FC26
274934,Aerial Fortress,base,FC26
274934,Long Throw,base,FC26
274977,Quick Step,base,FC26
275006,Chip Shot,base,FC26
275011,Cross Claimer,base,FC26
275029,Inventive,base,FC26
275029,Technical,base,FC26
275046,Enforcer,base,FC26
275048,Technical,base,FC26
275050,Long Throw,base,FC26
275056,Quick Step,base,FC26
275070,Bruiser,base,FC26
275070,Long Ball Pass,base,FC26
275070,Power Shot,base,FC26
275090,Enforcer,base,FC26
275126,Long Ball Pass,base,FC26
275126,Technical,base,FC26
275130,Enforcer,base,FC26
275137,Inventive,base,FC26
275138,Dead Ball,base,FC26
275138,Long Ball Pass,base,FC26
275139,Anticipate,base,FC26
275163,Jockey,base,FC26
275163,Slide Tackle,base,FC26
275192,Aerial Fortress,base,FC26
275192,Long Ball Pass,base,FC26
275192,Precision Header,base,FC26
275201,Technical,base,FC26
275209,Rapid,base,FC26
275221,Technical,base,FC26
275225,Dead Ball,base,FC26
275225,Incisive Pass,base,FC26
275233,Anticipate,base,FC26
275238,Slide Tackle,base,FC26
275274,Technical,base,FC26
275288,Rapid,base,FC26
275296,Whipped Pass,base,FC26
275298,Tiki Taka,base,FC26
275324,Finesse Shot,base,FC26
275324,Quick Step,base,FC26
275324,Rapid,base,FC26
275328,Finesse Shot,base,FC26
275328,First Touch,base,FC26
275328,Gamechanger,base,FC26
275328,Technical,base,FC26
275353,Low Driven Shot,base,FC26
275353,Quick Step,base,FC26
275353,Technical,base,FC26
275371,Aerial Fortress,base,FC26
275401,Low Driven Shot,base,FC26
275401,Precision Header,base,FC26
275411,Press Proven,base,FC26
275411,Tiki Taka,base,FC26
275436,First Touch,base,FC26
275436,Incisive Pass,base,FC26
275436,Inventive,base,FC26
275436,Technical,base,FC26
275522,Aerial Fortress,base,FC26
275522,Incisive Pass,base,FC26
275522,Intercept,base,FC26
275544,Precision Header,base,FC26
275545,Dead Ball,base,FC26
275557,Intercept,base,FC26
275592,Finesse Shot,base,FC26
275592,First Touch,base,FC26
275592,Rapid,base,FC26
275638,Incisive Pass,base,FC26
275638,Relentless,base,FC26
275682,Intercept,base,FC26
275691,Aerial Fortress,base,FC26
275691,Intercept,base,FC26
275691,Precision Header,base,FC26
275691,Technical,base,FC26
275704,Enforcer,base,FC26
275706,Power Shot,base,FC26
275763,Inventive,base,FC26
275763,Relentless,base,FC26
275785,First Touch,base,FC26
275785,Inventive,base,FC26
275856,Rush Out,base,FC26
275861,Jockey,base,FC26
275861,Slide Tackle,base,FC26
275912,Enforcer,base,FC26
275912,Low Driven Shot,base,FC26
275912,Precision Header,base,FC26
275912,Press Proven,base,FC26
275918,Aerial Fortress,base,FC26
275918,Block,base,FC26
275918,Long Ball Pass,base,FC26
275965,Incisive Pass,base,FC26
275965,Quick Step,base,FC26
275965,Rapid,base,FC26
275976,Incisive Pass,base,FC26
275976,Long Ball Pass,base,FC26
275978,Precision Header,base,FC26
275985,Intercept,base,FC26
275985,Long Ball Pass,base,FC26
275985,Precision Header,base,FC26
275985,Relentless,base,FC26
276022,Finesse Shot,base,FC26
276022,Low Driven Shot,base,FC26
276022,Quick Step,base,FC26
276022,Rapid,base,FC26
276035,First Touch,base,FC26
276035,Quick Step,base,FC26
276047,Quick Step,base,FC26
276047,Slide Tackle,base,FC26
276048,Press Proven,base,FC26
276048,Quick Step,base,FC26
276076,Relentless,base,FC26
276085,Intercept,base,FC26
276085,Long Ball Pass,base,FC26
276117,Cross Claimer,base,FC26
276119,Aerial Fortress,base,FC26
276119,Bruiser,base,FC26
276171,Power Shot,base,FC26
276173,Slide Tackle,base,FC26
276188,Long Throw,base,FC26
276189,Precision Header,base,FC26
276216,Aerial Fortress,base,FC26
276257,Precision Header,base,FC26
276258,Press Proven,base,FC26
276258,Whipped Pass,base,FC26
276278,Relentless,base,FC26
276278,Technical,base,FC26
276287,Block,base,FC26
276289,Inventive,base,FC26
276292,Long Throw,base,FC26
276295,Enforcer,base,FC26
276302,Aerial Fortress,base,FC26
276302,Anticipate,base,FC26
276302,Intercept,base,FC26
276302,Jockey,base,FC26
276305,Intercept,base,FC26
276305,Long Ball Pass,base,FC26
276311,Aerial Fortress,base,FC26
276319,Incisive Pass,base,FC26
276320,Incisive Pass,base,FC26
276320,Inventive,base,FC26
276337,Low Driven Shot,base,FC26
276342,Incisive Pass,base,FC26
276346,Precision Header,base,FC26
276352,Cross Claimer,base,FC26
276363,Enforcer,base,FC26
276363,Technical,base,FC26
276365,Press Proven,base,FC26
276367,Pinged Pass,base,FC26
276372,Technical,base,FC26
276395,Press Proven,base,FC26
276398,Long Ball Pass,base,FC26
276398,Press Proven,base,FC26
276436,Intercept,base,FC26
276438,Long Ball Pass,base,FC26
276451,Aerial Fortress,base,FC26
276451,Slide Tackle,base,FC26
276451,Technical,base,FC26
276452,Aerial Fortress,base,FC26
276544,Intercept,base,FC26
276594,Aerial Fortress,base,FC26
276594,Incisive Pass,base,FC26
276594,Intercept,base,FC26
276594,Long Ball Pass,base,FC26
276602,Inventive,base,FC26
276602,Technical,base,FC26
276610,Dead Ball,base,FC26
276610,Power Shot,base,FC26
276610,Whipped Pass,base,FC26
276616,Quick Step,base,FC26
276616,Technical,base,FC26
276625,Intercept,base,FC26
276632,Intercept,base,FC26
276634,Long Ball Pass,base,FC26
276646,Aerial Fortress,base,FC26
276646,Long Ball Pass,base,FC26
276666,Technical,base,FC26
276668,Aerial Fortress,base,FC26
276668,Intercept,base,FC26
276675,Long Ball Pass,base,FC26
276677,Bruiser,base,FC26
276694,Technical,base,FC26
276695,Aerial Fortress,base,FC26
276695,Dead Ball,base,FC26
276695,Intercept,base,FC26
276695,Jockey,base,FC26
276695,Press Proven,base,FC26
276706,Finesse Shot,base,FC26
276712,Dead Ball,base,FC26
276712,Gamechanger,base,FC26
276712,Power Shot,base,FC26
276735,Enforcer,base,FC26
276839,Cross Claimer,base,FC26
276917,Quick Step,base,FC26
276964,Jockey,base,FC26
276964,Precision Header,base,FC26
276969,Aerial Fortress,base,FC26
276969,Long Ball Pass,base,FC26
276969,Pinged Pass,base,FC26
276969,Press Proven,base,FC26
277022,Bruiser,base,FC26
277025,Intercept,base,FC26
277031,Bruiser,base,FC26
277031,Jockey,base,FC26
277069,Dead Ball,base,FC26
277069,Incisive Pass,base,FC26
277069,Whipped Pass,base,FC26
277179,Precision Header,base,FC26
277180,Long Ball Pass,base,FC26
277180,Long Throw,base,FC26
277194,Quick Step,base,FC26
277206,Aerial Fortress,base,FC26
277211,Press Proven,base,FC26
277217,Intercept,base,FC26
277217,Whipped Pass,base,FC26
277225,Aerial Fortress,base,FC26
277230,Precision Header,base,FC26
277269,Low Driven Shot,base,FC26
277272,Pinged Pass,base,FC26
277283,Dead Ball,base,FC26
277288,Aerial Fortress,base,FC26
277289,Aerial Fortress,base,FC26
277295,Technical,base,FC26
277301,Technical,base,FC26
277301,Tiki Taka,base,FC26
277305,Aerial Fortress,base,FC26
277305,Anticipate,base,FC26
277305,Jockey,base,FC26
277309,Press Proven,base,FC26
277327,Precision Header,base,FC26
277356,Long Ball Pass,base,FC26
277360,Aerial Fortress,base,FC26
277373,Finesse Shot,base,FC26
277426,Quick Step,base,FC26
277426,Rapid,base,FC26
277439,Intercept,base,FC26
277439,Power Shot,base,FC26
277465,Inventive,base,FC26
277465,Technical,base,FC26
277478,Intercept,base,FC26
277482,Technical,base,FC26
277483,Intercept,base,FC26
277483,Inventive,base,FC26
277483,Technical,base,FC26
277499,Block,base,FC26
277516,Anticipate,base,FC26
277524,Aerial Fortress,base,FC26
277540,Anticipate,base,FC26
277549,Gamechanger,base,FC26
277549,Quick Step,base,FC26
277549,Technical,base,FC26
277568,Aerial Fortress,base,FC26
277568,Precision Header,base,FC26
277581,Enforcer,base,FC26
277581,Precision Header,base,FC26
277593,Block,base,FC26
277594,Dead Ball,base,FC26
277594,Gamechanger,base,FC26
277594,Technical,base,FC26
277594,Trickster,base,FC26
277598,Aerial Fortress,base,FC26
277598,Bruiser,base,FC26
277618,Press Proven,base,FC26
277618,Quick Step,base,FC26
277626,Low Driven Shot,base,FC26
277643,Finesse Shot,base,FC26
277643,First Touch,base,FC26
277643,Gamechanger,base,FC26
277643,Incisive Pass,base,FC26
277643,Inventive,base,FC26
277643,Quick Step,base,FC26
277643,Technical,plus,FC26
277663,Gamechanger,base,FC26
277689,Enforcer,base,FC26
277689,Power Shot,base,FC26
277771,Aerial Fortress,base,FC26
277771,Long Ball Pass,base,FC26
277782,Quick Step,base,FC26
277782,Technical,base,FC26
277786,Intercept,base,FC26
277797,Chip Shot,base,FC26
277797,Gamechanger,base,FC26
277805,Long Throw,base,FC26
277806,Aerial Fortress,base,FC26
277806,Bruiser,base,FC26
277806,Precision Header,base,FC26
277807,Aerial Fortress,base,FC26
277807,Intercept,base,FC26
277832,Gamechanger,base,FC26
277835,Long Throw,base,FC26
277835,Press Proven,base,FC26
277839,Enforcer,base,FC26
277840,Precision Header,base,FC26
277846,Finesse Shot,base,FC26
277846,Incisive Pass,base,FC26
277846,Inventive,base,FC26
277846,Technical,base,FC26
277864,Jockey,base,FC26
277864,Pinged Pass,base,FC26
277864,Slide Tackle,base,FC26
277869,Long Throw,base,FC26
277870,Jockey,base,FC26
277887,Anticipate,base,FC26
277897,Incisive Pass,base,FC26
277901,Rapid,base,FC26
277901,Relentless,base,FC26
277909,Finesse Shot,base,FC26
277909,Incisive Pass,base,FC26
277912,Gamechanger,base,FC26
277930,Slide Tackle,base,FC26
277943,Anticipate,base,FC26
277954,Gamechanger,base,FC26
277954,Incisive Pass,base,FC26
277954,Technical,base,FC26
277954,Whipped Pass,base,FC26
277975,Low Driven Shot,base,FC26
277976,Intercept,base,FC26
278012,Gamechanger,base,FC26
278012,Press Proven,base,FC26
278012,Quick Step,base,FC26
278016,Block,base,FC26
278016,Bruiser,base,FC26
278016,Intercept,base,FC26
278016,Long Ball Pass,base,FC26
278020,Precision Header,base,FC26
278030,Incisive Pass,base,FC26
278030,Press Proven,base,FC26
278035,Gamechanger,base,FC26
278035,Inventive,base,FC26
278035,Rapid,base,FC26
278040,Intercept,base,FC26
278040,Long Ball Pass,base,FC26
278046,Long Ball Pass,base,FC26
278069,Dead Ball,base,FC26
278069,Finesse Shot,base,FC26
278069,Incisive Pass,base,FC26
278069,Technical,base,FC26
278086,Long Ball Pass,base,FC26
278086,Precision Header,base,FC26
278096,Anticipate,base,FC26
278096,Incisive Pass,base,FC26
278096,Intercept,base,FC26
278096,Jockey,base,FC26
278145,Cross Claimer,base,FC26
278168,Long Ball Pass,base,FC26
278186,Enforcer,base,FC26
278187,Aerial Fortress,base,FC26
278190,Long Throw,base,FC26
278286,Block,base,FC26
278305,Intercept,base,FC26
278318,Aerial Fortress,base,FC26
278318,Dead Ball,base,FC26
278318,Intercept,base,FC26
278349,Aerial Fortress,base,FC26
278349,Block,base,FC26
278349,Long Ball Pass,base,FC26
278349,Slide Tackle,base,FC26
278354,Anticipate,base,FC26
278359,Anticipate,base,FC26
278359,Inventive,base,FC26
278359,Jockey,base,FC26
278464,Aerial Fortress,base,FC26
278554,Cross Claimer,base,FC26
278628,Slide Tackle,base,FC26
278660,Quick Step,base,FC26
278773,Press Proven,base,FC26
278893,Enforcer,base,FC26
278901,Technical,base,FC26
278928,Quick Step,base,FC26
278966,Finesse Shot,base,FC26
278966,Incisive Pass,base,FC26
278999,Chip Shot,base,FC26
279015,Inventive,base,FC26
279044,Incisive Pass,base,FC26
279044,Inventive,base,FC26
279044,Technical,base,FC26
279044,Whipped Pass,base,FC26
279064,Jockey,base,FC26
279116,Gamechanger,base,FC26
279116,Low Driven Shot,base,FC26
279116,Technical,base,FC26
279124,Press Proven,base,FC26
279173,Dead Ball,base,FC26
279239,Quick Step,base,FC26
279239,Technical,base,FC26
279490,Aerial Fortress,base,FC26
279497,Incisive Pass,base,FC26
279497,Technical,base,FC26
279543,Jockey,base,FC26
279604,Relentless,base,FC26
279641,Long Ball Pass,base,FC26
279709,Pinged Pass,base,FC26
279709,Slide Tackle,base,FC26
279710,Intercept,base,FC26
279711,Low Driven Shot,base,FC26
279713,Aerial Fortress,base,FC26
279713,Long Ball Pass,base,FC26
279731,Jockey,base,FC26
279738,Aerial Fortress,base,FC26
279857,Precision Header,base,FC26
279881,Tiki Taka,base,FC26
279925,Rapid,base,FC26
279928,Block,base,FC26
279932,Enforcer,base,FC26
